# T[K]-P[bar] grid
# logT = [  2.50,  7.50,101]
# logP = [ -4.00,  9.00,101]
   1.0000000000000000E-010   316.227766016837933199889354443271860      
   1.3489628825916532E-010   316.227766016837933199889354443271860      
   1.8197008586099827E-010   316.227766016837933199889354443271860      
   2.4547089156850315E-010   316.227766016837933199889354443271860      
   3.3113112148259112E-010   316.227766016837933199889354443271860      
   4.4668359215096305E-010   316.227766016837933199889354443271860      
   6.0255958607435815E-010   316.227766016837933199889354443271860      
   8.1283051616409944E-010   316.227766016837933199889354443271860      
   1.0964781961431852E-009   316.227766016837933199889354443271860      
   1.4791083881682072E-009   316.227766016837933199889354443271860      
   1.9952623149688791E-009   316.227766016837933199889354443271860      
   2.6915348039269167E-009   316.227766016837933199889354443271860      
   3.6307805477010139E-009   316.227766016837933199889354443271860      
   4.8977881936844609E-009   316.227766016837933199889354443271860      
   6.6069344800759643E-009   316.227766016837933199889354443271860      
   8.9125093813374596E-009   316.227766016837933199889354443271860      
   1.2022644346174132E-008   316.227766016837933199889354443271860      
   1.6218100973589300E-008   316.227766016837933199889354443271860      
   2.1877616239495521E-008   316.227766016837933199889354443271860      
   2.9512092266663871E-008   316.227766016837933199889354443271860      
   3.9810717055349736E-008   316.227766016837933199889354443271860      
   5.3703179637025271E-008   316.227766016837933199889354443271860      
   7.2443596007499061E-008   316.227766016837933199889354443271860      
   9.7723722095581110E-008   316.227766016837933199889354443271860      
   1.3182567385564072E-007   316.227766016837933199889354443271860      
   1.7782794100389230E-007   316.227766016837933199889354443271860      
   2.3988329190194898E-007   316.227766016837933199889354443271860      
   3.2359365692962843E-007   316.227766016837933199889354443271860      
   4.3651583224016610E-007   316.227766016837933199889354443271860      
   5.8884365535558903E-007   316.227766016837933199889354443271860      
   7.9432823472428220E-007   316.227766016837933199889354443271860      
   1.0715193052376070E-006   316.227766016837933199889354443271860      
   1.4454397707459279E-006   316.227766016837933199889354443271860      
   1.9498445997580454E-006   316.227766016837933199889354443271860      
   2.6302679918953812E-006   316.227766016837933199889354443271860      
   3.5481338923357534E-006   316.227766016837933199889354443271860      
   4.7863009232263809E-006   316.227766016837933199889354443271860      
   6.4565422903465625E-006   316.227766016837933199889354443271860      
   8.7096358995608141E-006   316.227766016837933199889354443271860      
   1.1748975549395302E-005   316.227766016837933199889354443271860      
   1.5848931924611141E-005   316.227766016837933199889354443271860      
   2.1379620895022323E-005   316.227766016837933199889354443271860      
   2.8840315031266060E-005   316.227766016837933199889354443271860      
   3.8904514499428046E-005   316.227766016837933199889354443271860      
   5.2480746024977334E-005   316.227766016837933199889354443271860      
   7.0794578438413880E-005   316.227766016837933199889354443271860      
   9.5499258602143688E-005   316.227766016837933199889354443271860      
   1.2882495516931347E-004   316.227766016837933199889354443271860      
   1.7378008287493763E-004   316.227766016837933199889354443271860      
   2.3442288153199226E-004   316.227766016837933199889354443271860      
   3.1622776601683794E-004   316.227766016837933199889354443271860      
   4.2657951880159252E-004   316.227766016837933199889354443271860      
   5.7543993733715664E-004   316.227766016837933199889354443271860      
   7.7624711662869280E-004   316.227766016837933199889354443271860      
   1.0471285480509007E-003   316.227766016837933199889354443271860      
   1.4125375446227555E-003   316.227766016837933199889354443271860      
   1.9054607179632482E-003   316.227766016837933199889354443271860      
   2.5703957827688645E-003   316.227766016837933199889354443271860      
   3.4673685045253171E-003   316.227766016837933199889354443271860      
   4.6773514128719811E-003   316.227766016837933199889354443271860      
   6.3095734448019433E-003   316.227766016837933199889354443271860      
   8.5113803820237779E-003   316.227766016837933199889354443271860      
   1.1481536214968840E-002   316.227766016837933199889354443271860      
   1.5488166189124795E-002   316.227766016837933199889354443271860      
   2.0892961308540410E-002   316.227766016837933199889354443271860      
   2.8183829312644609E-002   316.227766016837933199889354443271860      
   3.8018939632056131E-002   316.227766016837933199889354443271860      
   5.1286138399136587E-002   316.227766016837933199889354443271860      
   6.9183097091893617E-002   316.227766016837933199889354443271860      
   9.3325430079699248E-002   316.227766016837933199889354443271860      
  0.12589254117941662        316.227766016837933199889354443271860      
  0.16982436524617459        316.227766016837933199889354443271860      
  0.22908676527677702        316.227766016837933199889354443271860      
  0.30902954325135917        316.227766016837933199889354443271860      
  0.41686938347033636        316.227766016837933199889354443271860      
  0.56234132519034918        316.227766016837933199889354443271860      
  0.75857757502918510        316.227766016837933199889354443271860      
   1.0232929922807537        316.227766016837933199889354443271860      
   1.3803842646028868        316.227766016837933199889354443271860      
   1.8620871366628655        316.227766016837933199889354443271860      
   2.5118864315095824        316.227766016837933199889354443271860      
   3.3884415613920345        316.227766016837933199889354443271860      
   4.5708818961487516        316.227766016837933199889354443271860      
   6.1659500186148355        316.227766016837933199889354443271860      
   8.3176377110267090        316.227766016837933199889354443271860      
   11.220184543019652        316.227766016837933199889354443271860      
   15.135612484362071        316.227766016837933199889354443271860      
   20.417379446695318        316.227766016837933199889354443271860      
   27.542287033381744        316.227766016837933199889354443271860      
   37.153522909717275        316.227766016837933199889354443271860      
   50.118723362727351        316.227766016837933199889354443271860      
   67.608297539198190        316.227766016837933199889354443271860      
   91.201083935591143        316.227766016837933199889354443271860      
   123.02687708123811        316.227766016837933199889354443271860      
   165.95869074375631        316.227766016837933199889354443271860      
   223.87211385683378        316.227766016837933199889354443271860      
   301.99517204020191        316.227766016837933199889354443271860      
   407.38027780411386        316.227766016837933199889354443271860      
   549.54087385762477        316.227766016837933199889354443271860      
   741.31024130091919        316.227766016837933199889354443271860      
   1000.0000000000000        316.227766016837933199889354443271860      
   1.0000000000000000E-010   354.813389233575458433218702264490479      
   1.3489628825916532E-010   354.813389233575458433218702264490479      
   1.8197008586099827E-010   354.813389233575458433218702264490479      
   2.4547089156850315E-010   354.813389233575458433218702264490479      
   3.3113112148259112E-010   354.813389233575458433218702264490479      
   4.4668359215096305E-010   354.813389233575458433218702264490479      
   6.0255958607435815E-010   354.813389233575458433218702264490479      
   8.1283051616409944E-010   354.813389233575458433218702264490479      
   1.0964781961431852E-009   354.813389233575458433218702264490479      
   1.4791083881682072E-009   354.813389233575458433218702264490479      
   1.9952623149688791E-009   354.813389233575458433218702264490479      
   2.6915348039269167E-009   354.813389233575458433218702264490479      
   3.6307805477010139E-009   354.813389233575458433218702264490479      
   4.8977881936844609E-009   354.813389233575458433218702264490479      
   6.6069344800759643E-009   354.813389233575458433218702264490479      
   8.9125093813374596E-009   354.813389233575458433218702264490479      
   1.2022644346174132E-008   354.813389233575458433218702264490479      
   1.6218100973589300E-008   354.813389233575458433218702264490479      
   2.1877616239495521E-008   354.813389233575458433218702264490479      
   2.9512092266663871E-008   354.813389233575458433218702264490479      
   3.9810717055349736E-008   354.813389233575458433218702264490479      
   5.3703179637025271E-008   354.813389233575458433218702264490479      
   7.2443596007499061E-008   354.813389233575458433218702264490479      
   9.7723722095581110E-008   354.813389233575458433218702264490479      
   1.3182567385564072E-007   354.813389233575458433218702264490479      
   1.7782794100389230E-007   354.813389233575458433218702264490479      
   2.3988329190194898E-007   354.813389233575458433218702264490479      
   3.2359365692962843E-007   354.813389233575458433218702264490479      
   4.3651583224016610E-007   354.813389233575458433218702264490479      
   5.8884365535558903E-007   354.813389233575458433218702264490479      
   7.9432823472428220E-007   354.813389233575458433218702264490479      
   1.0715193052376070E-006   354.813389233575458433218702264490479      
   1.4454397707459279E-006   354.813389233575458433218702264490479      
   1.9498445997580454E-006   354.813389233575458433218702264490479      
   2.6302679918953812E-006   354.813389233575458433218702264490479      
   3.5481338923357534E-006   354.813389233575458433218702264490479      
   4.7863009232263809E-006   354.813389233575458433218702264490479      
   6.4565422903465625E-006   354.813389233575458433218702264490479      
   8.7096358995608141E-006   354.813389233575458433218702264490479      
   1.1748975549395302E-005   354.813389233575458433218702264490479      
   1.5848931924611141E-005   354.813389233575458433218702264490479      
   2.1379620895022323E-005   354.813389233575458433218702264490479      
   2.8840315031266060E-005   354.813389233575458433218702264490479      
   3.8904514499428046E-005   354.813389233575458433218702264490479      
   5.2480746024977334E-005   354.813389233575458433218702264490479      
   7.0794578438413880E-005   354.813389233575458433218702264490479      
   9.5499258602143688E-005   354.813389233575458433218702264490479      
   1.2882495516931347E-004   354.813389233575458433218702264490479      
   1.7378008287493763E-004   354.813389233575458433218702264490479      
   2.3442288153199226E-004   354.813389233575458433218702264490479      
   3.1622776601683794E-004   354.813389233575458433218702264490479      
   4.2657951880159252E-004   354.813389233575458433218702264490479      
   5.7543993733715664E-004   354.813389233575458433218702264490479      
   7.7624711662869280E-004   354.813389233575458433218702264490479      
   1.0471285480509007E-003   354.813389233575458433218702264490479      
   1.4125375446227555E-003   354.813389233575458433218702264490479      
   1.9054607179632482E-003   354.813389233575458433218702264490479      
   2.5703957827688645E-003   354.813389233575458433218702264490479      
   3.4673685045253171E-003   354.813389233575458433218702264490479      
   4.6773514128719811E-003   354.813389233575458433218702264490479      
   6.3095734448019433E-003   354.813389233575458433218702264490479      
   8.5113803820237779E-003   354.813389233575458433218702264490479      
   1.1481536214968840E-002   354.813389233575458433218702264490479      
   1.5488166189124795E-002   354.813389233575458433218702264490479      
   2.0892961308540410E-002   354.813389233575458433218702264490479      
   2.8183829312644609E-002   354.813389233575458433218702264490479      
   3.8018939632056131E-002   354.813389233575458433218702264490479      
   5.1286138399136587E-002   354.813389233575458433218702264490479      
   6.9183097091893617E-002   354.813389233575458433218702264490479      
   9.3325430079699248E-002   354.813389233575458433218702264490479      
  0.12589254117941662        354.813389233575458433218702264490479      
  0.16982436524617459        354.813389233575458433218702264490479      
  0.22908676527677702        354.813389233575458433218702264490479      
  0.30902954325135917        354.813389233575458433218702264490479      
  0.41686938347033636        354.813389233575458433218702264490479      
  0.56234132519034918        354.813389233575458433218702264490479      
  0.75857757502918510        354.813389233575458433218702264490479      
   1.0232929922807537        354.813389233575458433218702264490479      
   1.3803842646028868        354.813389233575458433218702264490479      
   1.8620871366628655        354.813389233575458433218702264490479      
   2.5118864315095824        354.813389233575458433218702264490479      
   3.3884415613920345        354.813389233575458433218702264490479      
   4.5708818961487516        354.813389233575458433218702264490479      
   6.1659500186148355        354.813389233575458433218702264490479      
   8.3176377110267090        354.813389233575458433218702264490479      
   11.220184543019652        354.813389233575458433218702264490479      
   15.135612484362071        354.813389233575458433218702264490479      
   20.417379446695318        354.813389233575458433218702264490479      
   27.542287033381744        354.813389233575458433218702264490479      
   37.153522909717275        354.813389233575458433218702264490479      
   50.118723362727351        354.813389233575458433218702264490479      
   67.608297539198190        354.813389233575458433218702264490479      
   91.201083935591143        354.813389233575458433218702264490479      
   123.02687708123811        354.813389233575458433218702264490479      
   165.95869074375631        354.813389233575458433218702264490479      
   223.87211385683378        354.813389233575458433218702264490479      
   301.99517204020191        354.813389233575458433218702264490479      
   407.38027780411386        354.813389233575458433218702264490479      
   549.54087385762477        354.813389233575458433218702264490479      
   741.31024130091919        354.813389233575458433218702264490479      
   1000.0000000000000        354.813389233575458433218702264490479      
   1.0000000000000000E-010   398.107170553497250770252305087752117      
   1.3489628825916532E-010   398.107170553497250770252305087752117      
   1.8197008586099827E-010   398.107170553497250770252305087752117      
   2.4547089156850315E-010   398.107170553497250770252305087752117      
   3.3113112148259112E-010   398.107170553497250770252305087752117      
   4.4668359215096305E-010   398.107170553497250770252305087752117      
   6.0255958607435815E-010   398.107170553497250770252305087752117      
   8.1283051616409944E-010   398.107170553497250770252305087752117      
   1.0964781961431852E-009   398.107170553497250770252305087752117      
   1.4791083881682072E-009   398.107170553497250770252305087752117      
   1.9952623149688791E-009   398.107170553497250770252305087752117      
   2.6915348039269167E-009   398.107170553497250770252305087752117      
   3.6307805477010139E-009   398.107170553497250770252305087752117      
   4.8977881936844609E-009   398.107170553497250770252305087752117      
   6.6069344800759643E-009   398.107170553497250770252305087752117      
   8.9125093813374596E-009   398.107170553497250770252305087752117      
   1.2022644346174132E-008   398.107170553497250770252305087752117      
   1.6218100973589300E-008   398.107170553497250770252305087752117      
   2.1877616239495521E-008   398.107170553497250770252305087752117      
   2.9512092266663871E-008   398.107170553497250770252305087752117      
   3.9810717055349736E-008   398.107170553497250770252305087752117      
   5.3703179637025271E-008   398.107170553497250770252305087752117      
   7.2443596007499061E-008   398.107170553497250770252305087752117      
   9.7723722095581110E-008   398.107170553497250770252305087752117      
   1.3182567385564072E-007   398.107170553497250770252305087752117      
   1.7782794100389230E-007   398.107170553497250770252305087752117      
   2.3988329190194898E-007   398.107170553497250770252305087752117      
   3.2359365692962843E-007   398.107170553497250770252305087752117      
   4.3651583224016610E-007   398.107170553497250770252305087752117      
   5.8884365535558903E-007   398.107170553497250770252305087752117      
   7.9432823472428220E-007   398.107170553497250770252305087752117      
   1.0715193052376070E-006   398.107170553497250770252305087752117      
   1.4454397707459279E-006   398.107170553497250770252305087752117      
   1.9498445997580454E-006   398.107170553497250770252305087752117      
   2.6302679918953812E-006   398.107170553497250770252305087752117      
   3.5481338923357534E-006   398.107170553497250770252305087752117      
   4.7863009232263809E-006   398.107170553497250770252305087752117      
   6.4565422903465625E-006   398.107170553497250770252305087752117      
   8.7096358995608141E-006   398.107170553497250770252305087752117      
   1.1748975549395302E-005   398.107170553497250770252305087752117      
   1.5848931924611141E-005   398.107170553497250770252305087752117      
   2.1379620895022323E-005   398.107170553497250770252305087752117      
   2.8840315031266060E-005   398.107170553497250770252305087752117      
   3.8904514499428046E-005   398.107170553497250770252305087752117      
   5.2480746024977334E-005   398.107170553497250770252305087752117      
   7.0794578438413880E-005   398.107170553497250770252305087752117      
   9.5499258602143688E-005   398.107170553497250770252305087752117      
   1.2882495516931347E-004   398.107170553497250770252305087752117      
   1.7378008287493763E-004   398.107170553497250770252305087752117      
   2.3442288153199226E-004   398.107170553497250770252305087752117      
   3.1622776601683794E-004   398.107170553497250770252305087752117      
   4.2657951880159252E-004   398.107170553497250770252305087752117      
   5.7543993733715664E-004   398.107170553497250770252305087752117      
   7.7624711662869280E-004   398.107170553497250770252305087752117      
   1.0471285480509007E-003   398.107170553497250770252305087752117      
   1.4125375446227555E-003   398.107170553497250770252305087752117      
   1.9054607179632482E-003   398.107170553497250770252305087752117      
   2.5703957827688645E-003   398.107170553497250770252305087752117      
   3.4673685045253171E-003   398.107170553497250770252305087752117      
   4.6773514128719811E-003   398.107170553497250770252305087752117      
   6.3095734448019433E-003   398.107170553497250770252305087752117      
   8.5113803820237779E-003   398.107170553497250770252305087752117      
   1.1481536214968840E-002   398.107170553497250770252305087752117      
   1.5488166189124795E-002   398.107170553497250770252305087752117      
   2.0892961308540410E-002   398.107170553497250770252305087752117      
   2.8183829312644609E-002   398.107170553497250770252305087752117      
   3.8018939632056131E-002   398.107170553497250770252305087752117      
   5.1286138399136587E-002   398.107170553497250770252305087752117      
   6.9183097091893617E-002   398.107170553497250770252305087752117      
   9.3325430079699248E-002   398.107170553497250770252305087752117      
  0.12589254117941662        398.107170553497250770252305087752117      
  0.16982436524617459        398.107170553497250770252305087752117      
  0.22908676527677702        398.107170553497250770252305087752117      
  0.30902954325135917        398.107170553497250770252305087752117      
  0.41686938347033636        398.107170553497250770252305087752117      
  0.56234132519034918        398.107170553497250770252305087752117      
  0.75857757502918510        398.107170553497250770252305087752117      
   1.0232929922807537        398.107170553497250770252305087752117      
   1.3803842646028868        398.107170553497250770252305087752117      
   1.8620871366628655        398.107170553497250770252305087752117      
   2.5118864315095824        398.107170553497250770252305087752117      
   3.3884415613920345        398.107170553497250770252305087752117      
   4.5708818961487516        398.107170553497250770252305087752117      
   6.1659500186148355        398.107170553497250770252305087752117      
   8.3176377110267090        398.107170553497250770252305087752117      
   11.220184543019652        398.107170553497250770252305087752117      
   15.135612484362071        398.107170553497250770252305087752117      
   20.417379446695318        398.107170553497250770252305087752117      
   27.542287033381744        398.107170553497250770252305087752117      
   37.153522909717275        398.107170553497250770252305087752117      
   50.118723362727351        398.107170553497250770252305087752117      
   67.608297539198190        398.107170553497250770252305087752117      
   91.201083935591143        398.107170553497250770252305087752117      
   123.02687708123811        398.107170553497250770252305087752117      
   165.95869074375631        398.107170553497250770252305087752117      
   223.87211385683378        398.107170553497250770252305087752117      
   301.99517204020191        398.107170553497250770252305087752117      
   407.38027780411386        398.107170553497250770252305087752117      
   549.54087385762477        398.107170553497250770252305087752117      
   741.31024130091919        398.107170553497250770252305087752117      
   1000.0000000000000        398.107170553497250770252305087752117      
   1.0000000000000000E-010   446.683592150963118556250524319376542      
   1.3489628825916532E-010   446.683592150963118556250524319376542      
   1.8197008586099827E-010   446.683592150963118556250524319376542      
   2.4547089156850315E-010   446.683592150963118556250524319376542      
   3.3113112148259112E-010   446.683592150963118556250524319376542      
   4.4668359215096305E-010   446.683592150963118556250524319376542      
   6.0255958607435815E-010   446.683592150963118556250524319376542      
   8.1283051616409944E-010   446.683592150963118556250524319376542      
   1.0964781961431852E-009   446.683592150963118556250524319376542      
   1.4791083881682072E-009   446.683592150963118556250524319376542      
   1.9952623149688791E-009   446.683592150963118556250524319376542      
   2.6915348039269167E-009   446.683592150963118556250524319376542      
   3.6307805477010139E-009   446.683592150963118556250524319376542      
   4.8977881936844609E-009   446.683592150963118556250524319376542      
   6.6069344800759643E-009   446.683592150963118556250524319376542      
   8.9125093813374596E-009   446.683592150963118556250524319376542      
   1.2022644346174132E-008   446.683592150963118556250524319376542      
   1.6218100973589300E-008   446.683592150963118556250524319376542      
   2.1877616239495521E-008   446.683592150963118556250524319376542      
   2.9512092266663871E-008   446.683592150963118556250524319376542      
   3.9810717055349736E-008   446.683592150963118556250524319376542      
   5.3703179637025271E-008   446.683592150963118556250524319376542      
   7.2443596007499061E-008   446.683592150963118556250524319376542      
   9.7723722095581110E-008   446.683592150963118556250524319376542      
   1.3182567385564072E-007   446.683592150963118556250524319376542      
   1.7782794100389230E-007   446.683592150963118556250524319376542      
   2.3988329190194898E-007   446.683592150963118556250524319376542      
   3.2359365692962843E-007   446.683592150963118556250524319376542      
   4.3651583224016610E-007   446.683592150963118556250524319376542      
   5.8884365535558903E-007   446.683592150963118556250524319376542      
   7.9432823472428220E-007   446.683592150963118556250524319376542      
   1.0715193052376070E-006   446.683592150963118556250524319376542      
   1.4454397707459279E-006   446.683592150963118556250524319376542      
   1.9498445997580454E-006   446.683592150963118556250524319376542      
   2.6302679918953812E-006   446.683592150963118556250524319376542      
   3.5481338923357534E-006   446.683592150963118556250524319376542      
   4.7863009232263809E-006   446.683592150963118556250524319376542      
   6.4565422903465625E-006   446.683592150963118556250524319376542      
   8.7096358995608141E-006   446.683592150963118556250524319376542      
   1.1748975549395302E-005   446.683592150963118556250524319376542      
   1.5848931924611141E-005   446.683592150963118556250524319376542      
   2.1379620895022323E-005   446.683592150963118556250524319376542      
   2.8840315031266060E-005   446.683592150963118556250524319376542      
   3.8904514499428046E-005   446.683592150963118556250524319376542      
   5.2480746024977334E-005   446.683592150963118556250524319376542      
   7.0794578438413880E-005   446.683592150963118556250524319376542      
   9.5499258602143688E-005   446.683592150963118556250524319376542      
   1.2882495516931347E-004   446.683592150963118556250524319376542      
   1.7378008287493763E-004   446.683592150963118556250524319376542      
   2.3442288153199226E-004   446.683592150963118556250524319376542      
   3.1622776601683794E-004   446.683592150963118556250524319376542      
   4.2657951880159252E-004   446.683592150963118556250524319376542      
   5.7543993733715664E-004   446.683592150963118556250524319376542      
   7.7624711662869280E-004   446.683592150963118556250524319376542      
   1.0471285480509007E-003   446.683592150963118556250524319376542      
   1.4125375446227555E-003   446.683592150963118556250524319376542      
   1.9054607179632482E-003   446.683592150963118556250524319376542      
   2.5703957827688645E-003   446.683592150963118556250524319376542      
   3.4673685045253171E-003   446.683592150963118556250524319376542      
   4.6773514128719811E-003   446.683592150963118556250524319376542      
   6.3095734448019433E-003   446.683592150963118556250524319376542      
   8.5113803820237779E-003   446.683592150963118556250524319376542      
   1.1481536214968840E-002   446.683592150963118556250524319376542      
   1.5488166189124795E-002   446.683592150963118556250524319376542      
   2.0892961308540410E-002   446.683592150963118556250524319376542      
   2.8183829312644609E-002   446.683592150963118556250524319376542      
   3.8018939632056131E-002   446.683592150963118556250524319376542      
   5.1286138399136587E-002   446.683592150963118556250524319376542      
   6.9183097091893617E-002   446.683592150963118556250524319376542      
   9.3325430079699248E-002   446.683592150963118556250524319376542      
  0.12589254117941662        446.683592150963118556250524319376542      
  0.16982436524617459        446.683592150963118556250524319376542      
  0.22908676527677702        446.683592150963118556250524319376542      
  0.30902954325135917        446.683592150963118556250524319376542      
  0.41686938347033636        446.683592150963118556250524319376542      
  0.56234132519034918        446.683592150963118556250524319376542      
  0.75857757502918510        446.683592150963118556250524319376542      
   1.0232929922807537        446.683592150963118556250524319376542      
   1.3803842646028868        446.683592150963118556250524319376542      
   1.8620871366628655        446.683592150963118556250524319376542      
   2.5118864315095824        446.683592150963118556250524319376542      
   3.3884415613920345        446.683592150963118556250524319376542      
   4.5708818961487516        446.683592150963118556250524319376542      
   6.1659500186148355        446.683592150963118556250524319376542      
   8.3176377110267090        446.683592150963118556250524319376542      
   11.220184543019652        446.683592150963118556250524319376542      
   15.135612484362071        446.683592150963118556250524319376542      
   20.417379446695318        446.683592150963118556250524319376542      
   27.542287033381744        446.683592150963118556250524319376542      
   37.153522909717275        446.683592150963118556250524319376542      
   50.118723362727351        446.683592150963118556250524319376542      
   67.608297539198190        446.683592150963118556250524319376542      
   91.201083935591143        446.683592150963118556250524319376542      
   123.02687708123811        446.683592150963118556250524319376542      
   165.95869074375631        446.683592150963118556250524319376542      
   223.87211385683378        446.683592150963118556250524319376542      
   301.99517204020191        446.683592150963118556250524319376542      
   407.38027780411386        446.683592150963118556250524319376542      
   549.54087385762477        446.683592150963118556250524319376542      
   741.31024130091919        446.683592150963118556250524319376542      
   1000.0000000000000        446.683592150963118556250524319376542      
   1.0000000000000000E-010   501.187233627272285001554186884945956      
   1.3489628825916532E-010   501.187233627272285001554186884945956      
   1.8197008586099827E-010   501.187233627272285001554186884945956      
   2.4547089156850315E-010   501.187233627272285001554186884945956      
   3.3113112148259112E-010   501.187233627272285001554186884945956      
   4.4668359215096305E-010   501.187233627272285001554186884945956      
   6.0255958607435815E-010   501.187233627272285001554186884945956      
   8.1283051616409944E-010   501.187233627272285001554186884945956      
   1.0964781961431852E-009   501.187233627272285001554186884945956      
   1.4791083881682072E-009   501.187233627272285001554186884945956      
   1.9952623149688791E-009   501.187233627272285001554186884945956      
   2.6915348039269167E-009   501.187233627272285001554186884945956      
   3.6307805477010139E-009   501.187233627272285001554186884945956      
   4.8977881936844609E-009   501.187233627272285001554186884945956      
   6.6069344800759643E-009   501.187233627272285001554186884945956      
   8.9125093813374596E-009   501.187233627272285001554186884945956      
   1.2022644346174132E-008   501.187233627272285001554186884945956      
   1.6218100973589300E-008   501.187233627272285001554186884945956      
   2.1877616239495521E-008   501.187233627272285001554186884945956      
   2.9512092266663871E-008   501.187233627272285001554186884945956      
   3.9810717055349736E-008   501.187233627272285001554186884945956      
   5.3703179637025271E-008   501.187233627272285001554186884945956      
   7.2443596007499061E-008   501.187233627272285001554186884945956      
   9.7723722095581110E-008   501.187233627272285001554186884945956      
   1.3182567385564072E-007   501.187233627272285001554186884945956      
   1.7782794100389230E-007   501.187233627272285001554186884945956      
   2.3988329190194898E-007   501.187233627272285001554186884945956      
   3.2359365692962843E-007   501.187233627272285001554186884945956      
   4.3651583224016610E-007   501.187233627272285001554186884945956      
   5.8884365535558903E-007   501.187233627272285001554186884945956      
   7.9432823472428220E-007   501.187233627272285001554186884945956      
   1.0715193052376070E-006   501.187233627272285001554186884945956      
   1.4454397707459279E-006   501.187233627272285001554186884945956      
   1.9498445997580454E-006   501.187233627272285001554186884945956      
   2.6302679918953812E-006   501.187233627272285001554186884945956      
   3.5481338923357534E-006   501.187233627272285001554186884945956      
   4.7863009232263809E-006   501.187233627272285001554186884945956      
   6.4565422903465625E-006   501.187233627272285001554186884945956      
   8.7096358995608141E-006   501.187233627272285001554186884945956      
   1.1748975549395302E-005   501.187233627272285001554186884945956      
   1.5848931924611141E-005   501.187233627272285001554186884945956      
   2.1379620895022323E-005   501.187233627272285001554186884945956      
   2.8840315031266060E-005   501.187233627272285001554186884945956      
   3.8904514499428046E-005   501.187233627272285001554186884945956      
   5.2480746024977334E-005   501.187233627272285001554186884945956      
   7.0794578438413880E-005   501.187233627272285001554186884945956      
   9.5499258602143688E-005   501.187233627272285001554186884945956      
   1.2882495516931347E-004   501.187233627272285001554186884945956      
   1.7378008287493763E-004   501.187233627272285001554186884945956      
   2.3442288153199226E-004   501.187233627272285001554186884945956      
   3.1622776601683794E-004   501.187233627272285001554186884945956      
   4.2657951880159252E-004   501.187233627272285001554186884945956      
   5.7543993733715664E-004   501.187233627272285001554186884945956      
   7.7624711662869280E-004   501.187233627272285001554186884945956      
   1.0471285480509007E-003   501.187233627272285001554186884945956      
   1.4125375446227555E-003   501.187233627272285001554186884945956      
   1.9054607179632482E-003   501.187233627272285001554186884945956      
   2.5703957827688645E-003   501.187233627272285001554186884945956      
   3.4673685045253171E-003   501.187233627272285001554186884945956      
   4.6773514128719811E-003   501.187233627272285001554186884945956      
   6.3095734448019433E-003   501.187233627272285001554186884945956      
   8.5113803820237779E-003   501.187233627272285001554186884945956      
   1.1481536214968840E-002   501.187233627272285001554186884945956      
   1.5488166189124795E-002   501.187233627272285001554186884945956      
   2.0892961308540410E-002   501.187233627272285001554186884945956      
   2.8183829312644609E-002   501.187233627272285001554186884945956      
   3.8018939632056131E-002   501.187233627272285001554186884945956      
   5.1286138399136587E-002   501.187233627272285001554186884945956      
   6.9183097091893617E-002   501.187233627272285001554186884945956      
   9.3325430079699248E-002   501.187233627272285001554186884945956      
  0.12589254117941662        501.187233627272285001554186884945956      
  0.16982436524617459        501.187233627272285001554186884945956      
  0.22908676527677702        501.187233627272285001554186884945956      
  0.30902954325135917        501.187233627272285001554186884945956      
  0.41686938347033636        501.187233627272285001554186884945956      
  0.56234132519034918        501.187233627272285001554186884945956      
  0.75857757502918510        501.187233627272285001554186884945956      
   1.0232929922807537        501.187233627272285001554186884945956      
   1.3803842646028868        501.187233627272285001554186884945956      
   1.8620871366628655        501.187233627272285001554186884945956      
   2.5118864315095824        501.187233627272285001554186884945956      
   3.3884415613920345        501.187233627272285001554186884945956      
   4.5708818961487516        501.187233627272285001554186884945956      
   6.1659500186148355        501.187233627272285001554186884945956      
   8.3176377110267090        501.187233627272285001554186884945956      
   11.220184543019652        501.187233627272285001554186884945956      
   15.135612484362071        501.187233627272285001554186884945956      
   20.417379446695318        501.187233627272285001554186884945956      
   27.542287033381744        501.187233627272285001554186884945956      
   37.153522909717275        501.187233627272285001554186884945956      
   50.118723362727351        501.187233627272285001554186884945956      
   67.608297539198190        501.187233627272285001554186884945956      
   91.201083935591143        501.187233627272285001554186884945956      
   123.02687708123811        501.187233627272285001554186884945956      
   165.95869074375631        501.187233627272285001554186884945956      
   223.87211385683378        501.187233627272285001554186884945956      
   301.99517204020191        501.187233627272285001554186884945956      
   407.38027780411386        501.187233627272285001554186884945956      
   549.54087385762477        501.187233627272285001554186884945956      
   741.31024130091919        501.187233627272285001554186884945956      
   1000.0000000000000        501.187233627272285001554186884945956      
   1.0000000000000000E-010   562.341325190349080394951039776481208      
   1.3489628825916532E-010   562.341325190349080394951039776481208      
   1.8197008586099827E-010   562.341325190349080394951039776481208      
   2.4547089156850315E-010   562.341325190349080394951039776481208      
   3.3113112148259112E-010   562.341325190349080394951039776481208      
   4.4668359215096305E-010   562.341325190349080394951039776481208      
   6.0255958607435815E-010   562.341325190349080394951039776481208      
   8.1283051616409944E-010   562.341325190349080394951039776481208      
   1.0964781961431852E-009   562.341325190349080394951039776481208      
   1.4791083881682072E-009   562.341325190349080394951039776481208      
   1.9952623149688791E-009   562.341325190349080394951039776481208      
   2.6915348039269167E-009   562.341325190349080394951039776481208      
   3.6307805477010139E-009   562.341325190349080394951039776481208      
   4.8977881936844609E-009   562.341325190349080394951039776481208      
   6.6069344800759643E-009   562.341325190349080394951039776481208      
   8.9125093813374596E-009   562.341325190349080394951039776481208      
   1.2022644346174132E-008   562.341325190349080394951039776481208      
   1.6218100973589300E-008   562.341325190349080394951039776481208      
   2.1877616239495521E-008   562.341325190349080394951039776481208      
   2.9512092266663871E-008   562.341325190349080394951039776481208      
   3.9810717055349736E-008   562.341325190349080394951039776481208      
   5.3703179637025271E-008   562.341325190349080394951039776481208      
   7.2443596007499061E-008   562.341325190349080394951039776481208      
   9.7723722095581110E-008   562.341325190349080394951039776481208      
   1.3182567385564072E-007   562.341325190349080394951039776481208      
   1.7782794100389230E-007   562.341325190349080394951039776481208      
   2.3988329190194898E-007   562.341325190349080394951039776481208      
   3.2359365692962843E-007   562.341325190349080394951039776481208      
   4.3651583224016610E-007   562.341325190349080394951039776481208      
   5.8884365535558903E-007   562.341325190349080394951039776481208      
   7.9432823472428220E-007   562.341325190349080394951039776481208      
   1.0715193052376070E-006   562.341325190349080394951039776481208      
   1.4454397707459279E-006   562.341325190349080394951039776481208      
   1.9498445997580454E-006   562.341325190349080394951039776481208      
   2.6302679918953812E-006   562.341325190349080394951039776481208      
   3.5481338923357534E-006   562.341325190349080394951039776481208      
   4.7863009232263809E-006   562.341325190349080394951039776481208      
   6.4565422903465625E-006   562.341325190349080394951039776481208      
   8.7096358995608141E-006   562.341325190349080394951039776481208      
   1.1748975549395302E-005   562.341325190349080394951039776481208      
   1.5848931924611141E-005   562.341325190349080394951039776481208      
   2.1379620895022323E-005   562.341325190349080394951039776481208      
   2.8840315031266060E-005   562.341325190349080394951039776481208      
   3.8904514499428046E-005   562.341325190349080394951039776481208      
   5.2480746024977334E-005   562.341325190349080394951039776481208      
   7.0794578438413880E-005   562.341325190349080394951039776481208      
   9.5499258602143688E-005   562.341325190349080394951039776481208      
   1.2882495516931347E-004   562.341325190349080394951039776481208      
   1.7378008287493763E-004   562.341325190349080394951039776481208      
   2.3442288153199226E-004   562.341325190349080394951039776481208      
   3.1622776601683794E-004   562.341325190349080394951039776481208      
   4.2657951880159252E-004   562.341325190349080394951039776481208      
   5.7543993733715664E-004   562.341325190349080394951039776481208      
   7.7624711662869280E-004   562.341325190349080394951039776481208      
   1.0471285480509007E-003   562.341325190349080394951039776481208      
   1.4125375446227555E-003   562.341325190349080394951039776481208      
   1.9054607179632482E-003   562.341325190349080394951039776481208      
   2.5703957827688645E-003   562.341325190349080394951039776481208      
   3.4673685045253171E-003   562.341325190349080394951039776481208      
   4.6773514128719811E-003   562.341325190349080394951039776481208      
   6.3095734448019433E-003   562.341325190349080394951039776481208      
   8.5113803820237779E-003   562.341325190349080394951039776481208      
   1.1481536214968840E-002   562.341325190349080394951039776481208      
   1.5488166189124795E-002   562.341325190349080394951039776481208      
   2.0892961308540410E-002   562.341325190349080394951039776481208      
   2.8183829312644609E-002   562.341325190349080394951039776481208      
   3.8018939632056131E-002   562.341325190349080394951039776481208      
   5.1286138399136587E-002   562.341325190349080394951039776481208      
   6.9183097091893617E-002   562.341325190349080394951039776481208      
   9.3325430079699248E-002   562.341325190349080394951039776481208      
  0.12589254117941662        562.341325190349080394951039776481208      
  0.16982436524617459        562.341325190349080394951039776481208      
  0.22908676527677702        562.341325190349080394951039776481208      
  0.30902954325135917        562.341325190349080394951039776481208      
  0.41686938347033636        562.341325190349080394951039776481208      
  0.56234132519034918        562.341325190349080394951039776481208      
  0.75857757502918510        562.341325190349080394951039776481208      
   1.0232929922807537        562.341325190349080394951039776481208      
   1.3803842646028868        562.341325190349080394951039776481208      
   1.8620871366628655        562.341325190349080394951039776481208      
   2.5118864315095824        562.341325190349080394951039776481208      
   3.3884415613920345        562.341325190349080394951039776481208      
   4.5708818961487516        562.341325190349080394951039776481208      
   6.1659500186148355        562.341325190349080394951039776481208      
   8.3176377110267090        562.341325190349080394951039776481208      
   11.220184543019652        562.341325190349080394951039776481208      
   15.135612484362071        562.341325190349080394951039776481208      
   20.417379446695318        562.341325190349080394951039776481208      
   27.542287033381744        562.341325190349080394951039776481208      
   37.153522909717275        562.341325190349080394951039776481208      
   50.118723362727351        562.341325190349080394951039776481208      
   67.608297539198190        562.341325190349080394951039776481208      
   91.201083935591143        562.341325190349080394951039776481208      
   123.02687708123811        562.341325190349080394951039776481208      
   165.95869074375631        562.341325190349080394951039776481208      
   223.87211385683378        562.341325190349080394951039776481208      
   301.99517204020191        562.341325190349080394951039776481208      
   407.38027780411386        562.341325190349080394951039776481208      
   549.54087385762477        562.341325190349080394951039776481208      
   741.31024130091919        562.341325190349080394951039776481208      
   1000.0000000000000        562.341325190349080394951039776481208      
   1.0000000000000000E-010   630.957344480193249434360136622343641      
   1.3489628825916532E-010   630.957344480193249434360136622343641      
   1.8197008586099827E-010   630.957344480193249434360136622343641      
   2.4547089156850315E-010   630.957344480193249434360136622343641      
   3.3113112148259112E-010   630.957344480193249434360136622343641      
   4.4668359215096305E-010   630.957344480193249434360136622343641      
   6.0255958607435815E-010   630.957344480193249434360136622343641      
   8.1283051616409944E-010   630.957344480193249434360136622343641      
   1.0964781961431852E-009   630.957344480193249434360136622343641      
   1.4791083881682072E-009   630.957344480193249434360136622343641      
   1.9952623149688791E-009   630.957344480193249434360136622343641      
   2.6915348039269167E-009   630.957344480193249434360136622343641      
   3.6307805477010139E-009   630.957344480193249434360136622343641      
   4.8977881936844609E-009   630.957344480193249434360136622343641      
   6.6069344800759643E-009   630.957344480193249434360136622343641      
   8.9125093813374596E-009   630.957344480193249434360136622343641      
   1.2022644346174132E-008   630.957344480193249434360136622343641      
   1.6218100973589300E-008   630.957344480193249434360136622343641      
   2.1877616239495521E-008   630.957344480193249434360136622343641      
   2.9512092266663871E-008   630.957344480193249434360136622343641      
   3.9810717055349736E-008   630.957344480193249434360136622343641      
   5.3703179637025271E-008   630.957344480193249434360136622343641      
   7.2443596007499061E-008   630.957344480193249434360136622343641      
   9.7723722095581110E-008   630.957344480193249434360136622343641      
   1.3182567385564072E-007   630.957344480193249434360136622343641      
   1.7782794100389230E-007   630.957344480193249434360136622343641      
   2.3988329190194898E-007   630.957344480193249434360136622343641      
   3.2359365692962843E-007   630.957344480193249434360136622343641      
   4.3651583224016610E-007   630.957344480193249434360136622343641      
   5.8884365535558903E-007   630.957344480193249434360136622343641      
   7.9432823472428220E-007   630.957344480193249434360136622343641      
   1.0715193052376070E-006   630.957344480193249434360136622343641      
   1.4454397707459279E-006   630.957344480193249434360136622343641      
   1.9498445997580454E-006   630.957344480193249434360136622343641      
   2.6302679918953812E-006   630.957344480193249434360136622343641      
   3.5481338923357534E-006   630.957344480193249434360136622343641      
   4.7863009232263809E-006   630.957344480193249434360136622343641      
   6.4565422903465625E-006   630.957344480193249434360136622343641      
   8.7096358995608141E-006   630.957344480193249434360136622343641      
   1.1748975549395302E-005   630.957344480193249434360136622343641      
   1.5848931924611141E-005   630.957344480193249434360136622343641      
   2.1379620895022323E-005   630.957344480193249434360136622343641      
   2.8840315031266060E-005   630.957344480193249434360136622343641      
   3.8904514499428046E-005   630.957344480193249434360136622343641      
   5.2480746024977334E-005   630.957344480193249434360136622343641      
   7.0794578438413880E-005   630.957344480193249434360136622343641      
   9.5499258602143688E-005   630.957344480193249434360136622343641      
   1.2882495516931347E-004   630.957344480193249434360136622343641      
   1.7378008287493763E-004   630.957344480193249434360136622343641      
   2.3442288153199226E-004   630.957344480193249434360136622343641      
   3.1622776601683794E-004   630.957344480193249434360136622343641      
   4.2657951880159252E-004   630.957344480193249434360136622343641      
   5.7543993733715664E-004   630.957344480193249434360136622343641      
   7.7624711662869280E-004   630.957344480193249434360136622343641      
   1.0471285480509007E-003   630.957344480193249434360136622343641      
   1.4125375446227555E-003   630.957344480193249434360136622343641      
   1.9054607179632482E-003   630.957344480193249434360136622343641      
   2.5703957827688645E-003   630.957344480193249434360136622343641      
   3.4673685045253171E-003   630.957344480193249434360136622343641      
   4.6773514128719811E-003   630.957344480193249434360136622343641      
   6.3095734448019433E-003   630.957344480193249434360136622343641      
   8.5113803820237779E-003   630.957344480193249434360136622343641      
   1.1481536214968840E-002   630.957344480193249434360136622343641      
   1.5488166189124795E-002   630.957344480193249434360136622343641      
   2.0892961308540410E-002   630.957344480193249434360136622343641      
   2.8183829312644609E-002   630.957344480193249434360136622343641      
   3.8018939632056131E-002   630.957344480193249434360136622343641      
   5.1286138399136587E-002   630.957344480193249434360136622343641      
   6.9183097091893617E-002   630.957344480193249434360136622343641      
   9.3325430079699248E-002   630.957344480193249434360136622343641      
  0.12589254117941662        630.957344480193249434360136622343641      
  0.16982436524617459        630.957344480193249434360136622343641      
  0.22908676527677702        630.957344480193249434360136622343641      
  0.30902954325135917        630.957344480193249434360136622343641      
  0.41686938347033636        630.957344480193249434360136622343641      
  0.56234132519034918        630.957344480193249434360136622343641      
  0.75857757502918510        630.957344480193249434360136622343641      
   1.0232929922807537        630.957344480193249434360136622343641      
   1.3803842646028868        630.957344480193249434360136622343641      
   1.8620871366628655        630.957344480193249434360136622343641      
   2.5118864315095824        630.957344480193249434360136622343641      
   3.3884415613920345        630.957344480193249434360136622343641      
   4.5708818961487516        630.957344480193249434360136622343641      
   6.1659500186148355        630.957344480193249434360136622343641      
   8.3176377110267090        630.957344480193249434360136622343641      
   11.220184543019652        630.957344480193249434360136622343641      
   15.135612484362071        630.957344480193249434360136622343641      
   20.417379446695318        630.957344480193249434360136622343641      
   27.542287033381744        630.957344480193249434360136622343641      
   37.153522909717275        630.957344480193249434360136622343641      
   50.118723362727351        630.957344480193249434360136622343641      
   67.608297539198190        630.957344480193249434360136622343641      
   91.201083935591143        630.957344480193249434360136622343641      
   123.02687708123811        630.957344480193249434360136622343641      
   165.95869074375631        630.957344480193249434360136622343641      
   223.87211385683378        630.957344480193249434360136622343641      
   301.99517204020191        630.957344480193249434360136622343641      
   407.38027780411386        630.957344480193249434360136622343641      
   549.54087385762477        630.957344480193249434360136622343641      
   741.31024130091919        630.957344480193249434360136622343641      
   1000.0000000000000        630.957344480193249434360136622343641      
   1.0000000000000000E-010   707.945784384137910802214942189312803      
   1.3489628825916532E-010   707.945784384137910802214942189312803      
   1.8197008586099827E-010   707.945784384137910802214942189312803      
   2.4547089156850315E-010   707.945784384137910802214942189312803      
   3.3113112148259112E-010   707.945784384137910802214942189312803      
   4.4668359215096305E-010   707.945784384137910802214942189312803      
   6.0255958607435815E-010   707.945784384137910802214942189312803      
   8.1283051616409944E-010   707.945784384137910802214942189312803      
   1.0964781961431852E-009   707.945784384137910802214942189312803      
   1.4791083881682072E-009   707.945784384137910802214942189312803      
   1.9952623149688791E-009   707.945784384137910802214942189312803      
   2.6915348039269167E-009   707.945784384137910802214942189312803      
   3.6307805477010139E-009   707.945784384137910802214942189312803      
   4.8977881936844609E-009   707.945784384137910802214942189312803      
   6.6069344800759643E-009   707.945784384137910802214942189312803      
   8.9125093813374596E-009   707.945784384137910802214942189312803      
   1.2022644346174132E-008   707.945784384137910802214942189312803      
   1.6218100973589300E-008   707.945784384137910802214942189312803      
   2.1877616239495521E-008   707.945784384137910802214942189312803      
   2.9512092266663871E-008   707.945784384137910802214942189312803      
   3.9810717055349736E-008   707.945784384137910802214942189312803      
   5.3703179637025271E-008   707.945784384137910802214942189312803      
   7.2443596007499061E-008   707.945784384137910802214942189312803      
   9.7723722095581110E-008   707.945784384137910802214942189312803      
   1.3182567385564072E-007   707.945784384137910802214942189312803      
   1.7782794100389230E-007   707.945784384137910802214942189312803      
   2.3988329190194898E-007   707.945784384137910802214942189312803      
   3.2359365692962843E-007   707.945784384137910802214942189312803      
   4.3651583224016610E-007   707.945784384137910802214942189312803      
   5.8884365535558903E-007   707.945784384137910802214942189312803      
   7.9432823472428220E-007   707.945784384137910802214942189312803      
   1.0715193052376070E-006   707.945784384137910802214942189312803      
   1.4454397707459279E-006   707.945784384137910802214942189312803      
   1.9498445997580454E-006   707.945784384137910802214942189312803      
   2.6302679918953812E-006   707.945784384137910802214942189312803      
   3.5481338923357534E-006   707.945784384137910802214942189312803      
   4.7863009232263809E-006   707.945784384137910802214942189312803      
   6.4565422903465625E-006   707.945784384137910802214942189312803      
   8.7096358995608141E-006   707.945784384137910802214942189312803      
   1.1748975549395302E-005   707.945784384137910802214942189312803      
   1.5848931924611141E-005   707.945784384137910802214942189312803      
   2.1379620895022323E-005   707.945784384137910802214942189312803      
   2.8840315031266060E-005   707.945784384137910802214942189312803      
   3.8904514499428046E-005   707.945784384137910802214942189312803      
   5.2480746024977334E-005   707.945784384137910802214942189312803      
   7.0794578438413880E-005   707.945784384137910802214942189312803      
   9.5499258602143688E-005   707.945784384137910802214942189312803      
   1.2882495516931347E-004   707.945784384137910802214942189312803      
   1.7378008287493763E-004   707.945784384137910802214942189312803      
   2.3442288153199226E-004   707.945784384137910802214942189312803      
   3.1622776601683794E-004   707.945784384137910802214942189312803      
   4.2657951880159252E-004   707.945784384137910802214942189312803      
   5.7543993733715664E-004   707.945784384137910802214942189312803      
   7.7624711662869280E-004   707.945784384137910802214942189312803      
   1.0471285480509007E-003   707.945784384137910802214942189312803      
   1.4125375446227555E-003   707.945784384137910802214942189312803      
   1.9054607179632482E-003   707.945784384137910802214942189312803      
   2.5703957827688645E-003   707.945784384137910802214942189312803      
   3.4673685045253171E-003   707.945784384137910802214942189312803      
   4.6773514128719811E-003   707.945784384137910802214942189312803      
   6.3095734448019433E-003   707.945784384137910802214942189312803      
   8.5113803820237779E-003   707.945784384137910802214942189312803      
   1.1481536214968840E-002   707.945784384137910802214942189312803      
   1.5488166189124795E-002   707.945784384137910802214942189312803      
   2.0892961308540410E-002   707.945784384137910802214942189312803      
   2.8183829312644609E-002   707.945784384137910802214942189312803      
   3.8018939632056131E-002   707.945784384137910802214942189312803      
   5.1286138399136587E-002   707.945784384137910802214942189312803      
   6.9183097091893617E-002   707.945784384137910802214942189312803      
   9.3325430079699248E-002   707.945784384137910802214942189312803      
  0.12589254117941662        707.945784384137910802214942189312803      
  0.16982436524617459        707.945784384137910802214942189312803      
  0.22908676527677702        707.945784384137910802214942189312803      
  0.30902954325135917        707.945784384137910802214942189312803      
  0.41686938347033636        707.945784384137910802214942189312803      
  0.56234132519034918        707.945784384137910802214942189312803      
  0.75857757502918510        707.945784384137910802214942189312803      
   1.0232929922807537        707.945784384137910802214942189312803      
   1.3803842646028868        707.945784384137910802214942189312803      
   1.8620871366628655        707.945784384137910802214942189312803      
   2.5118864315095824        707.945784384137910802214942189312803      
   3.3884415613920345        707.945784384137910802214942189312803      
   4.5708818961487516        707.945784384137910802214942189312803      
   6.1659500186148355        707.945784384137910802214942189312803      
   8.3176377110267090        707.945784384137910802214942189312803      
   11.220184543019652        707.945784384137910802214942189312803      
   15.135612484362071        707.945784384137910802214942189312803      
   20.417379446695318        707.945784384137910802214942189312803      
   27.542287033381744        707.945784384137910802214942189312803      
   37.153522909717275        707.945784384137910802214942189312803      
   50.118723362727351        707.945784384137910802214942189312803      
   67.608297539198190        707.945784384137910802214942189312803      
   91.201083935591143        707.945784384137910802214942189312803      
   123.02687708123811        707.945784384137910802214942189312803      
   165.95869074375631        707.945784384137910802214942189312803      
   223.87211385683378        707.945784384137910802214942189312803      
   301.99517204020191        707.945784384137910802214942189312803      
   407.38027780411386        707.945784384137910802214942189312803      
   549.54087385762477        707.945784384137910802214942189312803      
   741.31024130091919        707.945784384137910802214942189312803      
   1000.0000000000000        707.945784384137910802214942189312803      
   1.0000000000000000E-010   794.328234724281502065918282836387746      
   1.3489628825916532E-010   794.328234724281502065918282836387746      
   1.8197008586099827E-010   794.328234724281502065918282836387746      
   2.4547089156850315E-010   794.328234724281502065918282836387746      
   3.3113112148259112E-010   794.328234724281502065918282836387746      
   4.4668359215096305E-010   794.328234724281502065918282836387746      
   6.0255958607435815E-010   794.328234724281502065918282836387746      
   8.1283051616409944E-010   794.328234724281502065918282836387746      
   1.0964781961431852E-009   794.328234724281502065918282836387746      
   1.4791083881682072E-009   794.328234724281502065918282836387746      
   1.9952623149688791E-009   794.328234724281502065918282836387746      
   2.6915348039269167E-009   794.328234724281502065918282836387746      
   3.6307805477010139E-009   794.328234724281502065918282836387746      
   4.8977881936844609E-009   794.328234724281502065918282836387746      
   6.6069344800759643E-009   794.328234724281502065918282836387746      
   8.9125093813374596E-009   794.328234724281502065918282836387746      
   1.2022644346174132E-008   794.328234724281502065918282836387746      
   1.6218100973589300E-008   794.328234724281502065918282836387746      
   2.1877616239495521E-008   794.328234724281502065918282836387746      
   2.9512092266663871E-008   794.328234724281502065918282836387746      
   3.9810717055349736E-008   794.328234724281502065918282836387746      
   5.3703179637025271E-008   794.328234724281502065918282836387746      
   7.2443596007499061E-008   794.328234724281502065918282836387746      
   9.7723722095581110E-008   794.328234724281502065918282836387746      
   1.3182567385564072E-007   794.328234724281502065918282836387746      
   1.7782794100389230E-007   794.328234724281502065918282836387746      
   2.3988329190194898E-007   794.328234724281502065918282836387746      
   3.2359365692962843E-007   794.328234724281502065918282836387746      
   4.3651583224016610E-007   794.328234724281502065918282836387746      
   5.8884365535558903E-007   794.328234724281502065918282836387746      
   7.9432823472428220E-007   794.328234724281502065918282836387746      
   1.0715193052376070E-006   794.328234724281502065918282836387746      
   1.4454397707459279E-006   794.328234724281502065918282836387746      
   1.9498445997580454E-006   794.328234724281502065918282836387746      
   2.6302679918953812E-006   794.328234724281502065918282836387746      
   3.5481338923357534E-006   794.328234724281502065918282836387746      
   4.7863009232263809E-006   794.328234724281502065918282836387746      
   6.4565422903465625E-006   794.328234724281502065918282836387746      
   8.7096358995608141E-006   794.328234724281502065918282836387746      
   1.1748975549395302E-005   794.328234724281502065918282836387746      
   1.5848931924611141E-005   794.328234724281502065918282836387746      
   2.1379620895022323E-005   794.328234724281502065918282836387746      
   2.8840315031266060E-005   794.328234724281502065918282836387746      
   3.8904514499428046E-005   794.328234724281502065918282836387746      
   5.2480746024977334E-005   794.328234724281502065918282836387746      
   7.0794578438413880E-005   794.328234724281502065918282836387746      
   9.5499258602143688E-005   794.328234724281502065918282836387746      
   1.2882495516931347E-004   794.328234724281502065918282836387746      
   1.7378008287493763E-004   794.328234724281502065918282836387746      
   2.3442288153199226E-004   794.328234724281502065918282836387746      
   3.1622776601683794E-004   794.328234724281502065918282836387746      
   4.2657951880159252E-004   794.328234724281502065918282836387746      
   5.7543993733715664E-004   794.328234724281502065918282836387746      
   7.7624711662869280E-004   794.328234724281502065918282836387746      
   1.0471285480509007E-003   794.328234724281502065918282836387746      
   1.4125375446227555E-003   794.328234724281502065918282836387746      
   1.9054607179632482E-003   794.328234724281502065918282836387746      
   2.5703957827688645E-003   794.328234724281502065918282836387746      
   3.4673685045253171E-003   794.328234724281502065918282836387746      
   4.6773514128719811E-003   794.328234724281502065918282836387746      
   6.3095734448019433E-003   794.328234724281502065918282836387746      
   8.5113803820237779E-003   794.328234724281502065918282836387746      
   1.1481536214968840E-002   794.328234724281502065918282836387746      
   1.5488166189124795E-002   794.328234724281502065918282836387746      
   2.0892961308540410E-002   794.328234724281502065918282836387746      
   2.8183829312644609E-002   794.328234724281502065918282836387746      
   3.8018939632056131E-002   794.328234724281502065918282836387746      
   5.1286138399136587E-002   794.328234724281502065918282836387746      
   6.9183097091893617E-002   794.328234724281502065918282836387746      
   9.3325430079699248E-002   794.328234724281502065918282836387746      
  0.12589254117941662        794.328234724281502065918282836387746      
  0.16982436524617459        794.328234724281502065918282836387746      
  0.22908676527677702        794.328234724281502065918282836387746      
  0.30902954325135917        794.328234724281502065918282836387746      
  0.41686938347033636        794.328234724281502065918282836387746      
  0.56234132519034918        794.328234724281502065918282836387746      
  0.75857757502918510        794.328234724281502065918282836387746      
   1.0232929922807537        794.328234724281502065918282836387746      
   1.3803842646028868        794.328234724281502065918282836387746      
   1.8620871366628655        794.328234724281502065918282836387746      
   2.5118864315095824        794.328234724281502065918282836387746      
   3.3884415613920345        794.328234724281502065918282836387746      
   4.5708818961487516        794.328234724281502065918282836387746      
   6.1659500186148355        794.328234724281502065918282836387746      
   8.3176377110267090        794.328234724281502065918282836387746      
   11.220184543019652        794.328234724281502065918282836387746      
   15.135612484362071        794.328234724281502065918282836387746      
   20.417379446695318        794.328234724281502065918282836387746      
   27.542287033381744        794.328234724281502065918282836387746      
   37.153522909717275        794.328234724281502065918282836387746      
   50.118723362727351        794.328234724281502065918282836387746      
   67.608297539198190        794.328234724281502065918282836387746      
   91.201083935591143        794.328234724281502065918282836387746      
   123.02687708123811        794.328234724281502065918282836387746      
   165.95869074375631        794.328234724281502065918282836387746      
   223.87211385683378        794.328234724281502065918282836387746      
   301.99517204020191        794.328234724281502065918282836387746      
   407.38027780411386        794.328234724281502065918282836387746      
   549.54087385762477        794.328234724281502065918282836387746      
   741.31024130091919        794.328234724281502065918282836387746      
   1000.0000000000000        794.328234724281502065918282836387746      
   1.0000000000000000E-010   891.250938133745529953108681078297302      
   1.3489628825916532E-010   891.250938133745529953108681078297302      
   1.8197008586099827E-010   891.250938133745529953108681078297302      
   2.4547089156850315E-010   891.250938133745529953108681078297302      
   3.3113112148259112E-010   891.250938133745529953108681078297302      
   4.4668359215096305E-010   891.250938133745529953108681078297302      
   6.0255958607435815E-010   891.250938133745529953108681078297302      
   8.1283051616409944E-010   891.250938133745529953108681078297302      
   1.0964781961431852E-009   891.250938133745529953108681078297302      
   1.4791083881682072E-009   891.250938133745529953108681078297302      
   1.9952623149688791E-009   891.250938133745529953108681078297302      
   2.6915348039269167E-009   891.250938133745529953108681078297302      
   3.6307805477010139E-009   891.250938133745529953108681078297302      
   4.8977881936844609E-009   891.250938133745529953108681078297302      
   6.6069344800759643E-009   891.250938133745529953108681078297302      
   8.9125093813374596E-009   891.250938133745529953108681078297302      
   1.2022644346174132E-008   891.250938133745529953108681078297302      
   1.6218100973589300E-008   891.250938133745529953108681078297302      
   2.1877616239495521E-008   891.250938133745529953108681078297302      
   2.9512092266663871E-008   891.250938133745529953108681078297302      
   3.9810717055349736E-008   891.250938133745529953108681078297302      
   5.3703179637025271E-008   891.250938133745529953108681078297302      
   7.2443596007499061E-008   891.250938133745529953108681078297302      
   9.7723722095581110E-008   891.250938133745529953108681078297302      
   1.3182567385564072E-007   891.250938133745529953108681078297302      
   1.7782794100389230E-007   891.250938133745529953108681078297302      
   2.3988329190194898E-007   891.250938133745529953108681078297302      
   3.2359365692962843E-007   891.250938133745529953108681078297302      
   4.3651583224016610E-007   891.250938133745529953108681078297302      
   5.8884365535558903E-007   891.250938133745529953108681078297302      
   7.9432823472428220E-007   891.250938133745529953108681078297302      
   1.0715193052376070E-006   891.250938133745529953108681078297302      
   1.4454397707459279E-006   891.250938133745529953108681078297302      
   1.9498445997580454E-006   891.250938133745529953108681078297302      
   2.6302679918953812E-006   891.250938133745529953108681078297302      
   3.5481338923357534E-006   891.250938133745529953108681078297302      
   4.7863009232263809E-006   891.250938133745529953108681078297302      
   6.4565422903465625E-006   891.250938133745529953108681078297302      
   8.7096358995608141E-006   891.250938133745529953108681078297302      
   1.1748975549395302E-005   891.250938133745529953108681078297302      
   1.5848931924611141E-005   891.250938133745529953108681078297302      
   2.1379620895022323E-005   891.250938133745529953108681078297302      
   2.8840315031266060E-005   891.250938133745529953108681078297302      
   3.8904514499428046E-005   891.250938133745529953108681078297302      
   5.2480746024977334E-005   891.250938133745529953108681078297302      
   7.0794578438413880E-005   891.250938133745529953108681078297302      
   9.5499258602143688E-005   891.250938133745529953108681078297302      
   1.2882495516931347E-004   891.250938133745529953108681078297302      
   1.7378008287493763E-004   891.250938133745529953108681078297302      
   2.3442288153199226E-004   891.250938133745529953108681078297302      
   3.1622776601683794E-004   891.250938133745529953108681078297302      
   4.2657951880159252E-004   891.250938133745529953108681078297302      
   5.7543993733715664E-004   891.250938133745529953108681078297302      
   7.7624711662869280E-004   891.250938133745529953108681078297302      
   1.0471285480509007E-003   891.250938133745529953108681078297302      
   1.4125375446227555E-003   891.250938133745529953108681078297302      
   1.9054607179632482E-003   891.250938133745529953108681078297302      
   2.5703957827688645E-003   891.250938133745529953108681078297302      
   3.4673685045253171E-003   891.250938133745529953108681078297302      
   4.6773514128719811E-003   891.250938133745529953108681078297302      
   6.3095734448019433E-003   891.250938133745529953108681078297302      
   8.5113803820237779E-003   891.250938133745529953108681078297302      
   1.1481536214968840E-002   891.250938133745529953108681078297302      
   1.5488166189124795E-002   891.250938133745529953108681078297302      
   2.0892961308540410E-002   891.250938133745529953108681078297302      
   2.8183829312644609E-002   891.250938133745529953108681078297302      
   3.8018939632056131E-002   891.250938133745529953108681078297302      
   5.1286138399136587E-002   891.250938133745529953108681078297302      
   6.9183097091893617E-002   891.250938133745529953108681078297302      
   9.3325430079699248E-002   891.250938133745529953108681078297302      
  0.12589254117941662        891.250938133745529953108681078297302      
  0.16982436524617459        891.250938133745529953108681078297302      
  0.22908676527677702        891.250938133745529953108681078297302      
  0.30902954325135917        891.250938133745529953108681078297302      
  0.41686938347033636        891.250938133745529953108681078297302      
  0.56234132519034918        891.250938133745529953108681078297302      
  0.75857757502918510        891.250938133745529953108681078297302      
   1.0232929922807537        891.250938133745529953108681078297302      
   1.3803842646028868        891.250938133745529953108681078297302      
   1.8620871366628655        891.250938133745529953108681078297302      
   2.5118864315095824        891.250938133745529953108681078297302      
   3.3884415613920345        891.250938133745529953108681078297302      
   4.5708818961487516        891.250938133745529953108681078297302      
   6.1659500186148355        891.250938133745529953108681078297302      
   8.3176377110267090        891.250938133745529953108681078297302      
   11.220184543019652        891.250938133745529953108681078297302      
   15.135612484362071        891.250938133745529953108681078297302      
   20.417379446695318        891.250938133745529953108681078297302      
   27.542287033381744        891.250938133745529953108681078297302      
   37.153522909717275        891.250938133745529953108681078297302      
   50.118723362727351        891.250938133745529953108681078297302      
   67.608297539198190        891.250938133745529953108681078297302      
   91.201083935591143        891.250938133745529953108681078297302      
   123.02687708123811        891.250938133745529953108681078297302      
   165.95869074375631        891.250938133745529953108681078297302      
   223.87211385683378        891.250938133745529953108681078297302      
   301.99517204020191        891.250938133745529953108681078297302      
   407.38027780411386        891.250938133745529953108681078297302      
   549.54087385762477        891.250938133745529953108681078297302      
   741.31024130091919        891.250938133745529953108681078297302      
   1000.0000000000000        891.250938133745529953108681078297302      
   1.0000000000000000E-010   1000.00000000000000000000000000000000      
   1.3489628825916532E-010   1000.00000000000000000000000000000000      
   1.8197008586099827E-010   1000.00000000000000000000000000000000      
   2.4547089156850315E-010   1000.00000000000000000000000000000000      
   3.3113112148259112E-010   1000.00000000000000000000000000000000      
   4.4668359215096305E-010   1000.00000000000000000000000000000000      
   6.0255958607435815E-010   1000.00000000000000000000000000000000      
   8.1283051616409944E-010   1000.00000000000000000000000000000000      
   1.0964781961431852E-009   1000.00000000000000000000000000000000      
   1.4791083881682072E-009   1000.00000000000000000000000000000000      
   1.9952623149688791E-009   1000.00000000000000000000000000000000      
   2.6915348039269167E-009   1000.00000000000000000000000000000000      
   3.6307805477010139E-009   1000.00000000000000000000000000000000      
   4.8977881936844609E-009   1000.00000000000000000000000000000000      
   6.6069344800759643E-009   1000.00000000000000000000000000000000      
   8.9125093813374596E-009   1000.00000000000000000000000000000000      
   1.2022644346174132E-008   1000.00000000000000000000000000000000      
   1.6218100973589300E-008   1000.00000000000000000000000000000000      
   2.1877616239495521E-008   1000.00000000000000000000000000000000      
   2.9512092266663871E-008   1000.00000000000000000000000000000000      
   3.9810717055349736E-008   1000.00000000000000000000000000000000      
   5.3703179637025271E-008   1000.00000000000000000000000000000000      
   7.2443596007499061E-008   1000.00000000000000000000000000000000      
   9.7723722095581110E-008   1000.00000000000000000000000000000000      
   1.3182567385564072E-007   1000.00000000000000000000000000000000      
   1.7782794100389230E-007   1000.00000000000000000000000000000000      
   2.3988329190194898E-007   1000.00000000000000000000000000000000      
   3.2359365692962843E-007   1000.00000000000000000000000000000000      
   4.3651583224016610E-007   1000.00000000000000000000000000000000      
   5.8884365535558903E-007   1000.00000000000000000000000000000000      
   7.9432823472428220E-007   1000.00000000000000000000000000000000      
   1.0715193052376070E-006   1000.00000000000000000000000000000000      
   1.4454397707459279E-006   1000.00000000000000000000000000000000      
   1.9498445997580454E-006   1000.00000000000000000000000000000000      
   2.6302679918953812E-006   1000.00000000000000000000000000000000      
   3.5481338923357534E-006   1000.00000000000000000000000000000000      
   4.7863009232263809E-006   1000.00000000000000000000000000000000      
   6.4565422903465625E-006   1000.00000000000000000000000000000000      
   8.7096358995608141E-006   1000.00000000000000000000000000000000      
   1.1748975549395302E-005   1000.00000000000000000000000000000000      
   1.5848931924611141E-005   1000.00000000000000000000000000000000      
   2.1379620895022323E-005   1000.00000000000000000000000000000000      
   2.8840315031266060E-005   1000.00000000000000000000000000000000      
   3.8904514499428046E-005   1000.00000000000000000000000000000000      
   5.2480746024977334E-005   1000.00000000000000000000000000000000      
   7.0794578438413880E-005   1000.00000000000000000000000000000000      
   9.5499258602143688E-005   1000.00000000000000000000000000000000      
   1.2882495516931347E-004   1000.00000000000000000000000000000000      
   1.7378008287493763E-004   1000.00000000000000000000000000000000      
   2.3442288153199226E-004   1000.00000000000000000000000000000000      
   3.1622776601683794E-004   1000.00000000000000000000000000000000      
   4.2657951880159252E-004   1000.00000000000000000000000000000000      
   5.7543993733715664E-004   1000.00000000000000000000000000000000      
   7.7624711662869280E-004   1000.00000000000000000000000000000000      
   1.0471285480509007E-003   1000.00000000000000000000000000000000      
   1.4125375446227555E-003   1000.00000000000000000000000000000000      
   1.9054607179632482E-003   1000.00000000000000000000000000000000      
   2.5703957827688645E-003   1000.00000000000000000000000000000000      
   3.4673685045253171E-003   1000.00000000000000000000000000000000      
   4.6773514128719811E-003   1000.00000000000000000000000000000000      
   6.3095734448019433E-003   1000.00000000000000000000000000000000      
   8.5113803820237779E-003   1000.00000000000000000000000000000000      
   1.1481536214968840E-002   1000.00000000000000000000000000000000      
   1.5488166189124795E-002   1000.00000000000000000000000000000000      
   2.0892961308540410E-002   1000.00000000000000000000000000000000      
   2.8183829312644609E-002   1000.00000000000000000000000000000000      
   3.8018939632056131E-002   1000.00000000000000000000000000000000      
   5.1286138399136587E-002   1000.00000000000000000000000000000000      
   6.9183097091893617E-002   1000.00000000000000000000000000000000      
   9.3325430079699248E-002   1000.00000000000000000000000000000000      
  0.12589254117941662        1000.00000000000000000000000000000000      
  0.16982436524617459        1000.00000000000000000000000000000000      
  0.22908676527677702        1000.00000000000000000000000000000000      
  0.30902954325135917        1000.00000000000000000000000000000000      
  0.41686938347033636        1000.00000000000000000000000000000000      
  0.56234132519034918        1000.00000000000000000000000000000000      
  0.75857757502918510        1000.00000000000000000000000000000000      
   1.0232929922807537        1000.00000000000000000000000000000000      
   1.3803842646028868        1000.00000000000000000000000000000000      
   1.8620871366628655        1000.00000000000000000000000000000000      
   2.5118864315095824        1000.00000000000000000000000000000000      
   3.3884415613920345        1000.00000000000000000000000000000000      
   4.5708818961487516        1000.00000000000000000000000000000000      
   6.1659500186148355        1000.00000000000000000000000000000000      
   8.3176377110267090        1000.00000000000000000000000000000000      
   11.220184543019652        1000.00000000000000000000000000000000      
   15.135612484362071        1000.00000000000000000000000000000000      
   20.417379446695318        1000.00000000000000000000000000000000      
   27.542287033381744        1000.00000000000000000000000000000000      
   37.153522909717275        1000.00000000000000000000000000000000      
   50.118723362727351        1000.00000000000000000000000000000000      
   67.608297539198190        1000.00000000000000000000000000000000      
   91.201083935591143        1000.00000000000000000000000000000000      
   123.02687708123811        1000.00000000000000000000000000000000      
   165.95869074375631        1000.00000000000000000000000000000000      
   223.87211385683378        1000.00000000000000000000000000000000      
   301.99517204020191        1000.00000000000000000000000000000000      
   407.38027780411386        1000.00000000000000000000000000000000      
   549.54087385762477        1000.00000000000000000000000000000000      
   741.31024130091919        1000.00000000000000000000000000000000      
   1000.0000000000000        1000.00000000000000000000000000000000      
   1.0000000000000000E-010   1122.01845430196343559103894647790537      
   1.3489628825916532E-010   1122.01845430196343559103894647790537      
   1.8197008586099827E-010   1122.01845430196343559103894647790537      
   2.4547089156850315E-010   1122.01845430196343559103894647790537      
   3.3113112148259112E-010   1122.01845430196343559103894647790537      
   4.4668359215096305E-010   1122.01845430196343559103894647790537      
   6.0255958607435815E-010   1122.01845430196343559103894647790537      
   8.1283051616409944E-010   1122.01845430196343559103894647790537      
   1.0964781961431852E-009   1122.01845430196343559103894647790537      
   1.4791083881682072E-009   1122.01845430196343559103894647790537      
   1.9952623149688791E-009   1122.01845430196343559103894647790537      
   2.6915348039269167E-009   1122.01845430196343559103894647790537      
   3.6307805477010139E-009   1122.01845430196343559103894647790537      
   4.8977881936844609E-009   1122.01845430196343559103894647790537      
   6.6069344800759643E-009   1122.01845430196343559103894647790537      
   8.9125093813374596E-009   1122.01845430196343559103894647790537      
   1.2022644346174132E-008   1122.01845430196343559103894647790537      
   1.6218100973589300E-008   1122.01845430196343559103894647790537      
   2.1877616239495521E-008   1122.01845430196343559103894647790537      
   2.9512092266663871E-008   1122.01845430196343559103894647790537      
   3.9810717055349736E-008   1122.01845430196343559103894647790537      
   5.3703179637025271E-008   1122.01845430196343559103894647790537      
   7.2443596007499061E-008   1122.01845430196343559103894647790537      
   9.7723722095581110E-008   1122.01845430196343559103894647790537      
   1.3182567385564072E-007   1122.01845430196343559103894647790537      
   1.7782794100389230E-007   1122.01845430196343559103894647790537      
   2.3988329190194898E-007   1122.01845430196343559103894647790537      
   3.2359365692962843E-007   1122.01845430196343559103894647790537      
   4.3651583224016610E-007   1122.01845430196343559103894647790537      
   5.8884365535558903E-007   1122.01845430196343559103894647790537      
   7.9432823472428220E-007   1122.01845430196343559103894647790537      
   1.0715193052376070E-006   1122.01845430196343559103894647790537      
   1.4454397707459279E-006   1122.01845430196343559103894647790537      
   1.9498445997580454E-006   1122.01845430196343559103894647790537      
   2.6302679918953812E-006   1122.01845430196343559103894647790537      
   3.5481338923357534E-006   1122.01845430196343559103894647790537      
   4.7863009232263809E-006   1122.01845430196343559103894647790537      
   6.4565422903465625E-006   1122.01845430196343559103894647790537      
   8.7096358995608141E-006   1122.01845430196343559103894647790537      
   1.1748975549395302E-005   1122.01845430196343559103894647790537      
   1.5848931924611141E-005   1122.01845430196343559103894647790537      
   2.1379620895022323E-005   1122.01845430196343559103894647790537      
   2.8840315031266060E-005   1122.01845430196343559103894647790537      
   3.8904514499428046E-005   1122.01845430196343559103894647790537      
   5.2480746024977334E-005   1122.01845430196343559103894647790537      
   7.0794578438413880E-005   1122.01845430196343559103894647790537      
   9.5499258602143688E-005   1122.01845430196343559103894647790537      
   1.2882495516931347E-004   1122.01845430196343559103894647790537      
   1.7378008287493763E-004   1122.01845430196343559103894647790537      
   2.3442288153199226E-004   1122.01845430196343559103894647790537      
   3.1622776601683794E-004   1122.01845430196343559103894647790537      
   4.2657951880159252E-004   1122.01845430196343559103894647790537      
   5.7543993733715664E-004   1122.01845430196343559103894647790537      
   7.7624711662869280E-004   1122.01845430196343559103894647790537      
   1.0471285480509007E-003   1122.01845430196343559103894647790537      
   1.4125375446227555E-003   1122.01845430196343559103894647790537      
   1.9054607179632482E-003   1122.01845430196343559103894647790537      
   2.5703957827688645E-003   1122.01845430196343559103894647790537      
   3.4673685045253171E-003   1122.01845430196343559103894647790537      
   4.6773514128719811E-003   1122.01845430196343559103894647790537      
   6.3095734448019433E-003   1122.01845430196343559103894647790537      
   8.5113803820237779E-003   1122.01845430196343559103894647790537      
   1.1481536214968840E-002   1122.01845430196343559103894647790537      
   1.5488166189124795E-002   1122.01845430196343559103894647790537      
   2.0892961308540410E-002   1122.01845430196343559103894647790537      
   2.8183829312644609E-002   1122.01845430196343559103894647790537      
   3.8018939632056131E-002   1122.01845430196343559103894647790537      
   5.1286138399136587E-002   1122.01845430196343559103894647790537      
   6.9183097091893617E-002   1122.01845430196343559103894647790537      
   9.3325430079699248E-002   1122.01845430196343559103894647790537      
  0.12589254117941662        1122.01845430196343559103894647790537      
  0.16982436524617459        1122.01845430196343559103894647790537      
  0.22908676527677702        1122.01845430196343559103894647790537      
  0.30902954325135917        1122.01845430196343559103894647790537      
  0.41686938347033636        1122.01845430196343559103894647790537      
  0.56234132519034918        1122.01845430196343559103894647790537      
  0.75857757502918510        1122.01845430196343559103894647790537      
   1.0232929922807537        1122.01845430196343559103894647790537      
   1.3803842646028868        1122.01845430196343559103894647790537      
   1.8620871366628655        1122.01845430196343559103894647790537      
   2.5118864315095824        1122.01845430196343559103894647790537      
   3.3884415613920345        1122.01845430196343559103894647790537      
   4.5708818961487516        1122.01845430196343559103894647790537      
   6.1659500186148355        1122.01845430196343559103894647790537      
   8.3176377110267090        1122.01845430196343559103894647790537      
   11.220184543019652        1122.01845430196343559103894647790537      
   15.135612484362071        1122.01845430196343559103894647790537      
   20.417379446695318        1122.01845430196343559103894647790537      
   27.542287033381744        1122.01845430196343559103894647790537      
   37.153522909717275        1122.01845430196343559103894647790537      
   50.118723362727351        1122.01845430196343559103894647790537      
   67.608297539198190        1122.01845430196343559103894647790537      
   91.201083935591143        1122.01845430196343559103894647790537      
   123.02687708123811        1122.01845430196343559103894647790537      
   165.95869074375631        1122.01845430196343559103894647790537      
   223.87211385683378        1122.01845430196343559103894647790537      
   301.99517204020191        1122.01845430196343559103894647790537      
   407.38027780411386        1122.01845430196343559103894647790537      
   549.54087385762477        1122.01845430196343559103894647790537      
   741.31024130091919        1122.01845430196343559103894647790537      
   1000.0000000000000        1122.01845430196343559103894647790537      
   1.0000000000000000E-010   1258.92541179416721042395410639580093      
   1.3489628825916532E-010   1258.92541179416721042395410639580093      
   1.8197008586099827E-010   1258.92541179416721042395410639580093      
   2.4547089156850315E-010   1258.92541179416721042395410639580093      
   3.3113112148259112E-010   1258.92541179416721042395410639580093      
   4.4668359215096305E-010   1258.92541179416721042395410639580093      
   6.0255958607435815E-010   1258.92541179416721042395410639580093      
   8.1283051616409944E-010   1258.92541179416721042395410639580093      
   1.0964781961431852E-009   1258.92541179416721042395410639580093      
   1.4791083881682072E-009   1258.92541179416721042395410639580093      
   1.9952623149688791E-009   1258.92541179416721042395410639580093      
   2.6915348039269167E-009   1258.92541179416721042395410639580093      
   3.6307805477010139E-009   1258.92541179416721042395410639580093      
   4.8977881936844609E-009   1258.92541179416721042395410639580093      
   6.6069344800759643E-009   1258.92541179416721042395410639580093      
   8.9125093813374596E-009   1258.92541179416721042395410639580093      
   1.2022644346174132E-008   1258.92541179416721042395410639580093      
   1.6218100973589300E-008   1258.92541179416721042395410639580093      
   2.1877616239495521E-008   1258.92541179416721042395410639580093      
   2.9512092266663871E-008   1258.92541179416721042395410639580093      
   3.9810717055349736E-008   1258.92541179416721042395410639580093      
   5.3703179637025271E-008   1258.92541179416721042395410639580093      
   7.2443596007499061E-008   1258.92541179416721042395410639580093      
   9.7723722095581110E-008   1258.92541179416721042395410639580093      
   1.3182567385564072E-007   1258.92541179416721042395410639580093      
   1.7782794100389230E-007   1258.92541179416721042395410639580093      
   2.3988329190194898E-007   1258.92541179416721042395410639580093      
   3.2359365692962843E-007   1258.92541179416721042395410639580093      
   4.3651583224016610E-007   1258.92541179416721042395410639580093      
   5.8884365535558903E-007   1258.92541179416721042395410639580093      
   7.9432823472428220E-007   1258.92541179416721042395410639580093      
   1.0715193052376070E-006   1258.92541179416721042395410639580093      
   1.4454397707459279E-006   1258.92541179416721042395410639580093      
   1.9498445997580454E-006   1258.92541179416721042395410639580093      
   2.6302679918953812E-006   1258.92541179416721042395410639580093      
   3.5481338923357534E-006   1258.92541179416721042395410639580093      
   4.7863009232263809E-006   1258.92541179416721042395410639580093      
   6.4565422903465625E-006   1258.92541179416721042395410639580093      
   8.7096358995608141E-006   1258.92541179416721042395410639580093      
   1.1748975549395302E-005   1258.92541179416721042395410639580093      
   1.5848931924611141E-005   1258.92541179416721042395410639580093      
   2.1379620895022323E-005   1258.92541179416721042395410639580093      
   2.8840315031266060E-005   1258.92541179416721042395410639580093      
   3.8904514499428046E-005   1258.92541179416721042395410639580093      
   5.2480746024977334E-005   1258.92541179416721042395410639580093      
   7.0794578438413880E-005   1258.92541179416721042395410639580093      
   9.5499258602143688E-005   1258.92541179416721042395410639580093      
   1.2882495516931347E-004   1258.92541179416721042395410639580093      
   1.7378008287493763E-004   1258.92541179416721042395410639580093      
   2.3442288153199226E-004   1258.92541179416721042395410639580093      
   3.1622776601683794E-004   1258.92541179416721042395410639580093      
   4.2657951880159252E-004   1258.92541179416721042395410639580093      
   5.7543993733715664E-004   1258.92541179416721042395410639580093      
   7.7624711662869280E-004   1258.92541179416721042395410639580093      
   1.0471285480509007E-003   1258.92541179416721042395410639580093      
   1.4125375446227555E-003   1258.92541179416721042395410639580093      
   1.9054607179632482E-003   1258.92541179416721042395410639580093      
   2.5703957827688645E-003   1258.92541179416721042395410639580093      
   3.4673685045253171E-003   1258.92541179416721042395410639580093      
   4.6773514128719811E-003   1258.92541179416721042395410639580093      
   6.3095734448019433E-003   1258.92541179416721042395410639580093      
   8.5113803820237779E-003   1258.92541179416721042395410639580093      
   1.1481536214968840E-002   1258.92541179416721042395410639580093      
   1.5488166189124795E-002   1258.92541179416721042395410639580093      
   2.0892961308540410E-002   1258.92541179416721042395410639580093      
   2.8183829312644609E-002   1258.92541179416721042395410639580093      
   3.8018939632056131E-002   1258.92541179416721042395410639580093      
   5.1286138399136587E-002   1258.92541179416721042395410639580093      
   6.9183097091893617E-002   1258.92541179416721042395410639580093      
   9.3325430079699248E-002   1258.92541179416721042395410639580093      
  0.12589254117941662        1258.92541179416721042395410639580093      
  0.16982436524617459        1258.92541179416721042395410639580093      
  0.22908676527677702        1258.92541179416721042395410639580093      
  0.30902954325135917        1258.92541179416721042395410639580093      
  0.41686938347033636        1258.92541179416721042395410639580093      
  0.56234132519034918        1258.92541179416721042395410639580093      
  0.75857757502918510        1258.92541179416721042395410639580093      
   1.0232929922807537        1258.92541179416721042395410639580093      
   1.3803842646028868        1258.92541179416721042395410639580093      
   1.8620871366628655        1258.92541179416721042395410639580093      
   2.5118864315095824        1258.92541179416721042395410639580093      
   3.3884415613920345        1258.92541179416721042395410639580093      
   4.5708818961487516        1258.92541179416721042395410639580093      
   6.1659500186148355        1258.92541179416721042395410639580093      
   8.3176377110267090        1258.92541179416721042395410639580093      
   11.220184543019652        1258.92541179416721042395410639580093      
   15.135612484362071        1258.92541179416721042395410639580093      
   20.417379446695318        1258.92541179416721042395410639580093      
   27.542287033381744        1258.92541179416721042395410639580093      
   37.153522909717275        1258.92541179416721042395410639580093      
   50.118723362727351        1258.92541179416721042395410639580093      
   67.608297539198190        1258.92541179416721042395410639580093      
   91.201083935591143        1258.92541179416721042395410639580093      
   123.02687708123811        1258.92541179416721042395410639580093      
   165.95869074375631        1258.92541179416721042395410639580093      
   223.87211385683378        1258.92541179416721042395410639580093      
   301.99517204020191        1258.92541179416721042395410639580093      
   407.38027780411386        1258.92541179416721042395410639580093      
   549.54087385762477        1258.92541179416721042395410639580093      
   741.31024130091919        1258.92541179416721042395410639580093      
   1000.0000000000000        1258.92541179416721042395410639580093      
   1.0000000000000000E-010   1412.53754462275430215560786393024065      
   1.3489628825916532E-010   1412.53754462275430215560786393024065      
   1.8197008586099827E-010   1412.53754462275430215560786393024065      
   2.4547089156850315E-010   1412.53754462275430215560786393024065      
   3.3113112148259112E-010   1412.53754462275430215560786393024065      
   4.4668359215096305E-010   1412.53754462275430215560786393024065      
   6.0255958607435815E-010   1412.53754462275430215560786393024065      
   8.1283051616409944E-010   1412.53754462275430215560786393024065      
   1.0964781961431852E-009   1412.53754462275430215560786393024065      
   1.4791083881682072E-009   1412.53754462275430215560786393024065      
   1.9952623149688791E-009   1412.53754462275430215560786393024065      
   2.6915348039269167E-009   1412.53754462275430215560786393024065      
   3.6307805477010139E-009   1412.53754462275430215560786393024065      
   4.8977881936844609E-009   1412.53754462275430215560786393024065      
   6.6069344800759643E-009   1412.53754462275430215560786393024065      
   8.9125093813374596E-009   1412.53754462275430215560786393024065      
   1.2022644346174132E-008   1412.53754462275430215560786393024065      
   1.6218100973589300E-008   1412.53754462275430215560786393024065      
   2.1877616239495521E-008   1412.53754462275430215560786393024065      
   2.9512092266663871E-008   1412.53754462275430215560786393024065      
   3.9810717055349736E-008   1412.53754462275430215560786393024065      
   5.3703179637025271E-008   1412.53754462275430215560786393024065      
   7.2443596007499061E-008   1412.53754462275430215560786393024065      
   9.7723722095581110E-008   1412.53754462275430215560786393024065      
   1.3182567385564072E-007   1412.53754462275430215560786393024065      
   1.7782794100389230E-007   1412.53754462275430215560786393024065      
   2.3988329190194898E-007   1412.53754462275430215560786393024065      
   3.2359365692962843E-007   1412.53754462275430215560786393024065      
   4.3651583224016610E-007   1412.53754462275430215560786393024065      
   5.8884365535558903E-007   1412.53754462275430215560786393024065      
   7.9432823472428220E-007   1412.53754462275430215560786393024065      
   1.0715193052376070E-006   1412.53754462275430215560786393024065      
   1.4454397707459279E-006   1412.53754462275430215560786393024065      
   1.9498445997580454E-006   1412.53754462275430215560786393024065      
   2.6302679918953812E-006   1412.53754462275430215560786393024065      
   3.5481338923357534E-006   1412.53754462275430215560786393024065      
   4.7863009232263809E-006   1412.53754462275430215560786393024065      
   6.4565422903465625E-006   1412.53754462275430215560786393024065      
   8.7096358995608141E-006   1412.53754462275430215560786393024065      
   1.1748975549395302E-005   1412.53754462275430215560786393024065      
   1.5848931924611141E-005   1412.53754462275430215560786393024065      
   2.1379620895022323E-005   1412.53754462275430215560786393024065      
   2.8840315031266060E-005   1412.53754462275430215560786393024065      
   3.8904514499428046E-005   1412.53754462275430215560786393024065      
   5.2480746024977334E-005   1412.53754462275430215560786393024065      
   7.0794578438413880E-005   1412.53754462275430215560786393024065      
   9.5499258602143688E-005   1412.53754462275430215560786393024065      
   1.2882495516931347E-004   1412.53754462275430215560786393024065      
   1.7378008287493763E-004   1412.53754462275430215560786393024065      
   2.3442288153199226E-004   1412.53754462275430215560786393024065      
   3.1622776601683794E-004   1412.53754462275430215560786393024065      
   4.2657951880159252E-004   1412.53754462275430215560786393024065      
   5.7543993733715664E-004   1412.53754462275430215560786393024065      
   7.7624711662869280E-004   1412.53754462275430215560786393024065      
   1.0471285480509007E-003   1412.53754462275430215560786393024065      
   1.4125375446227555E-003   1412.53754462275430215560786393024065      
   1.9054607179632482E-003   1412.53754462275430215560786393024065      
   2.5703957827688645E-003   1412.53754462275430215560786393024065      
   3.4673685045253171E-003   1412.53754462275430215560786393024065      
   4.6773514128719811E-003   1412.53754462275430215560786393024065      
   6.3095734448019433E-003   1412.53754462275430215560786393024065      
   8.5113803820237779E-003   1412.53754462275430215560786393024065      
   1.1481536214968840E-002   1412.53754462275430215560786393024065      
   1.5488166189124795E-002   1412.53754462275430215560786393024065      
   2.0892961308540410E-002   1412.53754462275430215560786393024065      
   2.8183829312644609E-002   1412.53754462275430215560786393024065      
   3.8018939632056131E-002   1412.53754462275430215560786393024065      
   5.1286138399136587E-002   1412.53754462275430215560786393024065      
   6.9183097091893617E-002   1412.53754462275430215560786393024065      
   9.3325430079699248E-002   1412.53754462275430215560786393024065      
  0.12589254117941662        1412.53754462275430215560786393024065      
  0.16982436524617459        1412.53754462275430215560786393024065      
  0.22908676527677702        1412.53754462275430215560786393024065      
  0.30902954325135917        1412.53754462275430215560786393024065      
  0.41686938347033636        1412.53754462275430215560786393024065      
  0.56234132519034918        1412.53754462275430215560786393024065      
  0.75857757502918510        1412.53754462275430215560786393024065      
   1.0232929922807537        1412.53754462275430215560786393024065      
   1.3803842646028868        1412.53754462275430215560786393024065      
   1.8620871366628655        1412.53754462275430215560786393024065      
   2.5118864315095824        1412.53754462275430215560786393024065      
   3.3884415613920345        1412.53754462275430215560786393024065      
   4.5708818961487516        1412.53754462275430215560786393024065      
   6.1659500186148355        1412.53754462275430215560786393024065      
   8.3176377110267090        1412.53754462275430215560786393024065      
   11.220184543019652        1412.53754462275430215560786393024065      
   15.135612484362071        1412.53754462275430215560786393024065      
   20.417379446695318        1412.53754462275430215560786393024065      
   27.542287033381744        1412.53754462275430215560786393024065      
   37.153522909717275        1412.53754462275430215560786393024065      
   50.118723362727351        1412.53754462275430215560786393024065      
   67.608297539198190        1412.53754462275430215560786393024065      
   91.201083935591143        1412.53754462275430215560786393024065      
   123.02687708123811        1412.53754462275430215560786393024065      
   165.95869074375631        1412.53754462275430215560786393024065      
   223.87211385683378        1412.53754462275430215560786393024065      
   301.99517204020191        1412.53754462275430215560786393024065      
   407.38027780411386        1412.53754462275430215560786393024065      
   549.54087385762477        1412.53754462275430215560786393024065      
   741.31024130091919        1412.53754462275430215560786393024065      
   1000.0000000000000        1412.53754462275430215560786393024065      
   1.0000000000000000E-010   1584.89319246111348520210137339150752      
   1.3489628825916532E-010   1584.89319246111348520210137339150752      
   1.8197008586099827E-010   1584.89319246111348520210137339150752      
   2.4547089156850315E-010   1584.89319246111348520210137339150752      
   3.3113112148259112E-010   1584.89319246111348520210137339150752      
   4.4668359215096305E-010   1584.89319246111348520210137339150752      
   6.0255958607435815E-010   1584.89319246111348520210137339150752      
   8.1283051616409944E-010   1584.89319246111348520210137339150752      
   1.0964781961431852E-009   1584.89319246111348520210137339150752      
   1.4791083881682072E-009   1584.89319246111348520210137339150752      
   1.9952623149688791E-009   1584.89319246111348520210137339150752      
   2.6915348039269167E-009   1584.89319246111348520210137339150752      
   3.6307805477010139E-009   1584.89319246111348520210137339150752      
   4.8977881936844609E-009   1584.89319246111348520210137339150752      
   6.6069344800759643E-009   1584.89319246111348520210137339150752      
   8.9125093813374596E-009   1584.89319246111348520210137339150752      
   1.2022644346174132E-008   1584.89319246111348520210137339150752      
   1.6218100973589300E-008   1584.89319246111348520210137339150752      
   2.1877616239495521E-008   1584.89319246111348520210137339150752      
   2.9512092266663871E-008   1584.89319246111348520210137339150752      
   3.9810717055349736E-008   1584.89319246111348520210137339150752      
   5.3703179637025271E-008   1584.89319246111348520210137339150752      
   7.2443596007499061E-008   1584.89319246111348520210137339150752      
   9.7723722095581110E-008   1584.89319246111348520210137339150752      
   1.3182567385564072E-007   1584.89319246111348520210137339150752      
   1.7782794100389230E-007   1584.89319246111348520210137339150752      
   2.3988329190194898E-007   1584.89319246111348520210137339150752      
   3.2359365692962843E-007   1584.89319246111348520210137339150752      
   4.3651583224016610E-007   1584.89319246111348520210137339150752      
   5.8884365535558903E-007   1584.89319246111348520210137339150752      
   7.9432823472428220E-007   1584.89319246111348520210137339150752      
   1.0715193052376070E-006   1584.89319246111348520210137339150752      
   1.4454397707459279E-006   1584.89319246111348520210137339150752      
   1.9498445997580454E-006   1584.89319246111348520210137339150752      
   2.6302679918953812E-006   1584.89319246111348520210137339150752      
   3.5481338923357534E-006   1584.89319246111348520210137339150752      
   4.7863009232263809E-006   1584.89319246111348520210137339150752      
   6.4565422903465625E-006   1584.89319246111348520210137339150752      
   8.7096358995608141E-006   1584.89319246111348520210137339150752      
   1.1748975549395302E-005   1584.89319246111348520210137339150752      
   1.5848931924611141E-005   1584.89319246111348520210137339150752      
   2.1379620895022323E-005   1584.89319246111348520210137339150752      
   2.8840315031266060E-005   1584.89319246111348520210137339150752      
   3.8904514499428046E-005   1584.89319246111348520210137339150752      
   5.2480746024977334E-005   1584.89319246111348520210137339150752      
   7.0794578438413880E-005   1584.89319246111348520210137339150752      
   9.5499258602143688E-005   1584.89319246111348520210137339150752      
   1.2882495516931347E-004   1584.89319246111348520210137339150752      
   1.7378008287493763E-004   1584.89319246111348520210137339150752      
   2.3442288153199226E-004   1584.89319246111348520210137339150752      
   3.1622776601683794E-004   1584.89319246111348520210137339150752      
   4.2657951880159252E-004   1584.89319246111348520210137339150752      
   5.7543993733715664E-004   1584.89319246111348520210137339150752      
   7.7624711662869280E-004   1584.89319246111348520210137339150752      
   1.0471285480509007E-003   1584.89319246111348520210137339150752      
   1.4125375446227555E-003   1584.89319246111348520210137339150752      
   1.9054607179632482E-003   1584.89319246111348520210137339150752      
   2.5703957827688645E-003   1584.89319246111348520210137339150752      
   3.4673685045253171E-003   1584.89319246111348520210137339150752      
   4.6773514128719811E-003   1584.89319246111348520210137339150752      
   6.3095734448019433E-003   1584.89319246111348520210137339150752      
   8.5113803820237779E-003   1584.89319246111348520210137339150752      
   1.1481536214968840E-002   1584.89319246111348520210137339150752      
   1.5488166189124795E-002   1584.89319246111348520210137339150752      
   2.0892961308540410E-002   1584.89319246111348520210137339150752      
   2.8183829312644609E-002   1584.89319246111348520210137339150752      
   3.8018939632056131E-002   1584.89319246111348520210137339150752      
   5.1286138399136587E-002   1584.89319246111348520210137339150752      
   6.9183097091893617E-002   1584.89319246111348520210137339150752      
   9.3325430079699248E-002   1584.89319246111348520210137339150752      
  0.12589254117941662        1584.89319246111348520210137339150752      
  0.16982436524617459        1584.89319246111348520210137339150752      
  0.22908676527677702        1584.89319246111348520210137339150752      
  0.30902954325135917        1584.89319246111348520210137339150752      
  0.41686938347033636        1584.89319246111348520210137339150752      
  0.56234132519034918        1584.89319246111348520210137339150752      
  0.75857757502918510        1584.89319246111348520210137339150752      
   1.0232929922807537        1584.89319246111348520210137339150752      
   1.3803842646028868        1584.89319246111348520210137339150752      
   1.8620871366628655        1584.89319246111348520210137339150752      
   2.5118864315095824        1584.89319246111348520210137339150752      
   3.3884415613920345        1584.89319246111348520210137339150752      
   4.5708818961487516        1584.89319246111348520210137339150752      
   6.1659500186148355        1584.89319246111348520210137339150752      
   8.3176377110267090        1584.89319246111348520210137339150752      
   11.220184543019652        1584.89319246111348520210137339150752      
   15.135612484362071        1584.89319246111348520210137339150752      
   20.417379446695318        1584.89319246111348520210137339150752      
   27.542287033381744        1584.89319246111348520210137339150752      
   37.153522909717275        1584.89319246111348520210137339150752      
   50.118723362727351        1584.89319246111348520210137339150752      
   67.608297539198190        1584.89319246111348520210137339150752      
   91.201083935591143        1584.89319246111348520210137339150752      
   123.02687708123811        1584.89319246111348520210137339150752      
   165.95869074375631        1584.89319246111348520210137339150752      
   223.87211385683378        1584.89319246111348520210137339150752      
   301.99517204020191        1584.89319246111348520210137339150752      
   407.38027780411386        1584.89319246111348520210137339150752      
   549.54087385762477        1584.89319246111348520210137339150752      
   741.31024130091919        1584.89319246111348520210137339150752      
   1000.0000000000000        1584.89319246111348520210137339150752      
   1.0000000000000000E-010   1778.27941003892280122542119519268489      
   1.3489628825916532E-010   1778.27941003892280122542119519268489      
   1.8197008586099827E-010   1778.27941003892280122542119519268489      
   2.4547089156850315E-010   1778.27941003892280122542119519268489      
   3.3113112148259112E-010   1778.27941003892280122542119519268489      
   4.4668359215096305E-010   1778.27941003892280122542119519268489      
   6.0255958607435815E-010   1778.27941003892280122542119519268489      
   8.1283051616409944E-010   1778.27941003892280122542119519268489      
   1.0964781961431852E-009   1778.27941003892280122542119519268489      
   1.4791083881682072E-009   1778.27941003892280122542119519268489      
   1.9952623149688791E-009   1778.27941003892280122542119519268489      
   2.6915348039269167E-009   1778.27941003892280122542119519268489      
   3.6307805477010139E-009   1778.27941003892280122542119519268489      
   4.8977881936844609E-009   1778.27941003892280122542119519268489      
   6.6069344800759643E-009   1778.27941003892280122542119519268489      
   8.9125093813374596E-009   1778.27941003892280122542119519268489      
   1.2022644346174132E-008   1778.27941003892280122542119519268489      
   1.6218100973589300E-008   1778.27941003892280122542119519268489      
   2.1877616239495521E-008   1778.27941003892280122542119519268489      
   2.9512092266663871E-008   1778.27941003892280122542119519268489      
   3.9810717055349736E-008   1778.27941003892280122542119519268489      
   5.3703179637025271E-008   1778.27941003892280122542119519268489      
   7.2443596007499061E-008   1778.27941003892280122542119519268489      
   9.7723722095581110E-008   1778.27941003892280122542119519268489      
   1.3182567385564072E-007   1778.27941003892280122542119519268489      
   1.7782794100389230E-007   1778.27941003892280122542119519268489      
   2.3988329190194898E-007   1778.27941003892280122542119519268489      
   3.2359365692962843E-007   1778.27941003892280122542119519268489      
   4.3651583224016610E-007   1778.27941003892280122542119519268489      
   5.8884365535558903E-007   1778.27941003892280122542119519268489      
   7.9432823472428220E-007   1778.27941003892280122542119519268489      
   1.0715193052376070E-006   1778.27941003892280122542119519268489      
   1.4454397707459279E-006   1778.27941003892280122542119519268489      
   1.9498445997580454E-006   1778.27941003892280122542119519268489      
   2.6302679918953812E-006   1778.27941003892280122542119519268489      
   3.5481338923357534E-006   1778.27941003892280122542119519268489      
   4.7863009232263809E-006   1778.27941003892280122542119519268489      
   6.4565422903465625E-006   1778.27941003892280122542119519268489      
   8.7096358995608141E-006   1778.27941003892280122542119519268489      
   1.1748975549395302E-005   1778.27941003892280122542119519268489      
   1.5848931924611141E-005   1778.27941003892280122542119519268489      
   2.1379620895022323E-005   1778.27941003892280122542119519268489      
   2.8840315031266060E-005   1778.27941003892280122542119519268489      
   3.8904514499428046E-005   1778.27941003892280122542119519268489      
   5.2480746024977334E-005   1778.27941003892280122542119519268489      
   7.0794578438413880E-005   1778.27941003892280122542119519268489      
   9.5499258602143688E-005   1778.27941003892280122542119519268489      
   1.2882495516931347E-004   1778.27941003892280122542119519268489      
   1.7378008287493763E-004   1778.27941003892280122542119519268489      
   2.3442288153199226E-004   1778.27941003892280122542119519268489      
   3.1622776601683794E-004   1778.27941003892280122542119519268489      
   4.2657951880159252E-004   1778.27941003892280122542119519268489      
   5.7543993733715664E-004   1778.27941003892280122542119519268489      
   7.7624711662869280E-004   1778.27941003892280122542119519268489      
   1.0471285480509007E-003   1778.27941003892280122542119519268489      
   1.4125375446227555E-003   1778.27941003892280122542119519268489      
   1.9054607179632482E-003   1778.27941003892280122542119519268489      
   2.5703957827688645E-003   1778.27941003892280122542119519268489      
   3.4673685045253171E-003   1778.27941003892280122542119519268489      
   4.6773514128719811E-003   1778.27941003892280122542119519268489      
   6.3095734448019433E-003   1778.27941003892280122542119519268489      
   8.5113803820237779E-003   1778.27941003892280122542119519268489      
   1.1481536214968840E-002   1778.27941003892280122542119519268489      
   1.5488166189124795E-002   1778.27941003892280122542119519268489      
   2.0892961308540410E-002   1778.27941003892280122542119519268489      
   2.8183829312644609E-002   1778.27941003892280122542119519268489      
   3.8018939632056131E-002   1778.27941003892280122542119519268489      
   5.1286138399136587E-002   1778.27941003892280122542119519268489      
   6.9183097091893617E-002   1778.27941003892280122542119519268489      
   9.3325430079699248E-002   1778.27941003892280122542119519268489      
  0.12589254117941662        1778.27941003892280122542119519268489      
  0.16982436524617459        1778.27941003892280122542119519268489      
  0.22908676527677702        1778.27941003892280122542119519268489      
  0.30902954325135917        1778.27941003892280122542119519268489      
  0.41686938347033636        1778.27941003892280122542119519268489      
  0.56234132519034918        1778.27941003892280122542119519268489      
  0.75857757502918510        1778.27941003892280122542119519268489      
   1.0232929922807537        1778.27941003892280122542119519268489      
   1.3803842646028868        1778.27941003892280122542119519268489      
   1.8620871366628655        1778.27941003892280122542119519268489      
   2.5118864315095824        1778.27941003892280122542119519268489      
   3.3884415613920345        1778.27941003892280122542119519268489      
   4.5708818961487516        1778.27941003892280122542119519268489      
   6.1659500186148355        1778.27941003892280122542119519268489      
   8.3176377110267090        1778.27941003892280122542119519268489      
   11.220184543019652        1778.27941003892280122542119519268489      
   15.135612484362071        1778.27941003892280122542119519268489      
   20.417379446695318        1778.27941003892280122542119519268489      
   27.542287033381744        1778.27941003892280122542119519268489      
   37.153522909717275        1778.27941003892280122542119519268489      
   50.118723362727351        1778.27941003892280122542119519268489      
   67.608297539198190        1778.27941003892280122542119519268489      
   91.201083935591143        1778.27941003892280122542119519268489      
   123.02687708123811        1778.27941003892280122542119519268489      
   165.95869074375631        1778.27941003892280122542119519268489      
   223.87211385683378        1778.27941003892280122542119519268489      
   301.99517204020191        1778.27941003892280122542119519268489      
   407.38027780411386        1778.27941003892280122542119519268489      
   549.54087385762477        1778.27941003892280122542119519268489      
   741.31024130091919        1778.27941003892280122542119519268489      
   1000.0000000000000        1778.27941003892280122542119519268489      
   1.0000000000000000E-010   1995.26231496887960135245539673953490      
   1.3489628825916532E-010   1995.26231496887960135245539673953490      
   1.8197008586099827E-010   1995.26231496887960135245539673953490      
   2.4547089156850315E-010   1995.26231496887960135245539673953490      
   3.3113112148259112E-010   1995.26231496887960135245539673953490      
   4.4668359215096305E-010   1995.26231496887960135245539673953490      
   6.0255958607435815E-010   1995.26231496887960135245539673953490      
   8.1283051616409944E-010   1995.26231496887960135245539673953490      
   1.0964781961431852E-009   1995.26231496887960135245539673953490      
   1.4791083881682072E-009   1995.26231496887960135245539673953490      
   1.9952623149688791E-009   1995.26231496887960135245539673953490      
   2.6915348039269167E-009   1995.26231496887960135245539673953490      
   3.6307805477010139E-009   1995.26231496887960135245539673953490      
   4.8977881936844609E-009   1995.26231496887960135245539673953490      
   6.6069344800759643E-009   1995.26231496887960135245539673953490      
   8.9125093813374596E-009   1995.26231496887960135245539673953490      
   1.2022644346174132E-008   1995.26231496887960135245539673953490      
   1.6218100973589300E-008   1995.26231496887960135245539673953490      
   2.1877616239495521E-008   1995.26231496887960135245539673953490      
   2.9512092266663871E-008   1995.26231496887960135245539673953490      
   3.9810717055349736E-008   1995.26231496887960135245539673953490      
   5.3703179637025271E-008   1995.26231496887960135245539673953490      
   7.2443596007499061E-008   1995.26231496887960135245539673953490      
   9.7723722095581110E-008   1995.26231496887960135245539673953490      
   1.3182567385564072E-007   1995.26231496887960135245539673953490      
   1.7782794100389230E-007   1995.26231496887960135245539673953490      
   2.3988329190194898E-007   1995.26231496887960135245539673953490      
   3.2359365692962843E-007   1995.26231496887960135245539673953490      
   4.3651583224016610E-007   1995.26231496887960135245539673953490      
   5.8884365535558903E-007   1995.26231496887960135245539673953490      
   7.9432823472428220E-007   1995.26231496887960135245539673953490      
   1.0715193052376070E-006   1995.26231496887960135245539673953490      
   1.4454397707459279E-006   1995.26231496887960135245539673953490      
   1.9498445997580454E-006   1995.26231496887960135245539673953490      
   2.6302679918953812E-006   1995.26231496887960135245539673953490      
   3.5481338923357534E-006   1995.26231496887960135245539673953490      
   4.7863009232263809E-006   1995.26231496887960135245539673953490      
   6.4565422903465625E-006   1995.26231496887960135245539673953490      
   8.7096358995608141E-006   1995.26231496887960135245539673953490      
   1.1748975549395302E-005   1995.26231496887960135245539673953490      
   1.5848931924611141E-005   1995.26231496887960135245539673953490      
   2.1379620895022323E-005   1995.26231496887960135245539673953490      
   2.8840315031266060E-005   1995.26231496887960135245539673953490      
   3.8904514499428046E-005   1995.26231496887960135245539673953490      
   5.2480746024977334E-005   1995.26231496887960135245539673953490      
   7.0794578438413880E-005   1995.26231496887960135245539673953490      
   9.5499258602143688E-005   1995.26231496887960135245539673953490      
   1.2882495516931347E-004   1995.26231496887960135245539673953490      
   1.7378008287493763E-004   1995.26231496887960135245539673953490      
   2.3442288153199226E-004   1995.26231496887960135245539673953490      
   3.1622776601683794E-004   1995.26231496887960135245539673953490      
   4.2657951880159252E-004   1995.26231496887960135245539673953490      
   5.7543993733715664E-004   1995.26231496887960135245539673953490      
   7.7624711662869280E-004   1995.26231496887960135245539673953490      
   1.0471285480509007E-003   1995.26231496887960135245539673953490      
   1.4125375446227555E-003   1995.26231496887960135245539673953490      
   1.9054607179632482E-003   1995.26231496887960135245539673953490      
   2.5703957827688645E-003   1995.26231496887960135245539673953490      
   3.4673685045253171E-003   1995.26231496887960135245539673953490      
   4.6773514128719811E-003   1995.26231496887960135245539673953490      
   6.3095734448019433E-003   1995.26231496887960135245539673953490      
   8.5113803820237779E-003   1995.26231496887960135245539673953490      
   1.1481536214968840E-002   1995.26231496887960135245539673953490      
   1.5488166189124795E-002   1995.26231496887960135245539673953490      
   2.0892961308540410E-002   1995.26231496887960135245539673953490      
   2.8183829312644609E-002   1995.26231496887960135245539673953490      
   3.8018939632056131E-002   1995.26231496887960135245539673953490      
   5.1286138399136587E-002   1995.26231496887960135245539673953490      
   6.9183097091893617E-002   1995.26231496887960135245539673953490      
   9.3325430079699248E-002   1995.26231496887960135245539673953490      
  0.12589254117941662        1995.26231496887960135245539673953490      
  0.16982436524617459        1995.26231496887960135245539673953490      
  0.22908676527677702        1995.26231496887960135245539673953490      
  0.30902954325135917        1995.26231496887960135245539673953490      
  0.41686938347033636        1995.26231496887960135245539673953490      
  0.56234132519034918        1995.26231496887960135245539673953490      
  0.75857757502918510        1995.26231496887960135245539673953490      
   1.0232929922807537        1995.26231496887960135245539673953490      
   1.3803842646028868        1995.26231496887960135245539673953490      
   1.8620871366628655        1995.26231496887960135245539673953490      
   2.5118864315095824        1995.26231496887960135245539673953490      
   3.3884415613920345        1995.26231496887960135245539673953490      
   4.5708818961487516        1995.26231496887960135245539673953490      
   6.1659500186148355        1995.26231496887960135245539673953490      
   8.3176377110267090        1995.26231496887960135245539673953490      
   11.220184543019652        1995.26231496887960135245539673953490      
   15.135612484362071        1995.26231496887960135245539673953490      
   20.417379446695318        1995.26231496887960135245539673953490      
   27.542287033381744        1995.26231496887960135245539673953490      
   37.153522909717275        1995.26231496887960135245539673953490      
   50.118723362727351        1995.26231496887960135245539673953490      
   67.608297539198190        1995.26231496887960135245539673953490      
   91.201083935591143        1995.26231496887960135245539673953490      
   123.02687708123811        1995.26231496887960135245539673953490      
   165.95869074375631        1995.26231496887960135245539673953490      
   223.87211385683378        1995.26231496887960135245539673953490      
   301.99517204020191        1995.26231496887960135245539673953490      
   407.38027780411386        1995.26231496887960135245539673953490      
   549.54087385762477        1995.26231496887960135245539673953490      
   741.31024130091919        1995.26231496887960135245539673953490      
   1000.0000000000000        1995.26231496887960135245539673953490      
   1.0000000000000000E-010   2238.72113856833961195495085246574260      
   1.3489628825916532E-010   2238.72113856833961195495085246574260      
   1.8197008586099827E-010   2238.72113856833961195495085246574260      
   2.4547089156850315E-010   2238.72113856833961195495085246574260      
   3.3113112148259112E-010   2238.72113856833961195495085246574260      
   4.4668359215096305E-010   2238.72113856833961195495085246574260      
   6.0255958607435815E-010   2238.72113856833961195495085246574260      
   8.1283051616409944E-010   2238.72113856833961195495085246574260      
   1.0964781961431852E-009   2238.72113856833961195495085246574260      
   1.4791083881682072E-009   2238.72113856833961195495085246574260      
   1.9952623149688791E-009   2238.72113856833961195495085246574260      
   2.6915348039269167E-009   2238.72113856833961195495085246574260      
   3.6307805477010139E-009   2238.72113856833961195495085246574260      
   4.8977881936844609E-009   2238.72113856833961195495085246574260      
   6.6069344800759643E-009   2238.72113856833961195495085246574260      
   8.9125093813374596E-009   2238.72113856833961195495085246574260      
   1.2022644346174132E-008   2238.72113856833961195495085246574260      
   1.6218100973589300E-008   2238.72113856833961195495085246574260      
   2.1877616239495521E-008   2238.72113856833961195495085246574260      
   2.9512092266663871E-008   2238.72113856833961195495085246574260      
   3.9810717055349736E-008   2238.72113856833961195495085246574260      
   5.3703179637025271E-008   2238.72113856833961195495085246574260      
   7.2443596007499061E-008   2238.72113856833961195495085246574260      
   9.7723722095581110E-008   2238.72113856833961195495085246574260      
   1.3182567385564072E-007   2238.72113856833961195495085246574260      
   1.7782794100389230E-007   2238.72113856833961195495085246574260      
   2.3988329190194898E-007   2238.72113856833961195495085246574260      
   3.2359365692962843E-007   2238.72113856833961195495085246574260      
   4.3651583224016610E-007   2238.72113856833961195495085246574260      
   5.8884365535558903E-007   2238.72113856833961195495085246574260      
   7.9432823472428220E-007   2238.72113856833961195495085246574260      
   1.0715193052376070E-006   2238.72113856833961195495085246574260      
   1.4454397707459279E-006   2238.72113856833961195495085246574260      
   1.9498445997580454E-006   2238.72113856833961195495085246574260      
   2.6302679918953812E-006   2238.72113856833961195495085246574260      
   3.5481338923357534E-006   2238.72113856833961195495085246574260      
   4.7863009232263809E-006   2238.72113856833961195495085246574260      
   6.4565422903465625E-006   2238.72113856833961195495085246574260      
   8.7096358995608141E-006   2238.72113856833961195495085246574260      
   1.1748975549395302E-005   2238.72113856833961195495085246574260      
   1.5848931924611141E-005   2238.72113856833961195495085246574260      
   2.1379620895022323E-005   2238.72113856833961195495085246574260      
   2.8840315031266060E-005   2238.72113856833961195495085246574260      
   3.8904514499428046E-005   2238.72113856833961195495085246574260      
   5.2480746024977334E-005   2238.72113856833961195495085246574260      
   7.0794578438413880E-005   2238.72113856833961195495085246574260      
   9.5499258602143688E-005   2238.72113856833961195495085246574260      
   1.2882495516931347E-004   2238.72113856833961195495085246574260      
   1.7378008287493763E-004   2238.72113856833961195495085246574260      
   2.3442288153199226E-004   2238.72113856833961195495085246574260      
   3.1622776601683794E-004   2238.72113856833961195495085246574260      
   4.2657951880159252E-004   2238.72113856833961195495085246574260      
   5.7543993733715664E-004   2238.72113856833961195495085246574260      
   7.7624711662869280E-004   2238.72113856833961195495085246574260      
   1.0471285480509007E-003   2238.72113856833961195495085246574260      
   1.4125375446227555E-003   2238.72113856833961195495085246574260      
   1.9054607179632482E-003   2238.72113856833961195495085246574260      
   2.5703957827688645E-003   2238.72113856833961195495085246574260      
   3.4673685045253171E-003   2238.72113856833961195495085246574260      
   4.6773514128719811E-003   2238.72113856833961195495085246574260      
   6.3095734448019433E-003   2238.72113856833961195495085246574260      
   8.5113803820237779E-003   2238.72113856833961195495085246574260      
   1.1481536214968840E-002   2238.72113856833961195495085246574260      
   1.5488166189124795E-002   2238.72113856833961195495085246574260      
   2.0892961308540410E-002   2238.72113856833961195495085246574260      
   2.8183829312644609E-002   2238.72113856833961195495085246574260      
   3.8018939632056131E-002   2238.72113856833961195495085246574260      
   5.1286138399136587E-002   2238.72113856833961195495085246574260      
   6.9183097091893617E-002   2238.72113856833961195495085246574260      
   9.3325430079699248E-002   2238.72113856833961195495085246574260      
  0.12589254117941662        2238.72113856833961195495085246574260      
  0.16982436524617459        2238.72113856833961195495085246574260      
  0.22908676527677702        2238.72113856833961195495085246574260      
  0.30902954325135917        2238.72113856833961195495085246574260      
  0.41686938347033636        2238.72113856833961195495085246574260      
  0.56234132519034918        2238.72113856833961195495085246574260      
  0.75857757502918510        2238.72113856833961195495085246574260      
   1.0232929922807537        2238.72113856833961195495085246574260      
   1.3803842646028868        2238.72113856833961195495085246574260      
   1.8620871366628655        2238.72113856833961195495085246574260      
   2.5118864315095824        2238.72113856833961195495085246574260      
   3.3884415613920345        2238.72113856833961195495085246574260      
   4.5708818961487516        2238.72113856833961195495085246574260      
   6.1659500186148355        2238.72113856833961195495085246574260      
   8.3176377110267090        2238.72113856833961195495085246574260      
   11.220184543019652        2238.72113856833961195495085246574260      
   15.135612484362071        2238.72113856833961195495085246574260      
   20.417379446695318        2238.72113856833961195495085246574260      
   27.542287033381744        2238.72113856833961195495085246574260      
   37.153522909717275        2238.72113856833961195495085246574260      
   50.118723362727351        2238.72113856833961195495085246574260      
   67.608297539198190        2238.72113856833961195495085246574260      
   91.201083935591143        2238.72113856833961195495085246574260      
   123.02687708123811        2238.72113856833961195495085246574260      
   165.95869074375631        2238.72113856833961195495085246574260      
   223.87211385683378        2238.72113856833961195495085246574260      
   301.99517204020191        2238.72113856833961195495085246574260      
   407.38027780411386        2238.72113856833961195495085246574260      
   549.54087385762477        2238.72113856833961195495085246574260      
   741.31024130091919        2238.72113856833961195495085246574260      
   1000.0000000000000        2238.72113856833961195495085246574260      
   1.0000000000000000E-010   2511.88643150958011108503206779932692      
   1.3489628825916532E-010   2511.88643150958011108503206779932692      
   1.8197008586099827E-010   2511.88643150958011108503206779932692      
   2.4547089156850315E-010   2511.88643150958011108503206779932692      
   3.3113112148259112E-010   2511.88643150958011108503206779932692      
   4.4668359215096305E-010   2511.88643150958011108503206779932692      
   6.0255958607435815E-010   2511.88643150958011108503206779932692      
   8.1283051616409944E-010   2511.88643150958011108503206779932692      
   1.0964781961431852E-009   2511.88643150958011108503206779932692      
   1.4791083881682072E-009   2511.88643150958011108503206779932692      
   1.9952623149688791E-009   2511.88643150958011108503206779932692      
   2.6915348039269167E-009   2511.88643150958011108503206779932692      
   3.6307805477010139E-009   2511.88643150958011108503206779932692      
   4.8977881936844609E-009   2511.88643150958011108503206779932692      
   6.6069344800759643E-009   2511.88643150958011108503206779932692      
   8.9125093813374596E-009   2511.88643150958011108503206779932692      
   1.2022644346174132E-008   2511.88643150958011108503206779932692      
   1.6218100973589300E-008   2511.88643150958011108503206779932692      
   2.1877616239495521E-008   2511.88643150958011108503206779932692      
   2.9512092266663871E-008   2511.88643150958011108503206779932692      
   3.9810717055349736E-008   2511.88643150958011108503206779932692      
   5.3703179637025271E-008   2511.88643150958011108503206779932692      
   7.2443596007499061E-008   2511.88643150958011108503206779932692      
   9.7723722095581110E-008   2511.88643150958011108503206779932692      
   1.3182567385564072E-007   2511.88643150958011108503206779932692      
   1.7782794100389230E-007   2511.88643150958011108503206779932692      
   2.3988329190194898E-007   2511.88643150958011108503206779932692      
   3.2359365692962843E-007   2511.88643150958011108503206779932692      
   4.3651583224016610E-007   2511.88643150958011108503206779932692      
   5.8884365535558903E-007   2511.88643150958011108503206779932692      
   7.9432823472428220E-007   2511.88643150958011108503206779932692      
   1.0715193052376070E-006   2511.88643150958011108503206779932692      
   1.4454397707459279E-006   2511.88643150958011108503206779932692      
   1.9498445997580454E-006   2511.88643150958011108503206779932692      
   2.6302679918953812E-006   2511.88643150958011108503206779932692      
   3.5481338923357534E-006   2511.88643150958011108503206779932692      
   4.7863009232263809E-006   2511.88643150958011108503206779932692      
   6.4565422903465625E-006   2511.88643150958011108503206779932692      
   8.7096358995608141E-006   2511.88643150958011108503206779932692      
   1.1748975549395302E-005   2511.88643150958011108503206779932692      
   1.5848931924611141E-005   2511.88643150958011108503206779932692      
   2.1379620895022323E-005   2511.88643150958011108503206779932692      
   2.8840315031266060E-005   2511.88643150958011108503206779932692      
   3.8904514499428046E-005   2511.88643150958011108503206779932692      
   5.2480746024977334E-005   2511.88643150958011108503206779932692      
   7.0794578438413880E-005   2511.88643150958011108503206779932692      
   9.5499258602143688E-005   2511.88643150958011108503206779932692      
   1.2882495516931347E-004   2511.88643150958011108503206779932692      
   1.7378008287493763E-004   2511.88643150958011108503206779932692      
   2.3442288153199226E-004   2511.88643150958011108503206779932692      
   3.1622776601683794E-004   2511.88643150958011108503206779932692      
   4.2657951880159252E-004   2511.88643150958011108503206779932692      
   5.7543993733715664E-004   2511.88643150958011108503206779932692      
   7.7624711662869280E-004   2511.88643150958011108503206779932692      
   1.0471285480509007E-003   2511.88643150958011108503206779932692      
   1.4125375446227555E-003   2511.88643150958011108503206779932692      
   1.9054607179632482E-003   2511.88643150958011108503206779932692      
   2.5703957827688645E-003   2511.88643150958011108503206779932692      
   3.4673685045253171E-003   2511.88643150958011108503206779932692      
   4.6773514128719811E-003   2511.88643150958011108503206779932692      
   6.3095734448019433E-003   2511.88643150958011108503206779932692      
   8.5113803820237779E-003   2511.88643150958011108503206779932692      
   1.1481536214968840E-002   2511.88643150958011108503206779932692      
   1.5488166189124795E-002   2511.88643150958011108503206779932692      
   2.0892961308540410E-002   2511.88643150958011108503206779932692      
   2.8183829312644609E-002   2511.88643150958011108503206779932692      
   3.8018939632056131E-002   2511.88643150958011108503206779932692      
   5.1286138399136587E-002   2511.88643150958011108503206779932692      
   6.9183097091893617E-002   2511.88643150958011108503206779932692      
   9.3325430079699248E-002   2511.88643150958011108503206779932692      
  0.12589254117941662        2511.88643150958011108503206779932692      
  0.16982436524617459        2511.88643150958011108503206779932692      
  0.22908676527677702        2511.88643150958011108503206779932692      
  0.30902954325135917        2511.88643150958011108503206779932692      
  0.41686938347033636        2511.88643150958011108503206779932692      
  0.56234132519034918        2511.88643150958011108503206779932692      
  0.75857757502918510        2511.88643150958011108503206779932692      
   1.0232929922807537        2511.88643150958011108503206779932692      
   1.3803842646028868        2511.88643150958011108503206779932692      
   1.8620871366628655        2511.88643150958011108503206779932692      
   2.5118864315095824        2511.88643150958011108503206779932692      
   3.3884415613920345        2511.88643150958011108503206779932692      
   4.5708818961487516        2511.88643150958011108503206779932692      
   6.1659500186148355        2511.88643150958011108503206779932692      
   8.3176377110267090        2511.88643150958011108503206779932692      
   11.220184543019652        2511.88643150958011108503206779932692      
   15.135612484362071        2511.88643150958011108503206779932692      
   20.417379446695318        2511.88643150958011108503206779932692      
   27.542287033381744        2511.88643150958011108503206779932692      
   37.153522909717275        2511.88643150958011108503206779932692      
   50.118723362727351        2511.88643150958011108503206779932692      
   67.608297539198190        2511.88643150958011108503206779932692      
   91.201083935591143        2511.88643150958011108503206779932692      
   123.02687708123811        2511.88643150958011108503206779932692      
   165.95869074375631        2511.88643150958011108503206779932692      
   223.87211385683378        2511.88643150958011108503206779932692      
   301.99517204020191        2511.88643150958011108503206779932692      
   407.38027780411386        2511.88643150958011108503206779932692      
   549.54087385762477        2511.88643150958011108503206779932692      
   741.31024130091919        2511.88643150958011108503206779932692      
   1000.0000000000000        2511.88643150958011108503206779932692      
   1.0000000000000000E-010   2818.38293126445381910192369915511159      
   1.3489628825916532E-010   2818.38293126445381910192369915511159      
   1.8197008586099827E-010   2818.38293126445381910192369915511159      
   2.4547089156850315E-010   2818.38293126445381910192369915511159      
   3.3113112148259112E-010   2818.38293126445381910192369915511159      
   4.4668359215096305E-010   2818.38293126445381910192369915511159      
   6.0255958607435815E-010   2818.38293126445381910192369915511159      
   8.1283051616409944E-010   2818.38293126445381910192369915511159      
   1.0964781961431852E-009   2818.38293126445381910192369915511159      
   1.4791083881682072E-009   2818.38293126445381910192369915511159      
   1.9952623149688791E-009   2818.38293126445381910192369915511159      
   2.6915348039269167E-009   2818.38293126445381910192369915511159      
   3.6307805477010139E-009   2818.38293126445381910192369915511159      
   4.8977881936844609E-009   2818.38293126445381910192369915511159      
   6.6069344800759643E-009   2818.38293126445381910192369915511159      
   8.9125093813374596E-009   2818.38293126445381910192369915511159      
   1.2022644346174132E-008   2818.38293126445381910192369915511159      
   1.6218100973589300E-008   2818.38293126445381910192369915511159      
   2.1877616239495521E-008   2818.38293126445381910192369915511159      
   2.9512092266663871E-008   2818.38293126445381910192369915511159      
   3.9810717055349736E-008   2818.38293126445381910192369915511159      
   5.3703179637025271E-008   2818.38293126445381910192369915511159      
   7.2443596007499061E-008   2818.38293126445381910192369915511159      
   9.7723722095581110E-008   2818.38293126445381910192369915511159      
   1.3182567385564072E-007   2818.38293126445381910192369915511159      
   1.7782794100389230E-007   2818.38293126445381910192369915511159      
   2.3988329190194898E-007   2818.38293126445381910192369915511159      
   3.2359365692962843E-007   2818.38293126445381910192369915511159      
   4.3651583224016610E-007   2818.38293126445381910192369915511159      
   5.8884365535558903E-007   2818.38293126445381910192369915511159      
   7.9432823472428220E-007   2818.38293126445381910192369915511159      
   1.0715193052376070E-006   2818.38293126445381910192369915511159      
   1.4454397707459279E-006   2818.38293126445381910192369915511159      
   1.9498445997580454E-006   2818.38293126445381910192369915511159      
   2.6302679918953812E-006   2818.38293126445381910192369915511159      
   3.5481338923357534E-006   2818.38293126445381910192369915511159      
   4.7863009232263809E-006   2818.38293126445381910192369915511159      
   6.4565422903465625E-006   2818.38293126445381910192369915511159      
   8.7096358995608141E-006   2818.38293126445381910192369915511159      
   1.1748975549395302E-005   2818.38293126445381910192369915511159      
   1.5848931924611141E-005   2818.38293126445381910192369915511159      
   2.1379620895022323E-005   2818.38293126445381910192369915511159      
   2.8840315031266060E-005   2818.38293126445381910192369915511159      
   3.8904514499428046E-005   2818.38293126445381910192369915511159      
   5.2480746024977334E-005   2818.38293126445381910192369915511159      
   7.0794578438413880E-005   2818.38293126445381910192369915511159      
   9.5499258602143688E-005   2818.38293126445381910192369915511159      
   1.2882495516931347E-004   2818.38293126445381910192369915511159      
   1.7378008287493763E-004   2818.38293126445381910192369915511159      
   2.3442288153199226E-004   2818.38293126445381910192369915511159      
   3.1622776601683794E-004   2818.38293126445381910192369915511159      
   4.2657951880159252E-004   2818.38293126445381910192369915511159      
   5.7543993733715664E-004   2818.38293126445381910192369915511159      
   7.7624711662869280E-004   2818.38293126445381910192369915511159      
   1.0471285480509007E-003   2818.38293126445381910192369915511159      
   1.4125375446227555E-003   2818.38293126445381910192369915511159      
   1.9054607179632482E-003   2818.38293126445381910192369915511159      
   2.5703957827688645E-003   2818.38293126445381910192369915511159      
   3.4673685045253171E-003   2818.38293126445381910192369915511159      
   4.6773514128719811E-003   2818.38293126445381910192369915511159      
   6.3095734448019433E-003   2818.38293126445381910192369915511159      
   8.5113803820237779E-003   2818.38293126445381910192369915511159      
   1.1481536214968840E-002   2818.38293126445381910192369915511159      
   1.5488166189124795E-002   2818.38293126445381910192369915511159      
   2.0892961308540410E-002   2818.38293126445381910192369915511159      
   2.8183829312644609E-002   2818.38293126445381910192369915511159      
   3.8018939632056131E-002   2818.38293126445381910192369915511159      
   5.1286138399136587E-002   2818.38293126445381910192369915511159      
   6.9183097091893617E-002   2818.38293126445381910192369915511159      
   9.3325430079699248E-002   2818.38293126445381910192369915511159      
  0.12589254117941662        2818.38293126445381910192369915511159      
  0.16982436524617459        2818.38293126445381910192369915511159      
  0.22908676527677702        2818.38293126445381910192369915511159      
  0.30902954325135917        2818.38293126445381910192369915511159      
  0.41686938347033636        2818.38293126445381910192369915511159      
  0.56234132519034918        2818.38293126445381910192369915511159      
  0.75857757502918510        2818.38293126445381910192369915511159      
   1.0232929922807537        2818.38293126445381910192369915511159      
   1.3803842646028868        2818.38293126445381910192369915511159      
   1.8620871366628655        2818.38293126445381910192369915511159      
   2.5118864315095824        2818.38293126445381910192369915511159      
   3.3884415613920345        2818.38293126445381910192369915511159      
   4.5708818961487516        2818.38293126445381910192369915511159      
   6.1659500186148355        2818.38293126445381910192369915511159      
   8.3176377110267090        2818.38293126445381910192369915511159      
   11.220184543019652        2818.38293126445381910192369915511159      
   15.135612484362071        2818.38293126445381910192369915511159      
   20.417379446695318        2818.38293126445381910192369915511159      
   27.542287033381744        2818.38293126445381910192369915511159      
   37.153522909717275        2818.38293126445381910192369915511159      
   50.118723362727351        2818.38293126445381910192369915511159      
   67.608297539198190        2818.38293126445381910192369915511159      
   91.201083935591143        2818.38293126445381910192369915511159      
   123.02687708123811        2818.38293126445381910192369915511159      
   165.95869074375631        2818.38293126445381910192369915511159      
   223.87211385683378        2818.38293126445381910192369915511159      
   301.99517204020191        2818.38293126445381910192369915511159      
   407.38027780411386        2818.38293126445381910192369915511159      
   549.54087385762477        2818.38293126445381910192369915511159      
   741.31024130091919        2818.38293126445381910192369915511159      
   1000.0000000000000        2818.38293126445381910192369915511159      
   1.0000000000000000E-010   3162.27766016837933199889354443271840      
   1.3489628825916532E-010   3162.27766016837933199889354443271840      
   1.8197008586099827E-010   3162.27766016837933199889354443271840      
   2.4547089156850315E-010   3162.27766016837933199889354443271840      
   3.3113112148259112E-010   3162.27766016837933199889354443271840      
   4.4668359215096305E-010   3162.27766016837933199889354443271840      
   6.0255958607435815E-010   3162.27766016837933199889354443271840      
   8.1283051616409944E-010   3162.27766016837933199889354443271840      
   1.0964781961431852E-009   3162.27766016837933199889354443271840      
   1.4791083881682072E-009   3162.27766016837933199889354443271840      
   1.9952623149688791E-009   3162.27766016837933199889354443271840      
   2.6915348039269167E-009   3162.27766016837933199889354443271840      
   3.6307805477010139E-009   3162.27766016837933199889354443271840      
   4.8977881936844609E-009   3162.27766016837933199889354443271840      
   6.6069344800759643E-009   3162.27766016837933199889354443271840      
   8.9125093813374596E-009   3162.27766016837933199889354443271840      
   1.2022644346174132E-008   3162.27766016837933199889354443271840      
   1.6218100973589300E-008   3162.27766016837933199889354443271840      
   2.1877616239495521E-008   3162.27766016837933199889354443271840      
   2.9512092266663871E-008   3162.27766016837933199889354443271840      
   3.9810717055349736E-008   3162.27766016837933199889354443271840      
   5.3703179637025271E-008   3162.27766016837933199889354443271840      
   7.2443596007499061E-008   3162.27766016837933199889354443271840      
   9.7723722095581110E-008   3162.27766016837933199889354443271840      
   1.3182567385564072E-007   3162.27766016837933199889354443271840      
   1.7782794100389230E-007   3162.27766016837933199889354443271840      
   2.3988329190194898E-007   3162.27766016837933199889354443271840      
   3.2359365692962843E-007   3162.27766016837933199889354443271840      
   4.3651583224016610E-007   3162.27766016837933199889354443271840      
   5.8884365535558903E-007   3162.27766016837933199889354443271840      
   7.9432823472428220E-007   3162.27766016837933199889354443271840      
   1.0715193052376070E-006   3162.27766016837933199889354443271840      
   1.4454397707459279E-006   3162.27766016837933199889354443271840      
   1.9498445997580454E-006   3162.27766016837933199889354443271840      
   2.6302679918953812E-006   3162.27766016837933199889354443271840      
   3.5481338923357534E-006   3162.27766016837933199889354443271840      
   4.7863009232263809E-006   3162.27766016837933199889354443271840      
   6.4565422903465625E-006   3162.27766016837933199889354443271840      
   8.7096358995608141E-006   3162.27766016837933199889354443271840      
   1.1748975549395302E-005   3162.27766016837933199889354443271840      
   1.5848931924611141E-005   3162.27766016837933199889354443271840      
   2.1379620895022323E-005   3162.27766016837933199889354443271840      
   2.8840315031266060E-005   3162.27766016837933199889354443271840      
   3.8904514499428046E-005   3162.27766016837933199889354443271840      
   5.2480746024977334E-005   3162.27766016837933199889354443271840      
   7.0794578438413880E-005   3162.27766016837933199889354443271840      
   9.5499258602143688E-005   3162.27766016837933199889354443271840      
   1.2882495516931347E-004   3162.27766016837933199889354443271840      
   1.7378008287493763E-004   3162.27766016837933199889354443271840      
   2.3442288153199226E-004   3162.27766016837933199889354443271840      
   3.1622776601683794E-004   3162.27766016837933199889354443271840      
   4.2657951880159252E-004   3162.27766016837933199889354443271840      
   5.7543993733715664E-004   3162.27766016837933199889354443271840      
   7.7624711662869280E-004   3162.27766016837933199889354443271840      
   1.0471285480509007E-003   3162.27766016837933199889354443271840      
   1.4125375446227555E-003   3162.27766016837933199889354443271840      
   1.9054607179632482E-003   3162.27766016837933199889354443271840      
   2.5703957827688645E-003   3162.27766016837933199889354443271840      
   3.4673685045253171E-003   3162.27766016837933199889354443271840      
   4.6773514128719811E-003   3162.27766016837933199889354443271840      
   6.3095734448019433E-003   3162.27766016837933199889354443271840      
   8.5113803820237779E-003   3162.27766016837933199889354443271840      
   1.1481536214968840E-002   3162.27766016837933199889354443271840      
   1.5488166189124795E-002   3162.27766016837933199889354443271840      
   2.0892961308540410E-002   3162.27766016837933199889354443271840      
   2.8183829312644609E-002   3162.27766016837933199889354443271840      
   3.8018939632056131E-002   3162.27766016837933199889354443271840      
   5.1286138399136587E-002   3162.27766016837933199889354443271840      
   6.9183097091893617E-002   3162.27766016837933199889354443271840      
   9.3325430079699248E-002   3162.27766016837933199889354443271840      
  0.12589254117941662        3162.27766016837933199889354443271840      
  0.16982436524617459        3162.27766016837933199889354443271840      
  0.22908676527677702        3162.27766016837933199889354443271840      
  0.30902954325135917        3162.27766016837933199889354443271840      
  0.41686938347033636        3162.27766016837933199889354443271840      
  0.56234132519034918        3162.27766016837933199889354443271840      
  0.75857757502918510        3162.27766016837933199889354443271840      
   1.0232929922807537        3162.27766016837933199889354443271840      
   1.3803842646028868        3162.27766016837933199889354443271840      
   1.8620871366628655        3162.27766016837933199889354443271840      
   2.5118864315095824        3162.27766016837933199889354443271840      
   3.3884415613920345        3162.27766016837933199889354443271840      
   4.5708818961487516        3162.27766016837933199889354443271840      
   6.1659500186148355        3162.27766016837933199889354443271840      
   8.3176377110267090        3162.27766016837933199889354443271840      
   11.220184543019652        3162.27766016837933199889354443271840      
   15.135612484362071        3162.27766016837933199889354443271840      
   20.417379446695318        3162.27766016837933199889354443271840      
   27.542287033381744        3162.27766016837933199889354443271840      
   37.153522909717275        3162.27766016837933199889354443271840      
   50.118723362727351        3162.27766016837933199889354443271840      
   67.608297539198190        3162.27766016837933199889354443271840      
   91.201083935591143        3162.27766016837933199889354443271840      
   123.02687708123811        3162.27766016837933199889354443271840      
   165.95869074375631        3162.27766016837933199889354443271840      
   223.87211385683378        3162.27766016837933199889354443271840      
   301.99517204020191        3162.27766016837933199889354443271840      
   407.38027780411386        3162.27766016837933199889354443271840      
   549.54087385762477        3162.27766016837933199889354443271840      
   741.31024130091919        3162.27766016837933199889354443271840      
   1000.0000000000000        3162.27766016837933199889354443271840      
   1.0000000000000000E-010   3548.13389233575458433218702264490498      
   1.3489628825916532E-010   3548.13389233575458433218702264490498      
   1.8197008586099827E-010   3548.13389233575458433218702264490498      
   2.4547089156850315E-010   3548.13389233575458433218702264490498      
   3.3113112148259112E-010   3548.13389233575458433218702264490498      
   4.4668359215096305E-010   3548.13389233575458433218702264490498      
   6.0255958607435815E-010   3548.13389233575458433218702264490498      
   8.1283051616409944E-010   3548.13389233575458433218702264490498      
   1.0964781961431852E-009   3548.13389233575458433218702264490498      
   1.4791083881682072E-009   3548.13389233575458433218702264490498      
   1.9952623149688791E-009   3548.13389233575458433218702264490498      
   2.6915348039269167E-009   3548.13389233575458433218702264490498      
   3.6307805477010139E-009   3548.13389233575458433218702264490498      
   4.8977881936844609E-009   3548.13389233575458433218702264490498      
   6.6069344800759643E-009   3548.13389233575458433218702264490498      
   8.9125093813374596E-009   3548.13389233575458433218702264490498      
   1.2022644346174132E-008   3548.13389233575458433218702264490498      
   1.6218100973589300E-008   3548.13389233575458433218702264490498      
   2.1877616239495521E-008   3548.13389233575458433218702264490498      
   2.9512092266663871E-008   3548.13389233575458433218702264490498      
   3.9810717055349736E-008   3548.13389233575458433218702264490498      
   5.3703179637025271E-008   3548.13389233575458433218702264490498      
   7.2443596007499061E-008   3548.13389233575458433218702264490498      
   9.7723722095581110E-008   3548.13389233575458433218702264490498      
   1.3182567385564072E-007   3548.13389233575458433218702264490498      
   1.7782794100389230E-007   3548.13389233575458433218702264490498      
   2.3988329190194898E-007   3548.13389233575458433218702264490498      
   3.2359365692962843E-007   3548.13389233575458433218702264490498      
   4.3651583224016610E-007   3548.13389233575458433218702264490498      
   5.8884365535558903E-007   3548.13389233575458433218702264490498      
   7.9432823472428220E-007   3548.13389233575458433218702264490498      
   1.0715193052376070E-006   3548.13389233575458433218702264490498      
   1.4454397707459279E-006   3548.13389233575458433218702264490498      
   1.9498445997580454E-006   3548.13389233575458433218702264490498      
   2.6302679918953812E-006   3548.13389233575458433218702264490498      
   3.5481338923357534E-006   3548.13389233575458433218702264490498      
   4.7863009232263809E-006   3548.13389233575458433218702264490498      
   6.4565422903465625E-006   3548.13389233575458433218702264490498      
   8.7096358995608141E-006   3548.13389233575458433218702264490498      
   1.1748975549395302E-005   3548.13389233575458433218702264490498      
   1.5848931924611141E-005   3548.13389233575458433218702264490498      
   2.1379620895022323E-005   3548.13389233575458433218702264490498      
   2.8840315031266060E-005   3548.13389233575458433218702264490498      
   3.8904514499428046E-005   3548.13389233575458433218702264490498      
   5.2480746024977334E-005   3548.13389233575458433218702264490498      
   7.0794578438413880E-005   3548.13389233575458433218702264490498      
   9.5499258602143688E-005   3548.13389233575458433218702264490498      
   1.2882495516931347E-004   3548.13389233575458433218702264490498      
   1.7378008287493763E-004   3548.13389233575458433218702264490498      
   2.3442288153199226E-004   3548.13389233575458433218702264490498      
   3.1622776601683794E-004   3548.13389233575458433218702264490498      
   4.2657951880159252E-004   3548.13389233575458433218702264490498      
   5.7543993733715664E-004   3548.13389233575458433218702264490498      
   7.7624711662869280E-004   3548.13389233575458433218702264490498      
   1.0471285480509007E-003   3548.13389233575458433218702264490498      
   1.4125375446227555E-003   3548.13389233575458433218702264490498      
   1.9054607179632482E-003   3548.13389233575458433218702264490498      
   2.5703957827688645E-003   3548.13389233575458433218702264490498      
   3.4673685045253171E-003   3548.13389233575458433218702264490498      
   4.6773514128719811E-003   3548.13389233575458433218702264490498      
   6.3095734448019433E-003   3548.13389233575458433218702264490498      
   8.5113803820237779E-003   3548.13389233575458433218702264490498      
   1.1481536214968840E-002   3548.13389233575458433218702264490498      
   1.5488166189124795E-002   3548.13389233575458433218702264490498      
   2.0892961308540410E-002   3548.13389233575458433218702264490498      
   2.8183829312644609E-002   3548.13389233575458433218702264490498      
   3.8018939632056131E-002   3548.13389233575458433218702264490498      
   5.1286138399136587E-002   3548.13389233575458433218702264490498      
   6.9183097091893617E-002   3548.13389233575458433218702264490498      
   9.3325430079699248E-002   3548.13389233575458433218702264490498      
  0.12589254117941662        3548.13389233575458433218702264490498      
  0.16982436524617459        3548.13389233575458433218702264490498      
  0.22908676527677702        3548.13389233575458433218702264490498      
  0.30902954325135917        3548.13389233575458433218702264490498      
  0.41686938347033636        3548.13389233575458433218702264490498      
  0.56234132519034918        3548.13389233575458433218702264490498      
  0.75857757502918510        3548.13389233575458433218702264490498      
   1.0232929922807537        3548.13389233575458433218702264490498      
   1.3803842646028868        3548.13389233575458433218702264490498      
   1.8620871366628655        3548.13389233575458433218702264490498      
   2.5118864315095824        3548.13389233575458433218702264490498      
   3.3884415613920345        3548.13389233575458433218702264490498      
   4.5708818961487516        3548.13389233575458433218702264490498      
   6.1659500186148355        3548.13389233575458433218702264490498      
   8.3176377110267090        3548.13389233575458433218702264490498      
   11.220184543019652        3548.13389233575458433218702264490498      
   15.135612484362071        3548.13389233575458433218702264490498      
   20.417379446695318        3548.13389233575458433218702264490498      
   27.542287033381744        3548.13389233575458433218702264490498      
   37.153522909717275        3548.13389233575458433218702264490498      
   50.118723362727351        3548.13389233575458433218702264490498      
   67.608297539198190        3548.13389233575458433218702264490498      
   91.201083935591143        3548.13389233575458433218702264490498      
   123.02687708123811        3548.13389233575458433218702264490498      
   165.95869074375631        3548.13389233575458433218702264490498      
   223.87211385683378        3548.13389233575458433218702264490498      
   301.99517204020191        3548.13389233575458433218702264490498      
   407.38027780411386        3548.13389233575458433218702264490498      
   549.54087385762477        3548.13389233575458433218702264490498      
   741.31024130091919        3548.13389233575458433218702264490498      
   1000.0000000000000        3548.13389233575458433218702264490498      
   1.0000000000000000E-010   3981.07170553497250770252305087752117      
   1.3489628825916532E-010   3981.07170553497250770252305087752117      
   1.8197008586099827E-010   3981.07170553497250770252305087752117      
   2.4547089156850315E-010   3981.07170553497250770252305087752117      
   3.3113112148259112E-010   3981.07170553497250770252305087752117      
   4.4668359215096305E-010   3981.07170553497250770252305087752117      
   6.0255958607435815E-010   3981.07170553497250770252305087752117      
   8.1283051616409944E-010   3981.07170553497250770252305087752117      
   1.0964781961431852E-009   3981.07170553497250770252305087752117      
   1.4791083881682072E-009   3981.07170553497250770252305087752117      
   1.9952623149688791E-009   3981.07170553497250770252305087752117      
   2.6915348039269167E-009   3981.07170553497250770252305087752117      
   3.6307805477010139E-009   3981.07170553497250770252305087752117      
   4.8977881936844609E-009   3981.07170553497250770252305087752117      
   6.6069344800759643E-009   3981.07170553497250770252305087752117      
   8.9125093813374596E-009   3981.07170553497250770252305087752117      
   1.2022644346174132E-008   3981.07170553497250770252305087752117      
   1.6218100973589300E-008   3981.07170553497250770252305087752117      
   2.1877616239495521E-008   3981.07170553497250770252305087752117      
   2.9512092266663871E-008   3981.07170553497250770252305087752117      
   3.9810717055349736E-008   3981.07170553497250770252305087752117      
   5.3703179637025271E-008   3981.07170553497250770252305087752117      
   7.2443596007499061E-008   3981.07170553497250770252305087752117      
   9.7723722095581110E-008   3981.07170553497250770252305087752117      
   1.3182567385564072E-007   3981.07170553497250770252305087752117      
   1.7782794100389230E-007   3981.07170553497250770252305087752117      
   2.3988329190194898E-007   3981.07170553497250770252305087752117      
   3.2359365692962843E-007   3981.07170553497250770252305087752117      
   4.3651583224016610E-007   3981.07170553497250770252305087752117      
   5.8884365535558903E-007   3981.07170553497250770252305087752117      
   7.9432823472428220E-007   3981.07170553497250770252305087752117      
   1.0715193052376070E-006   3981.07170553497250770252305087752117      
   1.4454397707459279E-006   3981.07170553497250770252305087752117      
   1.9498445997580454E-006   3981.07170553497250770252305087752117      
   2.6302679918953812E-006   3981.07170553497250770252305087752117      
   3.5481338923357534E-006   3981.07170553497250770252305087752117      
   4.7863009232263809E-006   3981.07170553497250770252305087752117      
   6.4565422903465625E-006   3981.07170553497250770252305087752117      
   8.7096358995608141E-006   3981.07170553497250770252305087752117      
   1.1748975549395302E-005   3981.07170553497250770252305087752117      
   1.5848931924611141E-005   3981.07170553497250770252305087752117      
   2.1379620895022323E-005   3981.07170553497250770252305087752117      
   2.8840315031266060E-005   3981.07170553497250770252305087752117      
   3.8904514499428046E-005   3981.07170553497250770252305087752117      
   5.2480746024977334E-005   3981.07170553497250770252305087752117      
   7.0794578438413880E-005   3981.07170553497250770252305087752117      
   9.5499258602143688E-005   3981.07170553497250770252305087752117      
   1.2882495516931347E-004   3981.07170553497250770252305087752117      
   1.7378008287493763E-004   3981.07170553497250770252305087752117      
   2.3442288153199226E-004   3981.07170553497250770252305087752117      
   3.1622776601683794E-004   3981.07170553497250770252305087752117      
   4.2657951880159252E-004   3981.07170553497250770252305087752117      
   5.7543993733715664E-004   3981.07170553497250770252305087752117      
   7.7624711662869280E-004   3981.07170553497250770252305087752117      
   1.0471285480509007E-003   3981.07170553497250770252305087752117      
   1.4125375446227555E-003   3981.07170553497250770252305087752117      
   1.9054607179632482E-003   3981.07170553497250770252305087752117      
   2.5703957827688645E-003   3981.07170553497250770252305087752117      
   3.4673685045253171E-003   3981.07170553497250770252305087752117      
   4.6773514128719811E-003   3981.07170553497250770252305087752117      
   6.3095734448019433E-003   3981.07170553497250770252305087752117      
   8.5113803820237779E-003   3981.07170553497250770252305087752117      
   1.1481536214968840E-002   3981.07170553497250770252305087752117      
   1.5488166189124795E-002   3981.07170553497250770252305087752117      
   2.0892961308540410E-002   3981.07170553497250770252305087752117      
   2.8183829312644609E-002   3981.07170553497250770252305087752117      
   3.8018939632056131E-002   3981.07170553497250770252305087752117      
   5.1286138399136587E-002   3981.07170553497250770252305087752117      
   6.9183097091893617E-002   3981.07170553497250770252305087752117      
   9.3325430079699248E-002   3981.07170553497250770252305087752117      
  0.12589254117941662        3981.07170553497250770252305087752117      
  0.16982436524617459        3981.07170553497250770252305087752117      
  0.22908676527677702        3981.07170553497250770252305087752117      
  0.30902954325135917        3981.07170553497250770252305087752117      
  0.41686938347033636        3981.07170553497250770252305087752117      
  0.56234132519034918        3981.07170553497250770252305087752117      
  0.75857757502918510        3981.07170553497250770252305087752117      
   1.0232929922807537        3981.07170553497250770252305087752117      
   1.3803842646028868        3981.07170553497250770252305087752117      
   1.8620871366628655        3981.07170553497250770252305087752117      
   2.5118864315095824        3981.07170553497250770252305087752117      
   3.3884415613920345        3981.07170553497250770252305087752117      
   4.5708818961487516        3981.07170553497250770252305087752117      
   6.1659500186148355        3981.07170553497250770252305087752117      
   8.3176377110267090        3981.07170553497250770252305087752117      
   11.220184543019652        3981.07170553497250770252305087752117      
   15.135612484362071        3981.07170553497250770252305087752117      
   20.417379446695318        3981.07170553497250770252305087752117      
   27.542287033381744        3981.07170553497250770252305087752117      
   37.153522909717275        3981.07170553497250770252305087752117      
   50.118723362727351        3981.07170553497250770252305087752117      
   67.608297539198190        3981.07170553497250770252305087752117      
   91.201083935591143        3981.07170553497250770252305087752117      
   123.02687708123811        3981.07170553497250770252305087752117      
   165.95869074375631        3981.07170553497250770252305087752117      
   223.87211385683378        3981.07170553497250770252305087752117      
   301.99517204020191        3981.07170553497250770252305087752117      
   407.38027780411386        3981.07170553497250770252305087752117      
   549.54087385762477        3981.07170553497250770252305087752117      
   741.31024130091919        3981.07170553497250770252305087752117      
   1000.0000000000000        3981.07170553497250770252305087752117      
   1.0000000000000000E-010   4466.83592150963118556250524319376966      
   1.3489628825916532E-010   4466.83592150963118556250524319376966      
   1.8197008586099827E-010   4466.83592150963118556250524319376966      
   2.4547089156850315E-010   4466.83592150963118556250524319376966      
   3.3113112148259112E-010   4466.83592150963118556250524319376966      
   4.4668359215096305E-010   4466.83592150963118556250524319376966      
   6.0255958607435815E-010   4466.83592150963118556250524319376966      
   8.1283051616409944E-010   4466.83592150963118556250524319376966      
   1.0964781961431852E-009   4466.83592150963118556250524319376966      
   1.4791083881682072E-009   4466.83592150963118556250524319376966      
   1.9952623149688791E-009   4466.83592150963118556250524319376966      
   2.6915348039269167E-009   4466.83592150963118556250524319376966      
   3.6307805477010139E-009   4466.83592150963118556250524319376966      
   4.8977881936844609E-009   4466.83592150963118556250524319376966      
   6.6069344800759643E-009   4466.83592150963118556250524319376966      
   8.9125093813374596E-009   4466.83592150963118556250524319376966      
   1.2022644346174132E-008   4466.83592150963118556250524319376966      
   1.6218100973589300E-008   4466.83592150963118556250524319376966      
   2.1877616239495521E-008   4466.83592150963118556250524319376966      
   2.9512092266663871E-008   4466.83592150963118556250524319376966      
   3.9810717055349736E-008   4466.83592150963118556250524319376966      
   5.3703179637025271E-008   4466.83592150963118556250524319376966      
   7.2443596007499061E-008   4466.83592150963118556250524319376966      
   9.7723722095581110E-008   4466.83592150963118556250524319376966      
   1.3182567385564072E-007   4466.83592150963118556250524319376966      
   1.7782794100389230E-007   4466.83592150963118556250524319376966      
   2.3988329190194898E-007   4466.83592150963118556250524319376966      
   3.2359365692962843E-007   4466.83592150963118556250524319376966      
   4.3651583224016610E-007   4466.83592150963118556250524319376966      
   5.8884365535558903E-007   4466.83592150963118556250524319376966      
   7.9432823472428220E-007   4466.83592150963118556250524319376966      
   1.0715193052376070E-006   4466.83592150963118556250524319376966      
   1.4454397707459279E-006   4466.83592150963118556250524319376966      
   1.9498445997580454E-006   4466.83592150963118556250524319376966      
   2.6302679918953812E-006   4466.83592150963118556250524319376966      
   3.5481338923357534E-006   4466.83592150963118556250524319376966      
   4.7863009232263809E-006   4466.83592150963118556250524319376966      
   6.4565422903465625E-006   4466.83592150963118556250524319376966      
   8.7096358995608141E-006   4466.83592150963118556250524319376966      
   1.1748975549395302E-005   4466.83592150963118556250524319376966      
   1.5848931924611141E-005   4466.83592150963118556250524319376966      
   2.1379620895022323E-005   4466.83592150963118556250524319376966      
   2.8840315031266060E-005   4466.83592150963118556250524319376966      
   3.8904514499428046E-005   4466.83592150963118556250524319376966      
   5.2480746024977334E-005   4466.83592150963118556250524319376966      
   7.0794578438413880E-005   4466.83592150963118556250524319376966      
   9.5499258602143688E-005   4466.83592150963118556250524319376966      
   1.2882495516931347E-004   4466.83592150963118556250524319376966      
   1.7378008287493763E-004   4466.83592150963118556250524319376966      
   2.3442288153199226E-004   4466.83592150963118556250524319376966      
   3.1622776601683794E-004   4466.83592150963118556250524319376966      
   4.2657951880159252E-004   4466.83592150963118556250524319376966      
   5.7543993733715664E-004   4466.83592150963118556250524319376966      
   7.7624711662869280E-004   4466.83592150963118556250524319376966      
   1.0471285480509007E-003   4466.83592150963118556250524319376966      
   1.4125375446227555E-003   4466.83592150963118556250524319376966      
   1.9054607179632482E-003   4466.83592150963118556250524319376966      
   2.5703957827688645E-003   4466.83592150963118556250524319376966      
   3.4673685045253171E-003   4466.83592150963118556250524319376966      
   4.6773514128719811E-003   4466.83592150963118556250524319376966      
   6.3095734448019433E-003   4466.83592150963118556250524319376966      
   8.5113803820237779E-003   4466.83592150963118556250524319376966      
   1.1481536214968840E-002   4466.83592150963118556250524319376966      
   1.5488166189124795E-002   4466.83592150963118556250524319376966      
   2.0892961308540410E-002   4466.83592150963118556250524319376966      
   2.8183829312644609E-002   4466.83592150963118556250524319376966      
   3.8018939632056131E-002   4466.83592150963118556250524319376966      
   5.1286138399136587E-002   4466.83592150963118556250524319376966      
   6.9183097091893617E-002   4466.83592150963118556250524319376966      
   9.3325430079699248E-002   4466.83592150963118556250524319376966      
  0.12589254117941662        4466.83592150963118556250524319376966      
  0.16982436524617459        4466.83592150963118556250524319376966      
  0.22908676527677702        4466.83592150963118556250524319376966      
  0.30902954325135917        4466.83592150963118556250524319376966      
  0.41686938347033636        4466.83592150963118556250524319376966      
  0.56234132519034918        4466.83592150963118556250524319376966      
  0.75857757502918510        4466.83592150963118556250524319376966      
   1.0232929922807537        4466.83592150963118556250524319376966      
   1.3803842646028868        4466.83592150963118556250524319376966      
   1.8620871366628655        4466.83592150963118556250524319376966      
   2.5118864315095824        4466.83592150963118556250524319376966      
   3.3884415613920345        4466.83592150963118556250524319376966      
   4.5708818961487516        4466.83592150963118556250524319376966      
   6.1659500186148355        4466.83592150963118556250524319376966      
   8.3176377110267090        4466.83592150963118556250524319376966      
   11.220184543019652        4466.83592150963118556250524319376966      
   15.135612484362071        4466.83592150963118556250524319376966      
   20.417379446695318        4466.83592150963118556250524319376966      
   27.542287033381744        4466.83592150963118556250524319376966      
   37.153522909717275        4466.83592150963118556250524319376966      
   50.118723362727351        4466.83592150963118556250524319376966      
   67.608297539198190        4466.83592150963118556250524319376966      
   91.201083935591143        4466.83592150963118556250524319376966      
   123.02687708123811        4466.83592150963118556250524319376966      
   165.95869074375631        4466.83592150963118556250524319376966      
   223.87211385683378        4466.83592150963118556250524319376966      
   301.99517204020191        4466.83592150963118556250524319376966      
   407.38027780411386        4466.83592150963118556250524319376966      
   549.54087385762477        4466.83592150963118556250524319376966      
   741.31024130091919        4466.83592150963118556250524319376966      
   1000.0000000000000        4466.83592150963118556250524319376966      
   1.0000000000000000E-010   5011.87233627272285001554186884945966      
   1.3489628825916532E-010   5011.87233627272285001554186884945966      
   1.8197008586099827E-010   5011.87233627272285001554186884945966      
   2.4547089156850315E-010   5011.87233627272285001554186884945966      
   3.3113112148259112E-010   5011.87233627272285001554186884945966      
   4.4668359215096305E-010   5011.87233627272285001554186884945966      
   6.0255958607435815E-010   5011.87233627272285001554186884945966      
   8.1283051616409944E-010   5011.87233627272285001554186884945966      
   1.0964781961431852E-009   5011.87233627272285001554186884945966      
   1.4791083881682072E-009   5011.87233627272285001554186884945966      
   1.9952623149688791E-009   5011.87233627272285001554186884945966      
   2.6915348039269167E-009   5011.87233627272285001554186884945966      
   3.6307805477010139E-009   5011.87233627272285001554186884945966      
   4.8977881936844609E-009   5011.87233627272285001554186884945966      
   6.6069344800759643E-009   5011.87233627272285001554186884945966      
   8.9125093813374596E-009   5011.87233627272285001554186884945966      
   1.2022644346174132E-008   5011.87233627272285001554186884945966      
   1.6218100973589300E-008   5011.87233627272285001554186884945966      
   2.1877616239495521E-008   5011.87233627272285001554186884945966      
   2.9512092266663871E-008   5011.87233627272285001554186884945966      
   3.9810717055349736E-008   5011.87233627272285001554186884945966      
   5.3703179637025271E-008   5011.87233627272285001554186884945966      
   7.2443596007499061E-008   5011.87233627272285001554186884945966      
   9.7723722095581110E-008   5011.87233627272285001554186884945966      
   1.3182567385564072E-007   5011.87233627272285001554186884945966      
   1.7782794100389230E-007   5011.87233627272285001554186884945966      
   2.3988329190194898E-007   5011.87233627272285001554186884945966      
   3.2359365692962843E-007   5011.87233627272285001554186884945966      
   4.3651583224016610E-007   5011.87233627272285001554186884945966      
   5.8884365535558903E-007   5011.87233627272285001554186884945966      
   7.9432823472428220E-007   5011.87233627272285001554186884945966      
   1.0715193052376070E-006   5011.87233627272285001554186884945966      
   1.4454397707459279E-006   5011.87233627272285001554186884945966      
   1.9498445997580454E-006   5011.87233627272285001554186884945966      
   2.6302679918953812E-006   5011.87233627272285001554186884945966      
   3.5481338923357534E-006   5011.87233627272285001554186884945966      
   4.7863009232263809E-006   5011.87233627272285001554186884945966      
   6.4565422903465625E-006   5011.87233627272285001554186884945966      
   8.7096358995608141E-006   5011.87233627272285001554186884945966      
   1.1748975549395302E-005   5011.87233627272285001554186884945966      
   1.5848931924611141E-005   5011.87233627272285001554186884945966      
   2.1379620895022323E-005   5011.87233627272285001554186884945966      
   2.8840315031266060E-005   5011.87233627272285001554186884945966      
   3.8904514499428046E-005   5011.87233627272285001554186884945966      
   5.2480746024977334E-005   5011.87233627272285001554186884945966      
   7.0794578438413880E-005   5011.87233627272285001554186884945966      
   9.5499258602143688E-005   5011.87233627272285001554186884945966      
   1.2882495516931347E-004   5011.87233627272285001554186884945966      
   1.7378008287493763E-004   5011.87233627272285001554186884945966      
   2.3442288153199226E-004   5011.87233627272285001554186884945966      
   3.1622776601683794E-004   5011.87233627272285001554186884945966      
   4.2657951880159252E-004   5011.87233627272285001554186884945966      
   5.7543993733715664E-004   5011.87233627272285001554186884945966      
   7.7624711662869280E-004   5011.87233627272285001554186884945966      
   1.0471285480509007E-003   5011.87233627272285001554186884945966      
   1.4125375446227555E-003   5011.87233627272285001554186884945966      
   1.9054607179632482E-003   5011.87233627272285001554186884945966      
   2.5703957827688645E-003   5011.87233627272285001554186884945966      
   3.4673685045253171E-003   5011.87233627272285001554186884945966      
   4.6773514128719811E-003   5011.87233627272285001554186884945966      
   6.3095734448019433E-003   5011.87233627272285001554186884945966      
   8.5113803820237779E-003   5011.87233627272285001554186884945966      
   1.1481536214968840E-002   5011.87233627272285001554186884945966      
   1.5488166189124795E-002   5011.87233627272285001554186884945966      
   2.0892961308540410E-002   5011.87233627272285001554186884945966      
   2.8183829312644609E-002   5011.87233627272285001554186884945966      
   3.8018939632056131E-002   5011.87233627272285001554186884945966      
   5.1286138399136587E-002   5011.87233627272285001554186884945966      
   6.9183097091893617E-002   5011.87233627272285001554186884945966      
   9.3325430079699248E-002   5011.87233627272285001554186884945966      
  0.12589254117941662        5011.87233627272285001554186884945966      
  0.16982436524617459        5011.87233627272285001554186884945966      
  0.22908676527677702        5011.87233627272285001554186884945966      
  0.30902954325135917        5011.87233627272285001554186884945966      
  0.41686938347033636        5011.87233627272285001554186884945966      
  0.56234132519034918        5011.87233627272285001554186884945966      
  0.75857757502918510        5011.87233627272285001554186884945966      
   1.0232929922807537        5011.87233627272285001554186884945966      
   1.3803842646028868        5011.87233627272285001554186884945966      
   1.8620871366628655        5011.87233627272285001554186884945966      
   2.5118864315095824        5011.87233627272285001554186884945966      
   3.3884415613920345        5011.87233627272285001554186884945966      
   4.5708818961487516        5011.87233627272285001554186884945966      
   6.1659500186148355        5011.87233627272285001554186884945966      
   8.3176377110267090        5011.87233627272285001554186884945966      
   11.220184543019652        5011.87233627272285001554186884945966      
   15.135612484362071        5011.87233627272285001554186884945966      
   20.417379446695318        5011.87233627272285001554186884945966      
   27.542287033381744        5011.87233627272285001554186884945966      
   37.153522909717275        5011.87233627272285001554186884945966      
   50.118723362727351        5011.87233627272285001554186884945966      
   67.608297539198190        5011.87233627272285001554186884945966      
   91.201083935591143        5011.87233627272285001554186884945966      
   123.02687708123811        5011.87233627272285001554186884945966      
   165.95869074375631        5011.87233627272285001554186884945966      
   223.87211385683378        5011.87233627272285001554186884945966      
   301.99517204020191        5011.87233627272285001554186884945966      
   407.38027780411386        5011.87233627272285001554186884945966      
   549.54087385762477        5011.87233627272285001554186884945966      
   741.31024130091919        5011.87233627272285001554186884945966      
   1000.0000000000000        5011.87233627272285001554186884945966      
   1.0000000000000000E-010   5623.41325190349080394951039776481247      
   1.3489628825916532E-010   5623.41325190349080394951039776481247      
   1.8197008586099827E-010   5623.41325190349080394951039776481247      
   2.4547089156850315E-010   5623.41325190349080394951039776481247      
   3.3113112148259112E-010   5623.41325190349080394951039776481247      
   4.4668359215096305E-010   5623.41325190349080394951039776481247      
   6.0255958607435815E-010   5623.41325190349080394951039776481247      
   8.1283051616409944E-010   5623.41325190349080394951039776481247      
   1.0964781961431852E-009   5623.41325190349080394951039776481247      
   1.4791083881682072E-009   5623.41325190349080394951039776481247      
   1.9952623149688791E-009   5623.41325190349080394951039776481247      
   2.6915348039269167E-009   5623.41325190349080394951039776481247      
   3.6307805477010139E-009   5623.41325190349080394951039776481247      
   4.8977881936844609E-009   5623.41325190349080394951039776481247      
   6.6069344800759643E-009   5623.41325190349080394951039776481247      
   8.9125093813374596E-009   5623.41325190349080394951039776481247      
   1.2022644346174132E-008   5623.41325190349080394951039776481247      
   1.6218100973589300E-008   5623.41325190349080394951039776481247      
   2.1877616239495521E-008   5623.41325190349080394951039776481247      
   2.9512092266663871E-008   5623.41325190349080394951039776481247      
   3.9810717055349736E-008   5623.41325190349080394951039776481247      
   5.3703179637025271E-008   5623.41325190349080394951039776481247      
   7.2443596007499061E-008   5623.41325190349080394951039776481247      
   9.7723722095581110E-008   5623.41325190349080394951039776481247      
   1.3182567385564072E-007   5623.41325190349080394951039776481247      
   1.7782794100389230E-007   5623.41325190349080394951039776481247      
   2.3988329190194898E-007   5623.41325190349080394951039776481247      
   3.2359365692962843E-007   5623.41325190349080394951039776481247      
   4.3651583224016610E-007   5623.41325190349080394951039776481247      
   5.8884365535558903E-007   5623.41325190349080394951039776481247      
   7.9432823472428220E-007   5623.41325190349080394951039776481247      
   1.0715193052376070E-006   5623.41325190349080394951039776481247      
   1.4454397707459279E-006   5623.41325190349080394951039776481247      
   1.9498445997580454E-006   5623.41325190349080394951039776481247      
   2.6302679918953812E-006   5623.41325190349080394951039776481247      
   3.5481338923357534E-006   5623.41325190349080394951039776481247      
   4.7863009232263809E-006   5623.41325190349080394951039776481247      
   6.4565422903465625E-006   5623.41325190349080394951039776481247      
   8.7096358995608141E-006   5623.41325190349080394951039776481247      
   1.1748975549395302E-005   5623.41325190349080394951039776481247      
   1.5848931924611141E-005   5623.41325190349080394951039776481247      
   2.1379620895022323E-005   5623.41325190349080394951039776481247      
   2.8840315031266060E-005   5623.41325190349080394951039776481247      
   3.8904514499428046E-005   5623.41325190349080394951039776481247      
   5.2480746024977334E-005   5623.41325190349080394951039776481247      
   7.0794578438413880E-005   5623.41325190349080394951039776481247      
   9.5499258602143688E-005   5623.41325190349080394951039776481247      
   1.2882495516931347E-004   5623.41325190349080394951039776481247      
   1.7378008287493763E-004   5623.41325190349080394951039776481247      
   2.3442288153199226E-004   5623.41325190349080394951039776481247      
   3.1622776601683794E-004   5623.41325190349080394951039776481247      
   4.2657951880159252E-004   5623.41325190349080394951039776481247      
   5.7543993733715664E-004   5623.41325190349080394951039776481247      
   7.7624711662869280E-004   5623.41325190349080394951039776481247      
   1.0471285480509007E-003   5623.41325190349080394951039776481247      
   1.4125375446227555E-003   5623.41325190349080394951039776481247      
   1.9054607179632482E-003   5623.41325190349080394951039776481247      
   2.5703957827688645E-003   5623.41325190349080394951039776481247      
   3.4673685045253171E-003   5623.41325190349080394951039776481247      
   4.6773514128719811E-003   5623.41325190349080394951039776481247      
   6.3095734448019433E-003   5623.41325190349080394951039776481247      
   8.5113803820237779E-003   5623.41325190349080394951039776481247      
   1.1481536214968840E-002   5623.41325190349080394951039776481247      
   1.5488166189124795E-002   5623.41325190349080394951039776481247      
   2.0892961308540410E-002   5623.41325190349080394951039776481247      
   2.8183829312644609E-002   5623.41325190349080394951039776481247      
   3.8018939632056131E-002   5623.41325190349080394951039776481247      
   5.1286138399136587E-002   5623.41325190349080394951039776481247      
   6.9183097091893617E-002   5623.41325190349080394951039776481247      
   9.3325430079699248E-002   5623.41325190349080394951039776481247      
  0.12589254117941662        5623.41325190349080394951039776481247      
  0.16982436524617459        5623.41325190349080394951039776481247      
  0.22908676527677702        5623.41325190349080394951039776481247      
  0.30902954325135917        5623.41325190349080394951039776481247      
  0.41686938347033636        5623.41325190349080394951039776481247      
  0.56234132519034918        5623.41325190349080394951039776481247      
  0.75857757502918510        5623.41325190349080394951039776481247      
   1.0232929922807537        5623.41325190349080394951039776481247      
   1.3803842646028868        5623.41325190349080394951039776481247      
   1.8620871366628655        5623.41325190349080394951039776481247      
   2.5118864315095824        5623.41325190349080394951039776481247      
   3.3884415613920345        5623.41325190349080394951039776481247      
   4.5708818961487516        5623.41325190349080394951039776481247      
   6.1659500186148355        5623.41325190349080394951039776481247      
   8.3176377110267090        5623.41325190349080394951039776481247      
   11.220184543019652        5623.41325190349080394951039776481247      
   15.135612484362071        5623.41325190349080394951039776481247      
   20.417379446695318        5623.41325190349080394951039776481247      
   27.542287033381744        5623.41325190349080394951039776481247      
   37.153522909717275        5623.41325190349080394951039776481247      
   50.118723362727351        5623.41325190349080394951039776481247      
   67.608297539198190        5623.41325190349080394951039776481247      
   91.201083935591143        5623.41325190349080394951039776481247      
   123.02687708123811        5623.41325190349080394951039776481247      
   165.95869074375631        5623.41325190349080394951039776481247      
   223.87211385683378        5623.41325190349080394951039776481247      
   301.99517204020191        5623.41325190349080394951039776481247      
   407.38027780411386        5623.41325190349080394951039776481247      
   549.54087385762477        5623.41325190349080394951039776481247      
   741.31024130091919        5623.41325190349080394951039776481247      
   1000.0000000000000        5623.41325190349080394951039776481247      
   1.0000000000000000E-010   6309.57344480193249434360136622343641      
   1.3489628825916532E-010   6309.57344480193249434360136622343641      
   1.8197008586099827E-010   6309.57344480193249434360136622343641      
   2.4547089156850315E-010   6309.57344480193249434360136622343641      
   3.3113112148259112E-010   6309.57344480193249434360136622343641      
   4.4668359215096305E-010   6309.57344480193249434360136622343641      
   6.0255958607435815E-010   6309.57344480193249434360136622343641      
   8.1283051616409944E-010   6309.57344480193249434360136622343641      
   1.0964781961431852E-009   6309.57344480193249434360136622343641      
   1.4791083881682072E-009   6309.57344480193249434360136622343641      
   1.9952623149688791E-009   6309.57344480193249434360136622343641      
   2.6915348039269167E-009   6309.57344480193249434360136622343641      
   3.6307805477010139E-009   6309.57344480193249434360136622343641      
   4.8977881936844609E-009   6309.57344480193249434360136622343641      
   6.6069344800759643E-009   6309.57344480193249434360136622343641      
   8.9125093813374596E-009   6309.57344480193249434360136622343641      
   1.2022644346174132E-008   6309.57344480193249434360136622343641      
   1.6218100973589300E-008   6309.57344480193249434360136622343641      
   2.1877616239495521E-008   6309.57344480193249434360136622343641      
   2.9512092266663871E-008   6309.57344480193249434360136622343641      
   3.9810717055349736E-008   6309.57344480193249434360136622343641      
   5.3703179637025271E-008   6309.57344480193249434360136622343641      
   7.2443596007499061E-008   6309.57344480193249434360136622343641      
   9.7723722095581110E-008   6309.57344480193249434360136622343641      
   1.3182567385564072E-007   6309.57344480193249434360136622343641      
   1.7782794100389230E-007   6309.57344480193249434360136622343641      
   2.3988329190194898E-007   6309.57344480193249434360136622343641      
   3.2359365692962843E-007   6309.57344480193249434360136622343641      
   4.3651583224016610E-007   6309.57344480193249434360136622343641      
   5.8884365535558903E-007   6309.57344480193249434360136622343641      
   7.9432823472428220E-007   6309.57344480193249434360136622343641      
   1.0715193052376070E-006   6309.57344480193249434360136622343641      
   1.4454397707459279E-006   6309.57344480193249434360136622343641      
   1.9498445997580454E-006   6309.57344480193249434360136622343641      
   2.6302679918953812E-006   6309.57344480193249434360136622343641      
   3.5481338923357534E-006   6309.57344480193249434360136622343641      
   4.7863009232263809E-006   6309.57344480193249434360136622343641      
   6.4565422903465625E-006   6309.57344480193249434360136622343641      
   8.7096358995608141E-006   6309.57344480193249434360136622343641      
   1.1748975549395302E-005   6309.57344480193249434360136622343641      
   1.5848931924611141E-005   6309.57344480193249434360136622343641      
   2.1379620895022323E-005   6309.57344480193249434360136622343641      
   2.8840315031266060E-005   6309.57344480193249434360136622343641      
   3.8904514499428046E-005   6309.57344480193249434360136622343641      
   5.2480746024977334E-005   6309.57344480193249434360136622343641      
   7.0794578438413880E-005   6309.57344480193249434360136622343641      
   9.5499258602143688E-005   6309.57344480193249434360136622343641      
   1.2882495516931347E-004   6309.57344480193249434360136622343641      
   1.7378008287493763E-004   6309.57344480193249434360136622343641      
   2.3442288153199226E-004   6309.57344480193249434360136622343641      
   3.1622776601683794E-004   6309.57344480193249434360136622343641      
   4.2657951880159252E-004   6309.57344480193249434360136622343641      
   5.7543993733715664E-004   6309.57344480193249434360136622343641      
   7.7624711662869280E-004   6309.57344480193249434360136622343641      
   1.0471285480509007E-003   6309.57344480193249434360136622343641      
   1.4125375446227555E-003   6309.57344480193249434360136622343641      
   1.9054607179632482E-003   6309.57344480193249434360136622343641      
   2.5703957827688645E-003   6309.57344480193249434360136622343641      
   3.4673685045253171E-003   6309.57344480193249434360136622343641      
   4.6773514128719811E-003   6309.57344480193249434360136622343641      
   6.3095734448019433E-003   6309.57344480193249434360136622343641      
   8.5113803820237779E-003   6309.57344480193249434360136622343641      
   1.1481536214968840E-002   6309.57344480193249434360136622343641      
   1.5488166189124795E-002   6309.57344480193249434360136622343641      
   2.0892961308540410E-002   6309.57344480193249434360136622343641      
   2.8183829312644609E-002   6309.57344480193249434360136622343641      
   3.8018939632056131E-002   6309.57344480193249434360136622343641      
   5.1286138399136587E-002   6309.57344480193249434360136622343641      
   6.9183097091893617E-002   6309.57344480193249434360136622343641      
   9.3325430079699248E-002   6309.57344480193249434360136622343641      
  0.12589254117941662        6309.57344480193249434360136622343641      
  0.16982436524617459        6309.57344480193249434360136622343641      
  0.22908676527677702        6309.57344480193249434360136622343641      
  0.30902954325135917        6309.57344480193249434360136622343641      
  0.41686938347033636        6309.57344480193249434360136622343641      
  0.56234132519034918        6309.57344480193249434360136622343641      
  0.75857757502918510        6309.57344480193249434360136622343641      
   1.0232929922807537        6309.57344480193249434360136622343641      
   1.3803842646028868        6309.57344480193249434360136622343641      
   1.8620871366628655        6309.57344480193249434360136622343641      
   2.5118864315095824        6309.57344480193249434360136622343641      
   3.3884415613920345        6309.57344480193249434360136622343641      
   4.5708818961487516        6309.57344480193249434360136622343641      
   6.1659500186148355        6309.57344480193249434360136622343641      
   8.3176377110267090        6309.57344480193249434360136622343641      
   11.220184543019652        6309.57344480193249434360136622343641      
   15.135612484362071        6309.57344480193249434360136622343641      
   20.417379446695318        6309.57344480193249434360136622343641      
   27.542287033381744        6309.57344480193249434360136622343641      
   37.153522909717275        6309.57344480193249434360136622343641      
   50.118723362727351        6309.57344480193249434360136622343641      
   67.608297539198190        6309.57344480193249434360136622343641      
   91.201083935591143        6309.57344480193249434360136622343641      
   123.02687708123811        6309.57344480193249434360136622343641      
   165.95869074375631        6309.57344480193249434360136622343641      
   223.87211385683378        6309.57344480193249434360136622343641      
   301.99517204020191        6309.57344480193249434360136622343641      
   407.38027780411386        6309.57344480193249434360136622343641      
   549.54087385762477        6309.57344480193249434360136622343641      
   741.31024130091919        6309.57344480193249434360136622343641      
   1000.0000000000000        6309.57344480193249434360136622343641      
   1.0000000000000000E-010   7079.45784384137910802214942189312882      
   1.3489628825916532E-010   7079.45784384137910802214942189312882      
   1.8197008586099827E-010   7079.45784384137910802214942189312882      
   2.4547089156850315E-010   7079.45784384137910802214942189312882      
   3.3113112148259112E-010   7079.45784384137910802214942189312882      
   4.4668359215096305E-010   7079.45784384137910802214942189312882      
   6.0255958607435815E-010   7079.45784384137910802214942189312882      
   8.1283051616409944E-010   7079.45784384137910802214942189312882      
   1.0964781961431852E-009   7079.45784384137910802214942189312882      
   1.4791083881682072E-009   7079.45784384137910802214942189312882      
   1.9952623149688791E-009   7079.45784384137910802214942189312882      
   2.6915348039269167E-009   7079.45784384137910802214942189312882      
   3.6307805477010139E-009   7079.45784384137910802214942189312882      
   4.8977881936844609E-009   7079.45784384137910802214942189312882      
   6.6069344800759643E-009   7079.45784384137910802214942189312882      
   8.9125093813374596E-009   7079.45784384137910802214942189312882      
   1.2022644346174132E-008   7079.45784384137910802214942189312882      
   1.6218100973589300E-008   7079.45784384137910802214942189312882      
   2.1877616239495521E-008   7079.45784384137910802214942189312882      
   2.9512092266663871E-008   7079.45784384137910802214942189312882      
   3.9810717055349736E-008   7079.45784384137910802214942189312882      
   5.3703179637025271E-008   7079.45784384137910802214942189312882      
   7.2443596007499061E-008   7079.45784384137910802214942189312882      
   9.7723722095581110E-008   7079.45784384137910802214942189312882      
   1.3182567385564072E-007   7079.45784384137910802214942189312882      
   1.7782794100389230E-007   7079.45784384137910802214942189312882      
   2.3988329190194898E-007   7079.45784384137910802214942189312882      
   3.2359365692962843E-007   7079.45784384137910802214942189312882      
   4.3651583224016610E-007   7079.45784384137910802214942189312882      
   5.8884365535558903E-007   7079.45784384137910802214942189312882      
   7.9432823472428220E-007   7079.45784384137910802214942189312882      
   1.0715193052376070E-006   7079.45784384137910802214942189312882      
   1.4454397707459279E-006   7079.45784384137910802214942189312882      
   1.9498445997580454E-006   7079.45784384137910802214942189312882      
   2.6302679918953812E-006   7079.45784384137910802214942189312882      
   3.5481338923357534E-006   7079.45784384137910802214942189312882      
   4.7863009232263809E-006   7079.45784384137910802214942189312882      
   6.4565422903465625E-006   7079.45784384137910802214942189312882      
   8.7096358995608141E-006   7079.45784384137910802214942189312882      
   1.1748975549395302E-005   7079.45784384137910802214942189312882      
   1.5848931924611141E-005   7079.45784384137910802214942189312882      
   2.1379620895022323E-005   7079.45784384137910802214942189312882      
   2.8840315031266060E-005   7079.45784384137910802214942189312882      
   3.8904514499428046E-005   7079.45784384137910802214942189312882      
   5.2480746024977334E-005   7079.45784384137910802214942189312882      
   7.0794578438413880E-005   7079.45784384137910802214942189312882      
   9.5499258602143688E-005   7079.45784384137910802214942189312882      
   1.2882495516931347E-004   7079.45784384137910802214942189312882      
   1.7378008287493763E-004   7079.45784384137910802214942189312882      
   2.3442288153199226E-004   7079.45784384137910802214942189312882      
   3.1622776601683794E-004   7079.45784384137910802214942189312882      
   4.2657951880159252E-004   7079.45784384137910802214942189312882      
   5.7543993733715664E-004   7079.45784384137910802214942189312882      
   7.7624711662869280E-004   7079.45784384137910802214942189312882      
   1.0471285480509007E-003   7079.45784384137910802214942189312882      
   1.4125375446227555E-003   7079.45784384137910802214942189312882      
   1.9054607179632482E-003   7079.45784384137910802214942189312882      
   2.5703957827688645E-003   7079.45784384137910802214942189312882      
   3.4673685045253171E-003   7079.45784384137910802214942189312882      
   4.6773514128719811E-003   7079.45784384137910802214942189312882      
   6.3095734448019433E-003   7079.45784384137910802214942189312882      
   8.5113803820237779E-003   7079.45784384137910802214942189312882      
   1.1481536214968840E-002   7079.45784384137910802214942189312882      
   1.5488166189124795E-002   7079.45784384137910802214942189312882      
   2.0892961308540410E-002   7079.45784384137910802214942189312882      
   2.8183829312644609E-002   7079.45784384137910802214942189312882      
   3.8018939632056131E-002   7079.45784384137910802214942189312882      
   5.1286138399136587E-002   7079.45784384137910802214942189312882      
   6.9183097091893617E-002   7079.45784384137910802214942189312882      
   9.3325430079699248E-002   7079.45784384137910802214942189312882      
  0.12589254117941662        7079.45784384137910802214942189312882      
  0.16982436524617459        7079.45784384137910802214942189312882      
  0.22908676527677702        7079.45784384137910802214942189312882      
  0.30902954325135917        7079.45784384137910802214942189312882      
  0.41686938347033636        7079.45784384137910802214942189312882      
  0.56234132519034918        7079.45784384137910802214942189312882      
  0.75857757502918510        7079.45784384137910802214942189312882      
   1.0232929922807537        7079.45784384137910802214942189312882      
   1.3803842646028868        7079.45784384137910802214942189312882      
   1.8620871366628655        7079.45784384137910802214942189312882      
   2.5118864315095824        7079.45784384137910802214942189312882      
   3.3884415613920345        7079.45784384137910802214942189312882      
   4.5708818961487516        7079.45784384137910802214942189312882      
   6.1659500186148355        7079.45784384137910802214942189312882      
   8.3176377110267090        7079.45784384137910802214942189312882      
   11.220184543019652        7079.45784384137910802214942189312882      
   15.135612484362071        7079.45784384137910802214942189312882      
   20.417379446695318        7079.45784384137910802214942189312882      
   27.542287033381744        7079.45784384137910802214942189312882      
   37.153522909717275        7079.45784384137910802214942189312882      
   50.118723362727351        7079.45784384137910802214942189312882      
   67.608297539198190        7079.45784384137910802214942189312882      
   91.201083935591143        7079.45784384137910802214942189312882      
   123.02687708123811        7079.45784384137910802214942189312882      
   165.95869074375631        7079.45784384137910802214942189312882      
   223.87211385683378        7079.45784384137910802214942189312882      
   301.99517204020191        7079.45784384137910802214942189312882      
   407.38027780411386        7079.45784384137910802214942189312882      
   549.54087385762477        7079.45784384137910802214942189312882      
   741.31024130091919        7079.45784384137910802214942189312882      
   1000.0000000000000        7079.45784384137910802214942189312882      
   1.0000000000000000E-010   7943.28234724281502065918282836388495      
   1.3489628825916532E-010   7943.28234724281502065918282836388495      
   1.8197008586099827E-010   7943.28234724281502065918282836388495      
   2.4547089156850315E-010   7943.28234724281502065918282836388495      
   3.3113112148259112E-010   7943.28234724281502065918282836388495      
   4.4668359215096305E-010   7943.28234724281502065918282836388495      
   6.0255958607435815E-010   7943.28234724281502065918282836388495      
   8.1283051616409944E-010   7943.28234724281502065918282836388495      
   1.0964781961431852E-009   7943.28234724281502065918282836388495      
   1.4791083881682072E-009   7943.28234724281502065918282836388495      
   1.9952623149688791E-009   7943.28234724281502065918282836388495      
   2.6915348039269167E-009   7943.28234724281502065918282836388495      
   3.6307805477010139E-009   7943.28234724281502065918282836388495      
   4.8977881936844609E-009   7943.28234724281502065918282836388495      
   6.6069344800759643E-009   7943.28234724281502065918282836388495      
   8.9125093813374596E-009   7943.28234724281502065918282836388495      
   1.2022644346174132E-008   7943.28234724281502065918282836388495      
   1.6218100973589300E-008   7943.28234724281502065918282836388495      
   2.1877616239495521E-008   7943.28234724281502065918282836388495      
   2.9512092266663871E-008   7943.28234724281502065918282836388495      
   3.9810717055349736E-008   7943.28234724281502065918282836388495      
   5.3703179637025271E-008   7943.28234724281502065918282836388495      
   7.2443596007499061E-008   7943.28234724281502065918282836388495      
   9.7723722095581110E-008   7943.28234724281502065918282836388495      
   1.3182567385564072E-007   7943.28234724281502065918282836388495      
   1.7782794100389230E-007   7943.28234724281502065918282836388495      
   2.3988329190194898E-007   7943.28234724281502065918282836388495      
   3.2359365692962843E-007   7943.28234724281502065918282836388495      
   4.3651583224016610E-007   7943.28234724281502065918282836388495      
   5.8884365535558903E-007   7943.28234724281502065918282836388495      
   7.9432823472428220E-007   7943.28234724281502065918282836388495      
   1.0715193052376070E-006   7943.28234724281502065918282836388495      
   1.4454397707459279E-006   7943.28234724281502065918282836388495      
   1.9498445997580454E-006   7943.28234724281502065918282836388495      
   2.6302679918953812E-006   7943.28234724281502065918282836388495      
   3.5481338923357534E-006   7943.28234724281502065918282836388495      
   4.7863009232263809E-006   7943.28234724281502065918282836388495      
   6.4565422903465625E-006   7943.28234724281502065918282836388495      
   8.7096358995608141E-006   7943.28234724281502065918282836388495      
   1.1748975549395302E-005   7943.28234724281502065918282836388495      
   1.5848931924611141E-005   7943.28234724281502065918282836388495      
   2.1379620895022323E-005   7943.28234724281502065918282836388495      
   2.8840315031266060E-005   7943.28234724281502065918282836388495      
   3.8904514499428046E-005   7943.28234724281502065918282836388495      
   5.2480746024977334E-005   7943.28234724281502065918282836388495      
   7.0794578438413880E-005   7943.28234724281502065918282836388495      
   9.5499258602143688E-005   7943.28234724281502065918282836388495      
   1.2882495516931347E-004   7943.28234724281502065918282836388495      
   1.7378008287493763E-004   7943.28234724281502065918282836388495      
   2.3442288153199226E-004   7943.28234724281502065918282836388495      
   3.1622776601683794E-004   7943.28234724281502065918282836388495      
   4.2657951880159252E-004   7943.28234724281502065918282836388495      
   5.7543993733715664E-004   7943.28234724281502065918282836388495      
   7.7624711662869280E-004   7943.28234724281502065918282836388495      
   1.0471285480509007E-003   7943.28234724281502065918282836388495      
   1.4125375446227555E-003   7943.28234724281502065918282836388495      
   1.9054607179632482E-003   7943.28234724281502065918282836388495      
   2.5703957827688645E-003   7943.28234724281502065918282836388495      
   3.4673685045253171E-003   7943.28234724281502065918282836388495      
   4.6773514128719811E-003   7943.28234724281502065918282836388495      
   6.3095734448019433E-003   7943.28234724281502065918282836388495      
   8.5113803820237779E-003   7943.28234724281502065918282836388495      
   1.1481536214968840E-002   7943.28234724281502065918282836388495      
   1.5488166189124795E-002   7943.28234724281502065918282836388495      
   2.0892961308540410E-002   7943.28234724281502065918282836388495      
   2.8183829312644609E-002   7943.28234724281502065918282836388495      
   3.8018939632056131E-002   7943.28234724281502065918282836388495      
   5.1286138399136587E-002   7943.28234724281502065918282836388495      
   6.9183097091893617E-002   7943.28234724281502065918282836388495      
   9.3325430079699248E-002   7943.28234724281502065918282836388495      
  0.12589254117941662        7943.28234724281502065918282836388495      
  0.16982436524617459        7943.28234724281502065918282836388495      
  0.22908676527677702        7943.28234724281502065918282836388495      
  0.30902954325135917        7943.28234724281502065918282836388495      
  0.41686938347033636        7943.28234724281502065918282836388495      
  0.56234132519034918        7943.28234724281502065918282836388495      
  0.75857757502918510        7943.28234724281502065918282836388495      
   1.0232929922807537        7943.28234724281502065918282836388495      
   1.3803842646028868        7943.28234724281502065918282836388495      
   1.8620871366628655        7943.28234724281502065918282836388495      
   2.5118864315095824        7943.28234724281502065918282836388495      
   3.3884415613920345        7943.28234724281502065918282836388495      
   4.5708818961487516        7943.28234724281502065918282836388495      
   6.1659500186148355        7943.28234724281502065918282836388495      
   8.3176377110267090        7943.28234724281502065918282836388495      
   11.220184543019652        7943.28234724281502065918282836388495      
   15.135612484362071        7943.28234724281502065918282836388495      
   20.417379446695318        7943.28234724281502065918282836388495      
   27.542287033381744        7943.28234724281502065918282836388495      
   37.153522909717275        7943.28234724281502065918282836388495      
   50.118723362727351        7943.28234724281502065918282836388495      
   67.608297539198190        7943.28234724281502065918282836388495      
   91.201083935591143        7943.28234724281502065918282836388495      
   123.02687708123811        7943.28234724281502065918282836388495      
   165.95869074375631        7943.28234724281502065918282836388495      
   223.87211385683378        7943.28234724281502065918282836388495      
   301.99517204020191        7943.28234724281502065918282836388495      
   407.38027780411386        7943.28234724281502065918282836388495      
   549.54087385762477        7943.28234724281502065918282836388495      
   741.31024130091919        7943.28234724281502065918282836388495      
   1000.0000000000000        7943.28234724281502065918282836388495      
   1.0000000000000000E-010   8912.50938133745529953108681078297262      
   1.3489628825916532E-010   8912.50938133745529953108681078297262      
   1.8197008586099827E-010   8912.50938133745529953108681078297262      
   2.4547089156850315E-010   8912.50938133745529953108681078297262      
   3.3113112148259112E-010   8912.50938133745529953108681078297262      
   4.4668359215096305E-010   8912.50938133745529953108681078297262      
   6.0255958607435815E-010   8912.50938133745529953108681078297262      
   8.1283051616409944E-010   8912.50938133745529953108681078297262      
   1.0964781961431852E-009   8912.50938133745529953108681078297262      
   1.4791083881682072E-009   8912.50938133745529953108681078297262      
   1.9952623149688791E-009   8912.50938133745529953108681078297262      
   2.6915348039269167E-009   8912.50938133745529953108681078297262      
   3.6307805477010139E-009   8912.50938133745529953108681078297262      
   4.8977881936844609E-009   8912.50938133745529953108681078297262      
   6.6069344800759643E-009   8912.50938133745529953108681078297262      
   8.9125093813374596E-009   8912.50938133745529953108681078297262      
   1.2022644346174132E-008   8912.50938133745529953108681078297262      
   1.6218100973589300E-008   8912.50938133745529953108681078297262      
   2.1877616239495521E-008   8912.50938133745529953108681078297262      
   2.9512092266663871E-008   8912.50938133745529953108681078297262      
   3.9810717055349736E-008   8912.50938133745529953108681078297262      
   5.3703179637025271E-008   8912.50938133745529953108681078297262      
   7.2443596007499061E-008   8912.50938133745529953108681078297262      
   9.7723722095581110E-008   8912.50938133745529953108681078297262      
   1.3182567385564072E-007   8912.50938133745529953108681078297262      
   1.7782794100389230E-007   8912.50938133745529953108681078297262      
   2.3988329190194898E-007   8912.50938133745529953108681078297262      
   3.2359365692962843E-007   8912.50938133745529953108681078297262      
   4.3651583224016610E-007   8912.50938133745529953108681078297262      
   5.8884365535558903E-007   8912.50938133745529953108681078297262      
   7.9432823472428220E-007   8912.50938133745529953108681078297262      
   1.0715193052376070E-006   8912.50938133745529953108681078297262      
   1.4454397707459279E-006   8912.50938133745529953108681078297262      
   1.9498445997580454E-006   8912.50938133745529953108681078297262      
   2.6302679918953812E-006   8912.50938133745529953108681078297262      
   3.5481338923357534E-006   8912.50938133745529953108681078297262      
   4.7863009232263809E-006   8912.50938133745529953108681078297262      
   6.4565422903465625E-006   8912.50938133745529953108681078297262      
   8.7096358995608141E-006   8912.50938133745529953108681078297262      
   1.1748975549395302E-005   8912.50938133745529953108681078297262      
   1.5848931924611141E-005   8912.50938133745529953108681078297262      
   2.1379620895022323E-005   8912.50938133745529953108681078297262      
   2.8840315031266060E-005   8912.50938133745529953108681078297262      
   3.8904514499428046E-005   8912.50938133745529953108681078297262      
   5.2480746024977334E-005   8912.50938133745529953108681078297262      
   7.0794578438413880E-005   8912.50938133745529953108681078297262      
   9.5499258602143688E-005   8912.50938133745529953108681078297262      
   1.2882495516931347E-004   8912.50938133745529953108681078297262      
   1.7378008287493763E-004   8912.50938133745529953108681078297262      
   2.3442288153199226E-004   8912.50938133745529953108681078297262      
   3.1622776601683794E-004   8912.50938133745529953108681078297262      
   4.2657951880159252E-004   8912.50938133745529953108681078297262      
   5.7543993733715664E-004   8912.50938133745529953108681078297262      
   7.7624711662869280E-004   8912.50938133745529953108681078297262      
   1.0471285480509007E-003   8912.50938133745529953108681078297262      
   1.4125375446227555E-003   8912.50938133745529953108681078297262      
   1.9054607179632482E-003   8912.50938133745529953108681078297262      
   2.5703957827688645E-003   8912.50938133745529953108681078297262      
   3.4673685045253171E-003   8912.50938133745529953108681078297262      
   4.6773514128719811E-003   8912.50938133745529953108681078297262      
   6.3095734448019433E-003   8912.50938133745529953108681078297262      
   8.5113803820237779E-003   8912.50938133745529953108681078297262      
   1.1481536214968840E-002   8912.50938133745529953108681078297262      
   1.5488166189124795E-002   8912.50938133745529953108681078297262      
   2.0892961308540410E-002   8912.50938133745529953108681078297262      
   2.8183829312644609E-002   8912.50938133745529953108681078297262      
   3.8018939632056131E-002   8912.50938133745529953108681078297262      
   5.1286138399136587E-002   8912.50938133745529953108681078297262      
   6.9183097091893617E-002   8912.50938133745529953108681078297262      
   9.3325430079699248E-002   8912.50938133745529953108681078297262      
  0.12589254117941662        8912.50938133745529953108681078297262      
  0.16982436524617459        8912.50938133745529953108681078297262      
  0.22908676527677702        8912.50938133745529953108681078297262      
  0.30902954325135917        8912.50938133745529953108681078297262      
  0.41686938347033636        8912.50938133745529953108681078297262      
  0.56234132519034918        8912.50938133745529953108681078297262      
  0.75857757502918510        8912.50938133745529953108681078297262      
   1.0232929922807537        8912.50938133745529953108681078297262      
   1.3803842646028868        8912.50938133745529953108681078297262      
   1.8620871366628655        8912.50938133745529953108681078297262      
   2.5118864315095824        8912.50938133745529953108681078297262      
   3.3884415613920345        8912.50938133745529953108681078297262      
   4.5708818961487516        8912.50938133745529953108681078297262      
   6.1659500186148355        8912.50938133745529953108681078297262      
   8.3176377110267090        8912.50938133745529953108681078297262      
   11.220184543019652        8912.50938133745529953108681078297262      
   15.135612484362071        8912.50938133745529953108681078297262      
   20.417379446695318        8912.50938133745529953108681078297262      
   27.542287033381744        8912.50938133745529953108681078297262      
   37.153522909717275        8912.50938133745529953108681078297262      
   50.118723362727351        8912.50938133745529953108681078297262      
   67.608297539198190        8912.50938133745529953108681078297262      
   91.201083935591143        8912.50938133745529953108681078297262      
   123.02687708123811        8912.50938133745529953108681078297262      
   165.95869074375631        8912.50938133745529953108681078297262      
   223.87211385683378        8912.50938133745529953108681078297262      
   301.99517204020191        8912.50938133745529953108681078297262      
   407.38027780411386        8912.50938133745529953108681078297262      
   549.54087385762477        8912.50938133745529953108681078297262      
   741.31024130091919        8912.50938133745529953108681078297262      
   1000.0000000000000        8912.50938133745529953108681078297262      
   1.0000000000000000E-010   10000.0000000000000000000000000000000      
   1.3489628825916532E-010   10000.0000000000000000000000000000000      
   1.8197008586099827E-010   10000.0000000000000000000000000000000      
   2.4547089156850315E-010   10000.0000000000000000000000000000000      
   3.3113112148259112E-010   10000.0000000000000000000000000000000      
   4.4668359215096305E-010   10000.0000000000000000000000000000000      
   6.0255958607435815E-010   10000.0000000000000000000000000000000      
   8.1283051616409944E-010   10000.0000000000000000000000000000000      
   1.0964781961431852E-009   10000.0000000000000000000000000000000      
   1.4791083881682072E-009   10000.0000000000000000000000000000000      
   1.9952623149688791E-009   10000.0000000000000000000000000000000      
   2.6915348039269167E-009   10000.0000000000000000000000000000000      
   3.6307805477010139E-009   10000.0000000000000000000000000000000      
   4.8977881936844609E-009   10000.0000000000000000000000000000000      
   6.6069344800759643E-009   10000.0000000000000000000000000000000      
   8.9125093813374596E-009   10000.0000000000000000000000000000000      
   1.2022644346174132E-008   10000.0000000000000000000000000000000      
   1.6218100973589300E-008   10000.0000000000000000000000000000000      
   2.1877616239495521E-008   10000.0000000000000000000000000000000      
   2.9512092266663871E-008   10000.0000000000000000000000000000000      
   3.9810717055349736E-008   10000.0000000000000000000000000000000      
   5.3703179637025271E-008   10000.0000000000000000000000000000000      
   7.2443596007499061E-008   10000.0000000000000000000000000000000      
   9.7723722095581110E-008   10000.0000000000000000000000000000000      
   1.3182567385564072E-007   10000.0000000000000000000000000000000      
   1.7782794100389230E-007   10000.0000000000000000000000000000000      
   2.3988329190194898E-007   10000.0000000000000000000000000000000      
   3.2359365692962843E-007   10000.0000000000000000000000000000000      
   4.3651583224016610E-007   10000.0000000000000000000000000000000      
   5.8884365535558903E-007   10000.0000000000000000000000000000000      
   7.9432823472428220E-007   10000.0000000000000000000000000000000      
   1.0715193052376070E-006   10000.0000000000000000000000000000000      
   1.4454397707459279E-006   10000.0000000000000000000000000000000      
   1.9498445997580454E-006   10000.0000000000000000000000000000000      
   2.6302679918953812E-006   10000.0000000000000000000000000000000      
   3.5481338923357534E-006   10000.0000000000000000000000000000000      
   4.7863009232263809E-006   10000.0000000000000000000000000000000      
   6.4565422903465625E-006   10000.0000000000000000000000000000000      
   8.7096358995608141E-006   10000.0000000000000000000000000000000      
   1.1748975549395302E-005   10000.0000000000000000000000000000000      
   1.5848931924611141E-005   10000.0000000000000000000000000000000      
   2.1379620895022323E-005   10000.0000000000000000000000000000000      
   2.8840315031266060E-005   10000.0000000000000000000000000000000      
   3.8904514499428046E-005   10000.0000000000000000000000000000000      
   5.2480746024977334E-005   10000.0000000000000000000000000000000      
   7.0794578438413880E-005   10000.0000000000000000000000000000000      
   9.5499258602143688E-005   10000.0000000000000000000000000000000      
   1.2882495516931347E-004   10000.0000000000000000000000000000000      
   1.7378008287493763E-004   10000.0000000000000000000000000000000      
   2.3442288153199226E-004   10000.0000000000000000000000000000000      
   3.1622776601683794E-004   10000.0000000000000000000000000000000      
   4.2657951880159252E-004   10000.0000000000000000000000000000000      
   5.7543993733715664E-004   10000.0000000000000000000000000000000      
   7.7624711662869280E-004   10000.0000000000000000000000000000000      
   1.0471285480509007E-003   10000.0000000000000000000000000000000      
   1.4125375446227555E-003   10000.0000000000000000000000000000000      
   1.9054607179632482E-003   10000.0000000000000000000000000000000      
   2.5703957827688645E-003   10000.0000000000000000000000000000000      
   3.4673685045253171E-003   10000.0000000000000000000000000000000      
   4.6773514128719811E-003   10000.0000000000000000000000000000000      
   6.3095734448019433E-003   10000.0000000000000000000000000000000      
   8.5113803820237779E-003   10000.0000000000000000000000000000000      
   1.1481536214968840E-002   10000.0000000000000000000000000000000      
   1.5488166189124795E-002   10000.0000000000000000000000000000000      
   2.0892961308540410E-002   10000.0000000000000000000000000000000      
   2.8183829312644609E-002   10000.0000000000000000000000000000000      
   3.8018939632056131E-002   10000.0000000000000000000000000000000      
   5.1286138399136587E-002   10000.0000000000000000000000000000000      
   6.9183097091893617E-002   10000.0000000000000000000000000000000      
   9.3325430079699248E-002   10000.0000000000000000000000000000000      
  0.12589254117941662        10000.0000000000000000000000000000000      
  0.16982436524617459        10000.0000000000000000000000000000000      
  0.22908676527677702        10000.0000000000000000000000000000000      
  0.30902954325135917        10000.0000000000000000000000000000000      
  0.41686938347033636        10000.0000000000000000000000000000000      
  0.56234132519034918        10000.0000000000000000000000000000000      
  0.75857757502918510        10000.0000000000000000000000000000000      
   1.0232929922807537        10000.0000000000000000000000000000000      
   1.3803842646028868        10000.0000000000000000000000000000000      
   1.8620871366628655        10000.0000000000000000000000000000000      
   2.5118864315095824        10000.0000000000000000000000000000000      
   3.3884415613920345        10000.0000000000000000000000000000000      
   4.5708818961487516        10000.0000000000000000000000000000000      
   6.1659500186148355        10000.0000000000000000000000000000000      
   8.3176377110267090        10000.0000000000000000000000000000000      
   11.220184543019652        10000.0000000000000000000000000000000      
   15.135612484362071        10000.0000000000000000000000000000000      
   20.417379446695318        10000.0000000000000000000000000000000      
   27.542287033381744        10000.0000000000000000000000000000000      
   37.153522909717275        10000.0000000000000000000000000000000      
   50.118723362727351        10000.0000000000000000000000000000000      
   67.608297539198190        10000.0000000000000000000000000000000      
   91.201083935591143        10000.0000000000000000000000000000000      
   123.02687708123811        10000.0000000000000000000000000000000      
   165.95869074375631        10000.0000000000000000000000000000000      
   223.87211385683378        10000.0000000000000000000000000000000      
   301.99517204020191        10000.0000000000000000000000000000000      
   407.38027780411386        10000.0000000000000000000000000000000      
   549.54087385762477        10000.0000000000000000000000000000000      
   741.31024130091919        10000.0000000000000000000000000000000      
   1000.0000000000000        10000.0000000000000000000000000000000      
   1.0000000000000000E-010   11220.1845430196343559103894647790526      
   1.3489628825916532E-010   11220.1845430196343559103894647790526      
   1.8197008586099827E-010   11220.1845430196343559103894647790526      
   2.4547089156850315E-010   11220.1845430196343559103894647790526      
   3.3113112148259112E-010   11220.1845430196343559103894647790526      
   4.4668359215096305E-010   11220.1845430196343559103894647790526      
   6.0255958607435815E-010   11220.1845430196343559103894647790526      
   8.1283051616409944E-010   11220.1845430196343559103894647790526      
   1.0964781961431852E-009   11220.1845430196343559103894647790526      
   1.4791083881682072E-009   11220.1845430196343559103894647790526      
   1.9952623149688791E-009   11220.1845430196343559103894647790526      
   2.6915348039269167E-009   11220.1845430196343559103894647790526      
   3.6307805477010139E-009   11220.1845430196343559103894647790526      
   4.8977881936844609E-009   11220.1845430196343559103894647790526      
   6.6069344800759643E-009   11220.1845430196343559103894647790526      
   8.9125093813374596E-009   11220.1845430196343559103894647790526      
   1.2022644346174132E-008   11220.1845430196343559103894647790526      
   1.6218100973589300E-008   11220.1845430196343559103894647790526      
   2.1877616239495521E-008   11220.1845430196343559103894647790526      
   2.9512092266663871E-008   11220.1845430196343559103894647790526      
   3.9810717055349736E-008   11220.1845430196343559103894647790526      
   5.3703179637025271E-008   11220.1845430196343559103894647790526      
   7.2443596007499061E-008   11220.1845430196343559103894647790526      
   9.7723722095581110E-008   11220.1845430196343559103894647790526      
   1.3182567385564072E-007   11220.1845430196343559103894647790526      
   1.7782794100389230E-007   11220.1845430196343559103894647790526      
   2.3988329190194898E-007   11220.1845430196343559103894647790526      
   3.2359365692962843E-007   11220.1845430196343559103894647790526      
   4.3651583224016610E-007   11220.1845430196343559103894647790526      
   5.8884365535558903E-007   11220.1845430196343559103894647790526      
   7.9432823472428220E-007   11220.1845430196343559103894647790526      
   1.0715193052376070E-006   11220.1845430196343559103894647790526      
   1.4454397707459279E-006   11220.1845430196343559103894647790526      
   1.9498445997580454E-006   11220.1845430196343559103894647790526      
   2.6302679918953812E-006   11220.1845430196343559103894647790526      
   3.5481338923357534E-006   11220.1845430196343559103894647790526      
   4.7863009232263809E-006   11220.1845430196343559103894647790526      
   6.4565422903465625E-006   11220.1845430196343559103894647790526      
   8.7096358995608141E-006   11220.1845430196343559103894647790526      
   1.1748975549395302E-005   11220.1845430196343559103894647790526      
   1.5848931924611141E-005   11220.1845430196343559103894647790526      
   2.1379620895022323E-005   11220.1845430196343559103894647790526      
   2.8840315031266060E-005   11220.1845430196343559103894647790526      
   3.8904514499428046E-005   11220.1845430196343559103894647790526      
   5.2480746024977334E-005   11220.1845430196343559103894647790526      
   7.0794578438413880E-005   11220.1845430196343559103894647790526      
   9.5499258602143688E-005   11220.1845430196343559103894647790526      
   1.2882495516931347E-004   11220.1845430196343559103894647790526      
   1.7378008287493763E-004   11220.1845430196343559103894647790526      
   2.3442288153199226E-004   11220.1845430196343559103894647790526      
   3.1622776601683794E-004   11220.1845430196343559103894647790526      
   4.2657951880159252E-004   11220.1845430196343559103894647790526      
   5.7543993733715664E-004   11220.1845430196343559103894647790526      
   7.7624711662869280E-004   11220.1845430196343559103894647790526      
   1.0471285480509007E-003   11220.1845430196343559103894647790526      
   1.4125375446227555E-003   11220.1845430196343559103894647790526      
   1.9054607179632482E-003   11220.1845430196343559103894647790526      
   2.5703957827688645E-003   11220.1845430196343559103894647790526      
   3.4673685045253171E-003   11220.1845430196343559103894647790526      
   4.6773514128719811E-003   11220.1845430196343559103894647790526      
   6.3095734448019433E-003   11220.1845430196343559103894647790526      
   8.5113803820237779E-003   11220.1845430196343559103894647790526      
   1.1481536214968840E-002   11220.1845430196343559103894647790526      
   1.5488166189124795E-002   11220.1845430196343559103894647790526      
   2.0892961308540410E-002   11220.1845430196343559103894647790526      
   2.8183829312644609E-002   11220.1845430196343559103894647790526      
   3.8018939632056131E-002   11220.1845430196343559103894647790526      
   5.1286138399136587E-002   11220.1845430196343559103894647790526      
   6.9183097091893617E-002   11220.1845430196343559103894647790526      
   9.3325430079699248E-002   11220.1845430196343559103894647790526      
  0.12589254117941662        11220.1845430196343559103894647790526      
  0.16982436524617459        11220.1845430196343559103894647790526      
  0.22908676527677702        11220.1845430196343559103894647790526      
  0.30902954325135917        11220.1845430196343559103894647790526      
  0.41686938347033636        11220.1845430196343559103894647790526      
  0.56234132519034918        11220.1845430196343559103894647790526      
  0.75857757502918510        11220.1845430196343559103894647790526      
   1.0232929922807537        11220.1845430196343559103894647790526      
   1.3803842646028868        11220.1845430196343559103894647790526      
   1.8620871366628655        11220.1845430196343559103894647790526      
   2.5118864315095824        11220.1845430196343559103894647790526      
   3.3884415613920345        11220.1845430196343559103894647790526      
   4.5708818961487516        11220.1845430196343559103894647790526      
   6.1659500186148355        11220.1845430196343559103894647790526      
   8.3176377110267090        11220.1845430196343559103894647790526      
   11.220184543019652        11220.1845430196343559103894647790526      
   15.135612484362071        11220.1845430196343559103894647790526      
   20.417379446695318        11220.1845430196343559103894647790526      
   27.542287033381744        11220.1845430196343559103894647790526      
   37.153522909717275        11220.1845430196343559103894647790526      
   50.118723362727351        11220.1845430196343559103894647790526      
   67.608297539198190        11220.1845430196343559103894647790526      
   91.201083935591143        11220.1845430196343559103894647790526      
   123.02687708123811        11220.1845430196343559103894647790526      
   165.95869074375631        11220.1845430196343559103894647790526      
   223.87211385683378        11220.1845430196343559103894647790526      
   301.99517204020191        11220.1845430196343559103894647790526      
   407.38027780411386        11220.1845430196343559103894647790526      
   549.54087385762477        11220.1845430196343559103894647790526      
   741.31024130091919        11220.1845430196343559103894647790526      
   1000.0000000000000        11220.1845430196343559103894647790526      
   1.0000000000000000E-010   12589.2541179416721042395410639579975      
   1.3489628825916532E-010   12589.2541179416721042395410639579975      
   1.8197008586099827E-010   12589.2541179416721042395410639579975      
   2.4547089156850315E-010   12589.2541179416721042395410639579975      
   3.3113112148259112E-010   12589.2541179416721042395410639579975      
   4.4668359215096305E-010   12589.2541179416721042395410639579975      
   6.0255958607435815E-010   12589.2541179416721042395410639579975      
   8.1283051616409944E-010   12589.2541179416721042395410639579975      
   1.0964781961431852E-009   12589.2541179416721042395410639579975      
   1.4791083881682072E-009   12589.2541179416721042395410639579975      
   1.9952623149688791E-009   12589.2541179416721042395410639579975      
   2.6915348039269167E-009   12589.2541179416721042395410639579975      
   3.6307805477010139E-009   12589.2541179416721042395410639579975      
   4.8977881936844609E-009   12589.2541179416721042395410639579975      
   6.6069344800759643E-009   12589.2541179416721042395410639579975      
   8.9125093813374596E-009   12589.2541179416721042395410639579975      
   1.2022644346174132E-008   12589.2541179416721042395410639579975      
   1.6218100973589300E-008   12589.2541179416721042395410639579975      
   2.1877616239495521E-008   12589.2541179416721042395410639579975      
   2.9512092266663871E-008   12589.2541179416721042395410639579975      
   3.9810717055349736E-008   12589.2541179416721042395410639579975      
   5.3703179637025271E-008   12589.2541179416721042395410639579975      
   7.2443596007499061E-008   12589.2541179416721042395410639579975      
   9.7723722095581110E-008   12589.2541179416721042395410639579975      
   1.3182567385564072E-007   12589.2541179416721042395410639579975      
   1.7782794100389230E-007   12589.2541179416721042395410639579975      
   2.3988329190194898E-007   12589.2541179416721042395410639579975      
   3.2359365692962843E-007   12589.2541179416721042395410639579975      
   4.3651583224016610E-007   12589.2541179416721042395410639579975      
   5.8884365535558903E-007   12589.2541179416721042395410639579975      
   7.9432823472428220E-007   12589.2541179416721042395410639579975      
   1.0715193052376070E-006   12589.2541179416721042395410639579975      
   1.4454397707459279E-006   12589.2541179416721042395410639579975      
   1.9498445997580454E-006   12589.2541179416721042395410639579975      
   2.6302679918953812E-006   12589.2541179416721042395410639579975      
   3.5481338923357534E-006   12589.2541179416721042395410639579975      
   4.7863009232263809E-006   12589.2541179416721042395410639579975      
   6.4565422903465625E-006   12589.2541179416721042395410639579975      
   8.7096358995608141E-006   12589.2541179416721042395410639579975      
   1.1748975549395302E-005   12589.2541179416721042395410639579975      
   1.5848931924611141E-005   12589.2541179416721042395410639579975      
   2.1379620895022323E-005   12589.2541179416721042395410639579975      
   2.8840315031266060E-005   12589.2541179416721042395410639579975      
   3.8904514499428046E-005   12589.2541179416721042395410639579975      
   5.2480746024977334E-005   12589.2541179416721042395410639579975      
   7.0794578438413880E-005   12589.2541179416721042395410639579975      
   9.5499258602143688E-005   12589.2541179416721042395410639579975      
   1.2882495516931347E-004   12589.2541179416721042395410639579975      
   1.7378008287493763E-004   12589.2541179416721042395410639579975      
   2.3442288153199226E-004   12589.2541179416721042395410639579975      
   3.1622776601683794E-004   12589.2541179416721042395410639579975      
   4.2657951880159252E-004   12589.2541179416721042395410639579975      
   5.7543993733715664E-004   12589.2541179416721042395410639579975      
   7.7624711662869280E-004   12589.2541179416721042395410639579975      
   1.0471285480509007E-003   12589.2541179416721042395410639579975      
   1.4125375446227555E-003   12589.2541179416721042395410639579975      
   1.9054607179632482E-003   12589.2541179416721042395410639579975      
   2.5703957827688645E-003   12589.2541179416721042395410639579975      
   3.4673685045253171E-003   12589.2541179416721042395410639579975      
   4.6773514128719811E-003   12589.2541179416721042395410639579975      
   6.3095734448019433E-003   12589.2541179416721042395410639579975      
   8.5113803820237779E-003   12589.2541179416721042395410639579975      
   1.1481536214968840E-002   12589.2541179416721042395410639579975      
   1.5488166189124795E-002   12589.2541179416721042395410639579975      
   2.0892961308540410E-002   12589.2541179416721042395410639579975      
   2.8183829312644609E-002   12589.2541179416721042395410639579975      
   3.8018939632056131E-002   12589.2541179416721042395410639579975      
   5.1286138399136587E-002   12589.2541179416721042395410639579975      
   6.9183097091893617E-002   12589.2541179416721042395410639579975      
   9.3325430079699248E-002   12589.2541179416721042395410639579975      
  0.12589254117941662        12589.2541179416721042395410639579975      
  0.16982436524617459        12589.2541179416721042395410639579975      
  0.22908676527677702        12589.2541179416721042395410639579975      
  0.30902954325135917        12589.2541179416721042395410639579975      
  0.41686938347033636        12589.2541179416721042395410639579975      
  0.56234132519034918        12589.2541179416721042395410639579975      
  0.75857757502918510        12589.2541179416721042395410639579975      
   1.0232929922807537        12589.2541179416721042395410639579975      
   1.3803842646028868        12589.2541179416721042395410639579975      
   1.8620871366628655        12589.2541179416721042395410639579975      
   2.5118864315095824        12589.2541179416721042395410639579975      
   3.3884415613920345        12589.2541179416721042395410639579975      
   4.5708818961487516        12589.2541179416721042395410639579975      
   6.1659500186148355        12589.2541179416721042395410639579975      
   8.3176377110267090        12589.2541179416721042395410639579975      
   11.220184543019652        12589.2541179416721042395410639579975      
   15.135612484362071        12589.2541179416721042395410639579975      
   20.417379446695318        12589.2541179416721042395410639579975      
   27.542287033381744        12589.2541179416721042395410639579975      
   37.153522909717275        12589.2541179416721042395410639579975      
   50.118723362727351        12589.2541179416721042395410639579975      
   67.608297539198190        12589.2541179416721042395410639579975      
   91.201083935591143        12589.2541179416721042395410639579975      
   123.02687708123811        12589.2541179416721042395410639579975      
   165.95869074375631        12589.2541179416721042395410639579975      
   223.87211385683378        12589.2541179416721042395410639579975      
   301.99517204020191        12589.2541179416721042395410639579975      
   407.38027780411386        12589.2541179416721042395410639579975      
   549.54087385762477        12589.2541179416721042395410639579975      
   741.31024130091919        12589.2541179416721042395410639579975      
   1000.0000000000000        12589.2541179416721042395410639579975      
   1.0000000000000000E-010   14125.3754462275430215560786393024191      
   1.3489628825916532E-010   14125.3754462275430215560786393024191      
   1.8197008586099827E-010   14125.3754462275430215560786393024191      
   2.4547089156850315E-010   14125.3754462275430215560786393024191      
   3.3113112148259112E-010   14125.3754462275430215560786393024191      
   4.4668359215096305E-010   14125.3754462275430215560786393024191      
   6.0255958607435815E-010   14125.3754462275430215560786393024191      
   8.1283051616409944E-010   14125.3754462275430215560786393024191      
   1.0964781961431852E-009   14125.3754462275430215560786393024191      
   1.4791083881682072E-009   14125.3754462275430215560786393024191      
   1.9952623149688791E-009   14125.3754462275430215560786393024191      
   2.6915348039269167E-009   14125.3754462275430215560786393024191      
   3.6307805477010139E-009   14125.3754462275430215560786393024191      
   4.8977881936844609E-009   14125.3754462275430215560786393024191      
   6.6069344800759643E-009   14125.3754462275430215560786393024191      
   8.9125093813374596E-009   14125.3754462275430215560786393024191      
   1.2022644346174132E-008   14125.3754462275430215560786393024191      
   1.6218100973589300E-008   14125.3754462275430215560786393024191      
   2.1877616239495521E-008   14125.3754462275430215560786393024191      
   2.9512092266663871E-008   14125.3754462275430215560786393024191      
   3.9810717055349736E-008   14125.3754462275430215560786393024191      
   5.3703179637025271E-008   14125.3754462275430215560786393024191      
   7.2443596007499061E-008   14125.3754462275430215560786393024191      
   9.7723722095581110E-008   14125.3754462275430215560786393024191      
   1.3182567385564072E-007   14125.3754462275430215560786393024191      
   1.7782794100389230E-007   14125.3754462275430215560786393024191      
   2.3988329190194898E-007   14125.3754462275430215560786393024191      
   3.2359365692962843E-007   14125.3754462275430215560786393024191      
   4.3651583224016610E-007   14125.3754462275430215560786393024191      
   5.8884365535558903E-007   14125.3754462275430215560786393024191      
   7.9432823472428220E-007   14125.3754462275430215560786393024191      
   1.0715193052376070E-006   14125.3754462275430215560786393024191      
   1.4454397707459279E-006   14125.3754462275430215560786393024191      
   1.9498445997580454E-006   14125.3754462275430215560786393024191      
   2.6302679918953812E-006   14125.3754462275430215560786393024191      
   3.5481338923357534E-006   14125.3754462275430215560786393024191      
   4.7863009232263809E-006   14125.3754462275430215560786393024191      
   6.4565422903465625E-006   14125.3754462275430215560786393024191      
   8.7096358995608141E-006   14125.3754462275430215560786393024191      
   1.1748975549395302E-005   14125.3754462275430215560786393024191      
   1.5848931924611141E-005   14125.3754462275430215560786393024191      
   2.1379620895022323E-005   14125.3754462275430215560786393024191      
   2.8840315031266060E-005   14125.3754462275430215560786393024191      
   3.8904514499428046E-005   14125.3754462275430215560786393024191      
   5.2480746024977334E-005   14125.3754462275430215560786393024191      
   7.0794578438413880E-005   14125.3754462275430215560786393024191      
   9.5499258602143688E-005   14125.3754462275430215560786393024191      
   1.2882495516931347E-004   14125.3754462275430215560786393024191      
   1.7378008287493763E-004   14125.3754462275430215560786393024191      
   2.3442288153199226E-004   14125.3754462275430215560786393024191      
   3.1622776601683794E-004   14125.3754462275430215560786393024191      
   4.2657951880159252E-004   14125.3754462275430215560786393024191      
   5.7543993733715664E-004   14125.3754462275430215560786393024191      
   7.7624711662869280E-004   14125.3754462275430215560786393024191      
   1.0471285480509007E-003   14125.3754462275430215560786393024191      
   1.4125375446227555E-003   14125.3754462275430215560786393024191      
   1.9054607179632482E-003   14125.3754462275430215560786393024191      
   2.5703957827688645E-003   14125.3754462275430215560786393024191      
   3.4673685045253171E-003   14125.3754462275430215560786393024191      
   4.6773514128719811E-003   14125.3754462275430215560786393024191      
   6.3095734448019433E-003   14125.3754462275430215560786393024191      
   8.5113803820237779E-003   14125.3754462275430215560786393024191      
   1.1481536214968840E-002   14125.3754462275430215560786393024191      
   1.5488166189124795E-002   14125.3754462275430215560786393024191      
   2.0892961308540410E-002   14125.3754462275430215560786393024191      
   2.8183829312644609E-002   14125.3754462275430215560786393024191      
   3.8018939632056131E-002   14125.3754462275430215560786393024191      
   5.1286138399136587E-002   14125.3754462275430215560786393024191      
   6.9183097091893617E-002   14125.3754462275430215560786393024191      
   9.3325430079699248E-002   14125.3754462275430215560786393024191      
  0.12589254117941662        14125.3754462275430215560786393024191      
  0.16982436524617459        14125.3754462275430215560786393024191      
  0.22908676527677702        14125.3754462275430215560786393024191      
  0.30902954325135917        14125.3754462275430215560786393024191      
  0.41686938347033636        14125.3754462275430215560786393024191      
  0.56234132519034918        14125.3754462275430215560786393024191      
  0.75857757502918510        14125.3754462275430215560786393024191      
   1.0232929922807537        14125.3754462275430215560786393024191      
   1.3803842646028868        14125.3754462275430215560786393024191      
   1.8620871366628655        14125.3754462275430215560786393024191      
   2.5118864315095824        14125.3754462275430215560786393024191      
   3.3884415613920345        14125.3754462275430215560786393024191      
   4.5708818961487516        14125.3754462275430215560786393024191      
   6.1659500186148355        14125.3754462275430215560786393024191      
   8.3176377110267090        14125.3754462275430215560786393024191      
   11.220184543019652        14125.3754462275430215560786393024191      
   15.135612484362071        14125.3754462275430215560786393024191      
   20.417379446695318        14125.3754462275430215560786393024191      
   27.542287033381744        14125.3754462275430215560786393024191      
   37.153522909717275        14125.3754462275430215560786393024191      
   50.118723362727351        14125.3754462275430215560786393024191      
   67.608297539198190        14125.3754462275430215560786393024191      
   91.201083935591143        14125.3754462275430215560786393024191      
   123.02687708123811        14125.3754462275430215560786393024191      
   165.95869074375631        14125.3754462275430215560786393024191      
   223.87211385683378        14125.3754462275430215560786393024191      
   301.99517204020191        14125.3754462275430215560786393024191      
   407.38027780411386        14125.3754462275430215560786393024191      
   549.54087385762477        14125.3754462275430215560786393024191      
   741.31024130091919        14125.3754462275430215560786393024191      
   1000.0000000000000        14125.3754462275430215560786393024191      
   1.0000000000000000E-010   15848.9319246111348520210137339150764      
   1.3489628825916532E-010   15848.9319246111348520210137339150764      
   1.8197008586099827E-010   15848.9319246111348520210137339150764      
   2.4547089156850315E-010   15848.9319246111348520210137339150764      
   3.3113112148259112E-010   15848.9319246111348520210137339150764      
   4.4668359215096305E-010   15848.9319246111348520210137339150764      
   6.0255958607435815E-010   15848.9319246111348520210137339150764      
   8.1283051616409944E-010   15848.9319246111348520210137339150764      
   1.0964781961431852E-009   15848.9319246111348520210137339150764      
   1.4791083881682072E-009   15848.9319246111348520210137339150764      
   1.9952623149688791E-009   15848.9319246111348520210137339150764      
   2.6915348039269167E-009   15848.9319246111348520210137339150764      
   3.6307805477010139E-009   15848.9319246111348520210137339150764      
   4.8977881936844609E-009   15848.9319246111348520210137339150764      
   6.6069344800759643E-009   15848.9319246111348520210137339150764      
   8.9125093813374596E-009   15848.9319246111348520210137339150764      
   1.2022644346174132E-008   15848.9319246111348520210137339150764      
   1.6218100973589300E-008   15848.9319246111348520210137339150764      
   2.1877616239495521E-008   15848.9319246111348520210137339150764      
   2.9512092266663871E-008   15848.9319246111348520210137339150764      
   3.9810717055349736E-008   15848.9319246111348520210137339150764      
   5.3703179637025271E-008   15848.9319246111348520210137339150764      
   7.2443596007499061E-008   15848.9319246111348520210137339150764      
   9.7723722095581110E-008   15848.9319246111348520210137339150764      
   1.3182567385564072E-007   15848.9319246111348520210137339150764      
   1.7782794100389230E-007   15848.9319246111348520210137339150764      
   2.3988329190194898E-007   15848.9319246111348520210137339150764      
   3.2359365692962843E-007   15848.9319246111348520210137339150764      
   4.3651583224016610E-007   15848.9319246111348520210137339150764      
   5.8884365535558903E-007   15848.9319246111348520210137339150764      
   7.9432823472428220E-007   15848.9319246111348520210137339150764      
   1.0715193052376070E-006   15848.9319246111348520210137339150764      
   1.4454397707459279E-006   15848.9319246111348520210137339150764      
   1.9498445997580454E-006   15848.9319246111348520210137339150764      
   2.6302679918953812E-006   15848.9319246111348520210137339150764      
   3.5481338923357534E-006   15848.9319246111348520210137339150764      
   4.7863009232263809E-006   15848.9319246111348520210137339150764      
   6.4565422903465625E-006   15848.9319246111348520210137339150764      
   8.7096358995608141E-006   15848.9319246111348520210137339150764      
   1.1748975549395302E-005   15848.9319246111348520210137339150764      
   1.5848931924611141E-005   15848.9319246111348520210137339150764      
   2.1379620895022323E-005   15848.9319246111348520210137339150764      
   2.8840315031266060E-005   15848.9319246111348520210137339150764      
   3.8904514499428046E-005   15848.9319246111348520210137339150764      
   5.2480746024977334E-005   15848.9319246111348520210137339150764      
   7.0794578438413880E-005   15848.9319246111348520210137339150764      
   9.5499258602143688E-005   15848.9319246111348520210137339150764      
   1.2882495516931347E-004   15848.9319246111348520210137339150764      
   1.7378008287493763E-004   15848.9319246111348520210137339150764      
   2.3442288153199226E-004   15848.9319246111348520210137339150764      
   3.1622776601683794E-004   15848.9319246111348520210137339150764      
   4.2657951880159252E-004   15848.9319246111348520210137339150764      
   5.7543993733715664E-004   15848.9319246111348520210137339150764      
   7.7624711662869280E-004   15848.9319246111348520210137339150764      
   1.0471285480509007E-003   15848.9319246111348520210137339150764      
   1.4125375446227555E-003   15848.9319246111348520210137339150764      
   1.9054607179632482E-003   15848.9319246111348520210137339150764      
   2.5703957827688645E-003   15848.9319246111348520210137339150764      
   3.4673685045253171E-003   15848.9319246111348520210137339150764      
   4.6773514128719811E-003   15848.9319246111348520210137339150764      
   6.3095734448019433E-003   15848.9319246111348520210137339150764      
   8.5113803820237779E-003   15848.9319246111348520210137339150764      
   1.1481536214968840E-002   15848.9319246111348520210137339150764      
   1.5488166189124795E-002   15848.9319246111348520210137339150764      
   2.0892961308540410E-002   15848.9319246111348520210137339150764      
   2.8183829312644609E-002   15848.9319246111348520210137339150764      
   3.8018939632056131E-002   15848.9319246111348520210137339150764      
   5.1286138399136587E-002   15848.9319246111348520210137339150764      
   6.9183097091893617E-002   15848.9319246111348520210137339150764      
   9.3325430079699248E-002   15848.9319246111348520210137339150764      
  0.12589254117941662        15848.9319246111348520210137339150764      
  0.16982436524617459        15848.9319246111348520210137339150764      
  0.22908676527677702        15848.9319246111348520210137339150764      
  0.30902954325135917        15848.9319246111348520210137339150764      
  0.41686938347033636        15848.9319246111348520210137339150764      
  0.56234132519034918        15848.9319246111348520210137339150764      
  0.75857757502918510        15848.9319246111348520210137339150764      
   1.0232929922807537        15848.9319246111348520210137339150764      
   1.3803842646028868        15848.9319246111348520210137339150764      
   1.8620871366628655        15848.9319246111348520210137339150764      
   2.5118864315095824        15848.9319246111348520210137339150764      
   3.3884415613920345        15848.9319246111348520210137339150764      
   4.5708818961487516        15848.9319246111348520210137339150764      
   6.1659500186148355        15848.9319246111348520210137339150764      
   8.3176377110267090        15848.9319246111348520210137339150764      
   11.220184543019652        15848.9319246111348520210137339150764      
   15.135612484362071        15848.9319246111348520210137339150764      
   20.417379446695318        15848.9319246111348520210137339150764      
   27.542287033381744        15848.9319246111348520210137339150764      
   37.153522909717275        15848.9319246111348520210137339150764      
   50.118723362727351        15848.9319246111348520210137339150764      
   67.608297539198190        15848.9319246111348520210137339150764      
   91.201083935591143        15848.9319246111348520210137339150764      
   123.02687708123811        15848.9319246111348520210137339150764      
   165.95869074375631        15848.9319246111348520210137339150764      
   223.87211385683378        15848.9319246111348520210137339150764      
   301.99517204020191        15848.9319246111348520210137339150764      
   407.38027780411386        15848.9319246111348520210137339150764      
   549.54087385762477        15848.9319246111348520210137339150764      
   741.31024130091919        15848.9319246111348520210137339150764      
   1000.0000000000000        15848.9319246111348520210137339150764      
   1.0000000000000000E-010   17782.7941003892280122542119519268485      
   1.3489628825916532E-010   17782.7941003892280122542119519268485      
   1.8197008586099827E-010   17782.7941003892280122542119519268485      
   2.4547089156850315E-010   17782.7941003892280122542119519268485      
   3.3113112148259112E-010   17782.7941003892280122542119519268485      
   4.4668359215096305E-010   17782.7941003892280122542119519268485      
   6.0255958607435815E-010   17782.7941003892280122542119519268485      
   8.1283051616409944E-010   17782.7941003892280122542119519268485      
   1.0964781961431852E-009   17782.7941003892280122542119519268485      
   1.4791083881682072E-009   17782.7941003892280122542119519268485      
   1.9952623149688791E-009   17782.7941003892280122542119519268485      
   2.6915348039269167E-009   17782.7941003892280122542119519268485      
   3.6307805477010139E-009   17782.7941003892280122542119519268485      
   4.8977881936844609E-009   17782.7941003892280122542119519268485      
   6.6069344800759643E-009   17782.7941003892280122542119519268485      
   8.9125093813374596E-009   17782.7941003892280122542119519268485      
   1.2022644346174132E-008   17782.7941003892280122542119519268485      
   1.6218100973589300E-008   17782.7941003892280122542119519268485      
   2.1877616239495521E-008   17782.7941003892280122542119519268485      
   2.9512092266663871E-008   17782.7941003892280122542119519268485      
   3.9810717055349736E-008   17782.7941003892280122542119519268485      
   5.3703179637025271E-008   17782.7941003892280122542119519268485      
   7.2443596007499061E-008   17782.7941003892280122542119519268485      
   9.7723722095581110E-008   17782.7941003892280122542119519268485      
   1.3182567385564072E-007   17782.7941003892280122542119519268485      
   1.7782794100389230E-007   17782.7941003892280122542119519268485      
   2.3988329190194898E-007   17782.7941003892280122542119519268485      
   3.2359365692962843E-007   17782.7941003892280122542119519268485      
   4.3651583224016610E-007   17782.7941003892280122542119519268485      
   5.8884365535558903E-007   17782.7941003892280122542119519268485      
   7.9432823472428220E-007   17782.7941003892280122542119519268485      
   1.0715193052376070E-006   17782.7941003892280122542119519268485      
   1.4454397707459279E-006   17782.7941003892280122542119519268485      
   1.9498445997580454E-006   17782.7941003892280122542119519268485      
   2.6302679918953812E-006   17782.7941003892280122542119519268485      
   3.5481338923357534E-006   17782.7941003892280122542119519268485      
   4.7863009232263809E-006   17782.7941003892280122542119519268485      
   6.4565422903465625E-006   17782.7941003892280122542119519268485      
   8.7096358995608141E-006   17782.7941003892280122542119519268485      
   1.1748975549395302E-005   17782.7941003892280122542119519268485      
   1.5848931924611141E-005   17782.7941003892280122542119519268485      
   2.1379620895022323E-005   17782.7941003892280122542119519268485      
   2.8840315031266060E-005   17782.7941003892280122542119519268485      
   3.8904514499428046E-005   17782.7941003892280122542119519268485      
   5.2480746024977334E-005   17782.7941003892280122542119519268485      
   7.0794578438413880E-005   17782.7941003892280122542119519268485      
   9.5499258602143688E-005   17782.7941003892280122542119519268485      
   1.2882495516931347E-004   17782.7941003892280122542119519268485      
   1.7378008287493763E-004   17782.7941003892280122542119519268485      
   2.3442288153199226E-004   17782.7941003892280122542119519268485      
   3.1622776601683794E-004   17782.7941003892280122542119519268485      
   4.2657951880159252E-004   17782.7941003892280122542119519268485      
   5.7543993733715664E-004   17782.7941003892280122542119519268485      
   7.7624711662869280E-004   17782.7941003892280122542119519268485      
   1.0471285480509007E-003   17782.7941003892280122542119519268485      
   1.4125375446227555E-003   17782.7941003892280122542119519268485      
   1.9054607179632482E-003   17782.7941003892280122542119519268485      
   2.5703957827688645E-003   17782.7941003892280122542119519268485      
   3.4673685045253171E-003   17782.7941003892280122542119519268485      
   4.6773514128719811E-003   17782.7941003892280122542119519268485      
   6.3095734448019433E-003   17782.7941003892280122542119519268485      
   8.5113803820237779E-003   17782.7941003892280122542119519268485      
   1.1481536214968840E-002   17782.7941003892280122542119519268485      
   1.5488166189124795E-002   17782.7941003892280122542119519268485      
   2.0892961308540410E-002   17782.7941003892280122542119519268485      
   2.8183829312644609E-002   17782.7941003892280122542119519268485      
   3.8018939632056131E-002   17782.7941003892280122542119519268485      
   5.1286138399136587E-002   17782.7941003892280122542119519268485      
   6.9183097091893617E-002   17782.7941003892280122542119519268485      
   9.3325430079699248E-002   17782.7941003892280122542119519268485      
  0.12589254117941662        17782.7941003892280122542119519268485      
  0.16982436524617459        17782.7941003892280122542119519268485      
  0.22908676527677702        17782.7941003892280122542119519268485      
  0.30902954325135917        17782.7941003892280122542119519268485      
  0.41686938347033636        17782.7941003892280122542119519268485      
  0.56234132519034918        17782.7941003892280122542119519268485      
  0.75857757502918510        17782.7941003892280122542119519268485      
   1.0232929922807537        17782.7941003892280122542119519268485      
   1.3803842646028868        17782.7941003892280122542119519268485      
   1.8620871366628655        17782.7941003892280122542119519268485      
   2.5118864315095824        17782.7941003892280122542119519268485      
   3.3884415613920345        17782.7941003892280122542119519268485      
   4.5708818961487516        17782.7941003892280122542119519268485      
   6.1659500186148355        17782.7941003892280122542119519268485      
   8.3176377110267090        17782.7941003892280122542119519268485      
   11.220184543019652        17782.7941003892280122542119519268485      
   15.135612484362071        17782.7941003892280122542119519268485      
   20.417379446695318        17782.7941003892280122542119519268485      
   27.542287033381744        17782.7941003892280122542119519268485      
   37.153522909717275        17782.7941003892280122542119519268485      
   50.118723362727351        17782.7941003892280122542119519268485      
   67.608297539198190        17782.7941003892280122542119519268485      
   91.201083935591143        17782.7941003892280122542119519268485      
   123.02687708123811        17782.7941003892280122542119519268485      
   165.95869074375631        17782.7941003892280122542119519268485      
   223.87211385683378        17782.7941003892280122542119519268485      
   301.99517204020191        17782.7941003892280122542119519268485      
   407.38027780411386        17782.7941003892280122542119519268485      
   549.54087385762477        17782.7941003892280122542119519268485      
   741.31024130091919        17782.7941003892280122542119519268485      
   1000.0000000000000        17782.7941003892280122542119519268485      
   1.0000000000000000E-010   19952.6231496887960135245539673953478      
   1.3489628825916532E-010   19952.6231496887960135245539673953478      
   1.8197008586099827E-010   19952.6231496887960135245539673953478      
   2.4547089156850315E-010   19952.6231496887960135245539673953478      
   3.3113112148259112E-010   19952.6231496887960135245539673953478      
   4.4668359215096305E-010   19952.6231496887960135245539673953478      
   6.0255958607435815E-010   19952.6231496887960135245539673953478      
   8.1283051616409944E-010   19952.6231496887960135245539673953478      
   1.0964781961431852E-009   19952.6231496887960135245539673953478      
   1.4791083881682072E-009   19952.6231496887960135245539673953478      
   1.9952623149688791E-009   19952.6231496887960135245539673953478      
   2.6915348039269167E-009   19952.6231496887960135245539673953478      
   3.6307805477010139E-009   19952.6231496887960135245539673953478      
   4.8977881936844609E-009   19952.6231496887960135245539673953478      
   6.6069344800759643E-009   19952.6231496887960135245539673953478      
   8.9125093813374596E-009   19952.6231496887960135245539673953478      
   1.2022644346174132E-008   19952.6231496887960135245539673953478      
   1.6218100973589300E-008   19952.6231496887960135245539673953478      
   2.1877616239495521E-008   19952.6231496887960135245539673953478      
   2.9512092266663871E-008   19952.6231496887960135245539673953478      
   3.9810717055349736E-008   19952.6231496887960135245539673953478      
   5.3703179637025271E-008   19952.6231496887960135245539673953478      
   7.2443596007499061E-008   19952.6231496887960135245539673953478      
   9.7723722095581110E-008   19952.6231496887960135245539673953478      
   1.3182567385564072E-007   19952.6231496887960135245539673953478      
   1.7782794100389230E-007   19952.6231496887960135245539673953478      
   2.3988329190194898E-007   19952.6231496887960135245539673953478      
   3.2359365692962843E-007   19952.6231496887960135245539673953478      
   4.3651583224016610E-007   19952.6231496887960135245539673953478      
   5.8884365535558903E-007   19952.6231496887960135245539673953478      
   7.9432823472428220E-007   19952.6231496887960135245539673953478      
   1.0715193052376070E-006   19952.6231496887960135245539673953478      
   1.4454397707459279E-006   19952.6231496887960135245539673953478      
   1.9498445997580454E-006   19952.6231496887960135245539673953478      
   2.6302679918953812E-006   19952.6231496887960135245539673953478      
   3.5481338923357534E-006   19952.6231496887960135245539673953478      
   4.7863009232263809E-006   19952.6231496887960135245539673953478      
   6.4565422903465625E-006   19952.6231496887960135245539673953478      
   8.7096358995608141E-006   19952.6231496887960135245539673953478      
   1.1748975549395302E-005   19952.6231496887960135245539673953478      
   1.5848931924611141E-005   19952.6231496887960135245539673953478      
   2.1379620895022323E-005   19952.6231496887960135245539673953478      
   2.8840315031266060E-005   19952.6231496887960135245539673953478      
   3.8904514499428046E-005   19952.6231496887960135245539673953478      
   5.2480746024977334E-005   19952.6231496887960135245539673953478      
   7.0794578438413880E-005   19952.6231496887960135245539673953478      
   9.5499258602143688E-005   19952.6231496887960135245539673953478      
   1.2882495516931347E-004   19952.6231496887960135245539673953478      
   1.7378008287493763E-004   19952.6231496887960135245539673953478      
   2.3442288153199226E-004   19952.6231496887960135245539673953478      
   3.1622776601683794E-004   19952.6231496887960135245539673953478      
   4.2657951880159252E-004   19952.6231496887960135245539673953478      
   5.7543993733715664E-004   19952.6231496887960135245539673953478      
   7.7624711662869280E-004   19952.6231496887960135245539673953478      
   1.0471285480509007E-003   19952.6231496887960135245539673953478      
   1.4125375446227555E-003   19952.6231496887960135245539673953478      
   1.9054607179632482E-003   19952.6231496887960135245539673953478      
   2.5703957827688645E-003   19952.6231496887960135245539673953478      
   3.4673685045253171E-003   19952.6231496887960135245539673953478      
   4.6773514128719811E-003   19952.6231496887960135245539673953478      
   6.3095734448019433E-003   19952.6231496887960135245539673953478      
   8.5113803820237779E-003   19952.6231496887960135245539673953478      
   1.1481536214968840E-002   19952.6231496887960135245539673953478      
   1.5488166189124795E-002   19952.6231496887960135245539673953478      
   2.0892961308540410E-002   19952.6231496887960135245539673953478      
   2.8183829312644609E-002   19952.6231496887960135245539673953478      
   3.8018939632056131E-002   19952.6231496887960135245539673953478      
   5.1286138399136587E-002   19952.6231496887960135245539673953478      
   6.9183097091893617E-002   19952.6231496887960135245539673953478      
   9.3325430079699248E-002   19952.6231496887960135245539673953478      
  0.12589254117941662        19952.6231496887960135245539673953478      
  0.16982436524617459        19952.6231496887960135245539673953478      
  0.22908676527677702        19952.6231496887960135245539673953478      
  0.30902954325135917        19952.6231496887960135245539673953478      
  0.41686938347033636        19952.6231496887960135245539673953478      
  0.56234132519034918        19952.6231496887960135245539673953478      
  0.75857757502918510        19952.6231496887960135245539673953478      
   1.0232929922807537        19952.6231496887960135245539673953478      
   1.3803842646028868        19952.6231496887960135245539673953478      
   1.8620871366628655        19952.6231496887960135245539673953478      
   2.5118864315095824        19952.6231496887960135245539673953478      
   3.3884415613920345        19952.6231496887960135245539673953478      
   4.5708818961487516        19952.6231496887960135245539673953478      
   6.1659500186148355        19952.6231496887960135245539673953478      
   8.3176377110267090        19952.6231496887960135245539673953478      
   11.220184543019652        19952.6231496887960135245539673953478      
   15.135612484362071        19952.6231496887960135245539673953478      
   20.417379446695318        19952.6231496887960135245539673953478      
   27.542287033381744        19952.6231496887960135245539673953478      
   37.153522909717275        19952.6231496887960135245539673953478      
   50.118723362727351        19952.6231496887960135245539673953478      
   67.608297539198190        19952.6231496887960135245539673953478      
   91.201083935591143        19952.6231496887960135245539673953478      
   123.02687708123811        19952.6231496887960135245539673953478      
   165.95869074375631        19952.6231496887960135245539673953478      
   223.87211385683378        19952.6231496887960135245539673953478      
   301.99517204020191        19952.6231496887960135245539673953478      
   407.38027780411386        19952.6231496887960135245539673953478      
   549.54087385762477        19952.6231496887960135245539673953478      
   741.31024130091919        19952.6231496887960135245539673953478      
   1000.0000000000000        19952.6231496887960135245539673953478      
   1.0000000000000000E-010   22387.2113856833961195495085246574078      
   1.3489628825916532E-010   22387.2113856833961195495085246574078      
   1.8197008586099827E-010   22387.2113856833961195495085246574078      
   2.4547089156850315E-010   22387.2113856833961195495085246574078      
   3.3113112148259112E-010   22387.2113856833961195495085246574078      
   4.4668359215096305E-010   22387.2113856833961195495085246574078      
   6.0255958607435815E-010   22387.2113856833961195495085246574078      
   8.1283051616409944E-010   22387.2113856833961195495085246574078      
   1.0964781961431852E-009   22387.2113856833961195495085246574078      
   1.4791083881682072E-009   22387.2113856833961195495085246574078      
   1.9952623149688791E-009   22387.2113856833961195495085246574078      
   2.6915348039269167E-009   22387.2113856833961195495085246574078      
   3.6307805477010139E-009   22387.2113856833961195495085246574078      
   4.8977881936844609E-009   22387.2113856833961195495085246574078      
   6.6069344800759643E-009   22387.2113856833961195495085246574078      
   8.9125093813374596E-009   22387.2113856833961195495085246574078      
   1.2022644346174132E-008   22387.2113856833961195495085246574078      
   1.6218100973589300E-008   22387.2113856833961195495085246574078      
   2.1877616239495521E-008   22387.2113856833961195495085246574078      
   2.9512092266663871E-008   22387.2113856833961195495085246574078      
   3.9810717055349736E-008   22387.2113856833961195495085246574078      
   5.3703179637025271E-008   22387.2113856833961195495085246574078      
   7.2443596007499061E-008   22387.2113856833961195495085246574078      
   9.7723722095581110E-008   22387.2113856833961195495085246574078      
   1.3182567385564072E-007   22387.2113856833961195495085246574078      
   1.7782794100389230E-007   22387.2113856833961195495085246574078      
   2.3988329190194898E-007   22387.2113856833961195495085246574078      
   3.2359365692962843E-007   22387.2113856833961195495085246574078      
   4.3651583224016610E-007   22387.2113856833961195495085246574078      
   5.8884365535558903E-007   22387.2113856833961195495085246574078      
   7.9432823472428220E-007   22387.2113856833961195495085246574078      
   1.0715193052376070E-006   22387.2113856833961195495085246574078      
   1.4454397707459279E-006   22387.2113856833961195495085246574078      
   1.9498445997580454E-006   22387.2113856833961195495085246574078      
   2.6302679918953812E-006   22387.2113856833961195495085246574078      
   3.5481338923357534E-006   22387.2113856833961195495085246574078      
   4.7863009232263809E-006   22387.2113856833961195495085246574078      
   6.4565422903465625E-006   22387.2113856833961195495085246574078      
   8.7096358995608141E-006   22387.2113856833961195495085246574078      
   1.1748975549395302E-005   22387.2113856833961195495085246574078      
   1.5848931924611141E-005   22387.2113856833961195495085246574078      
   2.1379620895022323E-005   22387.2113856833961195495085246574078      
   2.8840315031266060E-005   22387.2113856833961195495085246574078      
   3.8904514499428046E-005   22387.2113856833961195495085246574078      
   5.2480746024977334E-005   22387.2113856833961195495085246574078      
   7.0794578438413880E-005   22387.2113856833961195495085246574078      
   9.5499258602143688E-005   22387.2113856833961195495085246574078      
   1.2882495516931347E-004   22387.2113856833961195495085246574078      
   1.7378008287493763E-004   22387.2113856833961195495085246574078      
   2.3442288153199226E-004   22387.2113856833961195495085246574078      
   3.1622776601683794E-004   22387.2113856833961195495085246574078      
   4.2657951880159252E-004   22387.2113856833961195495085246574078      
   5.7543993733715664E-004   22387.2113856833961195495085246574078      
   7.7624711662869280E-004   22387.2113856833961195495085246574078      
   1.0471285480509007E-003   22387.2113856833961195495085246574078      
   1.4125375446227555E-003   22387.2113856833961195495085246574078      
   1.9054607179632482E-003   22387.2113856833961195495085246574078      
   2.5703957827688645E-003   22387.2113856833961195495085246574078      
   3.4673685045253171E-003   22387.2113856833961195495085246574078      
   4.6773514128719811E-003   22387.2113856833961195495085246574078      
   6.3095734448019433E-003   22387.2113856833961195495085246574078      
   8.5113803820237779E-003   22387.2113856833961195495085246574078      
   1.1481536214968840E-002   22387.2113856833961195495085246574078      
   1.5488166189124795E-002   22387.2113856833961195495085246574078      
   2.0892961308540410E-002   22387.2113856833961195495085246574078      
   2.8183829312644609E-002   22387.2113856833961195495085246574078      
   3.8018939632056131E-002   22387.2113856833961195495085246574078      
   5.1286138399136587E-002   22387.2113856833961195495085246574078      
   6.9183097091893617E-002   22387.2113856833961195495085246574078      
   9.3325430079699248E-002   22387.2113856833961195495085246574078      
  0.12589254117941662        22387.2113856833961195495085246574078      
  0.16982436524617459        22387.2113856833961195495085246574078      
  0.22908676527677702        22387.2113856833961195495085246574078      
  0.30902954325135917        22387.2113856833961195495085246574078      
  0.41686938347033636        22387.2113856833961195495085246574078      
  0.56234132519034918        22387.2113856833961195495085246574078      
  0.75857757502918510        22387.2113856833961195495085246574078      
   1.0232929922807537        22387.2113856833961195495085246574078      
   1.3803842646028868        22387.2113856833961195495085246574078      
   1.8620871366628655        22387.2113856833961195495085246574078      
   2.5118864315095824        22387.2113856833961195495085246574078      
   3.3884415613920345        22387.2113856833961195495085246574078      
   4.5708818961487516        22387.2113856833961195495085246574078      
   6.1659500186148355        22387.2113856833961195495085246574078      
   8.3176377110267090        22387.2113856833961195495085246574078      
   11.220184543019652        22387.2113856833961195495085246574078      
   15.135612484362071        22387.2113856833961195495085246574078      
   20.417379446695318        22387.2113856833961195495085246574078      
   27.542287033381744        22387.2113856833961195495085246574078      
   37.153522909717275        22387.2113856833961195495085246574078      
   50.118723362727351        22387.2113856833961195495085246574078      
   67.608297539198190        22387.2113856833961195495085246574078      
   91.201083935591143        22387.2113856833961195495085246574078      
   123.02687708123811        22387.2113856833961195495085246574078      
   165.95869074375631        22387.2113856833961195495085246574078      
   223.87211385683378        22387.2113856833961195495085246574078      
   301.99517204020191        22387.2113856833961195495085246574078      
   407.38027780411386        22387.2113856833961195495085246574078      
   549.54087385762477        22387.2113856833961195495085246574078      
   741.31024130091919        22387.2113856833961195495085246574078      
   1000.0000000000000        22387.2113856833961195495085246574078      
   1.0000000000000000E-010   25118.8643150958011108503206779932936      
   1.3489628825916532E-010   25118.8643150958011108503206779932936      
   1.8197008586099827E-010   25118.8643150958011108503206779932936      
   2.4547089156850315E-010   25118.8643150958011108503206779932936      
   3.3113112148259112E-010   25118.8643150958011108503206779932936      
   4.4668359215096305E-010   25118.8643150958011108503206779932936      
   6.0255958607435815E-010   25118.8643150958011108503206779932936      
   8.1283051616409944E-010   25118.8643150958011108503206779932936      
   1.0964781961431852E-009   25118.8643150958011108503206779932936      
   1.4791083881682072E-009   25118.8643150958011108503206779932936      
   1.9952623149688791E-009   25118.8643150958011108503206779932936      
   2.6915348039269167E-009   25118.8643150958011108503206779932936      
   3.6307805477010139E-009   25118.8643150958011108503206779932936      
   4.8977881936844609E-009   25118.8643150958011108503206779932936      
   6.6069344800759643E-009   25118.8643150958011108503206779932936      
   8.9125093813374596E-009   25118.8643150958011108503206779932936      
   1.2022644346174132E-008   25118.8643150958011108503206779932936      
   1.6218100973589300E-008   25118.8643150958011108503206779932936      
   2.1877616239495521E-008   25118.8643150958011108503206779932936      
   2.9512092266663871E-008   25118.8643150958011108503206779932936      
   3.9810717055349736E-008   25118.8643150958011108503206779932936      
   5.3703179637025271E-008   25118.8643150958011108503206779932936      
   7.2443596007499061E-008   25118.8643150958011108503206779932936      
   9.7723722095581110E-008   25118.8643150958011108503206779932936      
   1.3182567385564072E-007   25118.8643150958011108503206779932936      
   1.7782794100389230E-007   25118.8643150958011108503206779932936      
   2.3988329190194898E-007   25118.8643150958011108503206779932936      
   3.2359365692962843E-007   25118.8643150958011108503206779932936      
   4.3651583224016610E-007   25118.8643150958011108503206779932936      
   5.8884365535558903E-007   25118.8643150958011108503206779932936      
   7.9432823472428220E-007   25118.8643150958011108503206779932936      
   1.0715193052376070E-006   25118.8643150958011108503206779932936      
   1.4454397707459279E-006   25118.8643150958011108503206779932936      
   1.9498445997580454E-006   25118.8643150958011108503206779932936      
   2.6302679918953812E-006   25118.8643150958011108503206779932936      
   3.5481338923357534E-006   25118.8643150958011108503206779932936      
   4.7863009232263809E-006   25118.8643150958011108503206779932936      
   6.4565422903465625E-006   25118.8643150958011108503206779932936      
   8.7096358995608141E-006   25118.8643150958011108503206779932936      
   1.1748975549395302E-005   25118.8643150958011108503206779932936      
   1.5848931924611141E-005   25118.8643150958011108503206779932936      
   2.1379620895022323E-005   25118.8643150958011108503206779932936      
   2.8840315031266060E-005   25118.8643150958011108503206779932936      
   3.8904514499428046E-005   25118.8643150958011108503206779932936      
   5.2480746024977334E-005   25118.8643150958011108503206779932936      
   7.0794578438413880E-005   25118.8643150958011108503206779932936      
   9.5499258602143688E-005   25118.8643150958011108503206779932936      
   1.2882495516931347E-004   25118.8643150958011108503206779932936      
   1.7378008287493763E-004   25118.8643150958011108503206779932936      
   2.3442288153199226E-004   25118.8643150958011108503206779932936      
   3.1622776601683794E-004   25118.8643150958011108503206779932936      
   4.2657951880159252E-004   25118.8643150958011108503206779932936      
   5.7543993733715664E-004   25118.8643150958011108503206779932936      
   7.7624711662869280E-004   25118.8643150958011108503206779932936      
   1.0471285480509007E-003   25118.8643150958011108503206779932936      
   1.4125375446227555E-003   25118.8643150958011108503206779932936      
   1.9054607179632482E-003   25118.8643150958011108503206779932936      
   2.5703957827688645E-003   25118.8643150958011108503206779932936      
   3.4673685045253171E-003   25118.8643150958011108503206779932936      
   4.6773514128719811E-003   25118.8643150958011108503206779932936      
   6.3095734448019433E-003   25118.8643150958011108503206779932936      
   8.5113803820237779E-003   25118.8643150958011108503206779932936      
   1.1481536214968840E-002   25118.8643150958011108503206779932936      
   1.5488166189124795E-002   25118.8643150958011108503206779932936      
   2.0892961308540410E-002   25118.8643150958011108503206779932936      
   2.8183829312644609E-002   25118.8643150958011108503206779932936      
   3.8018939632056131E-002   25118.8643150958011108503206779932936      
   5.1286138399136587E-002   25118.8643150958011108503206779932936      
   6.9183097091893617E-002   25118.8643150958011108503206779932936      
   9.3325430079699248E-002   25118.8643150958011108503206779932936      
  0.12589254117941662        25118.8643150958011108503206779932936      
  0.16982436524617459        25118.8643150958011108503206779932936      
  0.22908676527677702        25118.8643150958011108503206779932936      
  0.30902954325135917        25118.8643150958011108503206779932936      
  0.41686938347033636        25118.8643150958011108503206779932936      
  0.56234132519034918        25118.8643150958011108503206779932936      
  0.75857757502918510        25118.8643150958011108503206779932936      
   1.0232929922807537        25118.8643150958011108503206779932936      
   1.3803842646028868        25118.8643150958011108503206779932936      
   1.8620871366628655        25118.8643150958011108503206779932936      
   2.5118864315095824        25118.8643150958011108503206779932936      
   3.3884415613920345        25118.8643150958011108503206779932936      
   4.5708818961487516        25118.8643150958011108503206779932936      
   6.1659500186148355        25118.8643150958011108503206779932936      
   8.3176377110267090        25118.8643150958011108503206779932936      
   11.220184543019652        25118.8643150958011108503206779932936      
   15.135612484362071        25118.8643150958011108503206779932936      
   20.417379446695318        25118.8643150958011108503206779932936      
   27.542287033381744        25118.8643150958011108503206779932936      
   37.153522909717275        25118.8643150958011108503206779932936      
   50.118723362727351        25118.8643150958011108503206779932936      
   67.608297539198190        25118.8643150958011108503206779932936      
   91.201083935591143        25118.8643150958011108503206779932936      
   123.02687708123811        25118.8643150958011108503206779932936      
   165.95869074375631        25118.8643150958011108503206779932936      
   223.87211385683378        25118.8643150958011108503206779932936      
   301.99517204020191        25118.8643150958011108503206779932936      
   407.38027780411386        25118.8643150958011108503206779932936      
   549.54087385762477        25118.8643150958011108503206779932936      
   741.31024130091919        25118.8643150958011108503206779932936      
   1000.0000000000000        25118.8643150958011108503206779932936      
   1.0000000000000000E-010   28183.8293126445381910192369915511159      
   1.3489628825916532E-010   28183.8293126445381910192369915511159      
   1.8197008586099827E-010   28183.8293126445381910192369915511159      
   2.4547089156850315E-010   28183.8293126445381910192369915511159      
   3.3113112148259112E-010   28183.8293126445381910192369915511159      
   4.4668359215096305E-010   28183.8293126445381910192369915511159      
   6.0255958607435815E-010   28183.8293126445381910192369915511159      
   8.1283051616409944E-010   28183.8293126445381910192369915511159      
   1.0964781961431852E-009   28183.8293126445381910192369915511159      
   1.4791083881682072E-009   28183.8293126445381910192369915511159      
   1.9952623149688791E-009   28183.8293126445381910192369915511159      
   2.6915348039269167E-009   28183.8293126445381910192369915511159      
   3.6307805477010139E-009   28183.8293126445381910192369915511159      
   4.8977881936844609E-009   28183.8293126445381910192369915511159      
   6.6069344800759643E-009   28183.8293126445381910192369915511159      
   8.9125093813374596E-009   28183.8293126445381910192369915511159      
   1.2022644346174132E-008   28183.8293126445381910192369915511159      
   1.6218100973589300E-008   28183.8293126445381910192369915511159      
   2.1877616239495521E-008   28183.8293126445381910192369915511159      
   2.9512092266663871E-008   28183.8293126445381910192369915511159      
   3.9810717055349736E-008   28183.8293126445381910192369915511159      
   5.3703179637025271E-008   28183.8293126445381910192369915511159      
   7.2443596007499061E-008   28183.8293126445381910192369915511159      
   9.7723722095581110E-008   28183.8293126445381910192369915511159      
   1.3182567385564072E-007   28183.8293126445381910192369915511159      
   1.7782794100389230E-007   28183.8293126445381910192369915511159      
   2.3988329190194898E-007   28183.8293126445381910192369915511159      
   3.2359365692962843E-007   28183.8293126445381910192369915511159      
   4.3651583224016610E-007   28183.8293126445381910192369915511159      
   5.8884365535558903E-007   28183.8293126445381910192369915511159      
   7.9432823472428220E-007   28183.8293126445381910192369915511159      
   1.0715193052376070E-006   28183.8293126445381910192369915511159      
   1.4454397707459279E-006   28183.8293126445381910192369915511159      
   1.9498445997580454E-006   28183.8293126445381910192369915511159      
   2.6302679918953812E-006   28183.8293126445381910192369915511159      
   3.5481338923357534E-006   28183.8293126445381910192369915511159      
   4.7863009232263809E-006   28183.8293126445381910192369915511159      
   6.4565422903465625E-006   28183.8293126445381910192369915511159      
   8.7096358995608141E-006   28183.8293126445381910192369915511159      
   1.1748975549395302E-005   28183.8293126445381910192369915511159      
   1.5848931924611141E-005   28183.8293126445381910192369915511159      
   2.1379620895022323E-005   28183.8293126445381910192369915511159      
   2.8840315031266060E-005   28183.8293126445381910192369915511159      
   3.8904514499428046E-005   28183.8293126445381910192369915511159      
   5.2480746024977334E-005   28183.8293126445381910192369915511159      
   7.0794578438413880E-005   28183.8293126445381910192369915511159      
   9.5499258602143688E-005   28183.8293126445381910192369915511159      
   1.2882495516931347E-004   28183.8293126445381910192369915511159      
   1.7378008287493763E-004   28183.8293126445381910192369915511159      
   2.3442288153199226E-004   28183.8293126445381910192369915511159      
   3.1622776601683794E-004   28183.8293126445381910192369915511159      
   4.2657951880159252E-004   28183.8293126445381910192369915511159      
   5.7543993733715664E-004   28183.8293126445381910192369915511159      
   7.7624711662869280E-004   28183.8293126445381910192369915511159      
   1.0471285480509007E-003   28183.8293126445381910192369915511159      
   1.4125375446227555E-003   28183.8293126445381910192369915511159      
   1.9054607179632482E-003   28183.8293126445381910192369915511159      
   2.5703957827688645E-003   28183.8293126445381910192369915511159      
   3.4673685045253171E-003   28183.8293126445381910192369915511159      
   4.6773514128719811E-003   28183.8293126445381910192369915511159      
   6.3095734448019433E-003   28183.8293126445381910192369915511159      
   8.5113803820237779E-003   28183.8293126445381910192369915511159      
   1.1481536214968840E-002   28183.8293126445381910192369915511159      
   1.5488166189124795E-002   28183.8293126445381910192369915511159      
   2.0892961308540410E-002   28183.8293126445381910192369915511159      
   2.8183829312644609E-002   28183.8293126445381910192369915511159      
   3.8018939632056131E-002   28183.8293126445381910192369915511159      
   5.1286138399136587E-002   28183.8293126445381910192369915511159      
   6.9183097091893617E-002   28183.8293126445381910192369915511159      
   9.3325430079699248E-002   28183.8293126445381910192369915511159      
  0.12589254117941662        28183.8293126445381910192369915511159      
  0.16982436524617459        28183.8293126445381910192369915511159      
  0.22908676527677702        28183.8293126445381910192369915511159      
  0.30902954325135917        28183.8293126445381910192369915511159      
  0.41686938347033636        28183.8293126445381910192369915511159      
  0.56234132519034918        28183.8293126445381910192369915511159      
  0.75857757502918510        28183.8293126445381910192369915511159      
   1.0232929922807537        28183.8293126445381910192369915511159      
   1.3803842646028868        28183.8293126445381910192369915511159      
   1.8620871366628655        28183.8293126445381910192369915511159      
   2.5118864315095824        28183.8293126445381910192369915511159      
   3.3884415613920345        28183.8293126445381910192369915511159      
   4.5708818961487516        28183.8293126445381910192369915511159      
   6.1659500186148355        28183.8293126445381910192369915511159      
   8.3176377110267090        28183.8293126445381910192369915511159      
   11.220184543019652        28183.8293126445381910192369915511159      
   15.135612484362071        28183.8293126445381910192369915511159      
   20.417379446695318        28183.8293126445381910192369915511159      
   27.542287033381744        28183.8293126445381910192369915511159      
   37.153522909717275        28183.8293126445381910192369915511159      
   50.118723362727351        28183.8293126445381910192369915511159      
   67.608297539198190        28183.8293126445381910192369915511159      
   91.201083935591143        28183.8293126445381910192369915511159      
   123.02687708123811        28183.8293126445381910192369915511159      
   165.95869074375631        28183.8293126445381910192369915511159      
   223.87211385683378        28183.8293126445381910192369915511159      
   301.99517204020191        28183.8293126445381910192369915511159      
   407.38027780411386        28183.8293126445381910192369915511159      
   549.54087385762477        28183.8293126445381910192369915511159      
   741.31024130091919        28183.8293126445381910192369915511159      
   1000.0000000000000        28183.8293126445381910192369915511159      
   1.0000000000000000E-010   31622.7766016837933199889354443271856      
   1.3489628825916532E-010   31622.7766016837933199889354443271856      
   1.8197008586099827E-010   31622.7766016837933199889354443271856      
   2.4547089156850315E-010   31622.7766016837933199889354443271856      
   3.3113112148259112E-010   31622.7766016837933199889354443271856      
   4.4668359215096305E-010   31622.7766016837933199889354443271856      
   6.0255958607435815E-010   31622.7766016837933199889354443271856      
   8.1283051616409944E-010   31622.7766016837933199889354443271856      
   1.0964781961431852E-009   31622.7766016837933199889354443271856      
   1.4791083881682072E-009   31622.7766016837933199889354443271856      
   1.9952623149688791E-009   31622.7766016837933199889354443271856      
   2.6915348039269167E-009   31622.7766016837933199889354443271856      
   3.6307805477010139E-009   31622.7766016837933199889354443271856      
   4.8977881936844609E-009   31622.7766016837933199889354443271856      
   6.6069344800759643E-009   31622.7766016837933199889354443271856      
   8.9125093813374596E-009   31622.7766016837933199889354443271856      
   1.2022644346174132E-008   31622.7766016837933199889354443271856      
   1.6218100973589300E-008   31622.7766016837933199889354443271856      
   2.1877616239495521E-008   31622.7766016837933199889354443271856      
   2.9512092266663871E-008   31622.7766016837933199889354443271856      
   3.9810717055349736E-008   31622.7766016837933199889354443271856      
   5.3703179637025271E-008   31622.7766016837933199889354443271856      
   7.2443596007499061E-008   31622.7766016837933199889354443271856      
   9.7723722095581110E-008   31622.7766016837933199889354443271856      
   1.3182567385564072E-007   31622.7766016837933199889354443271856      
   1.7782794100389230E-007   31622.7766016837933199889354443271856      
   2.3988329190194898E-007   31622.7766016837933199889354443271856      
   3.2359365692962843E-007   31622.7766016837933199889354443271856      
   4.3651583224016610E-007   31622.7766016837933199889354443271856      
   5.8884365535558903E-007   31622.7766016837933199889354443271856      
   7.9432823472428220E-007   31622.7766016837933199889354443271856      
   1.0715193052376070E-006   31622.7766016837933199889354443271856      
   1.4454397707459279E-006   31622.7766016837933199889354443271856      
   1.9498445997580454E-006   31622.7766016837933199889354443271856      
   2.6302679918953812E-006   31622.7766016837933199889354443271856      
   3.5481338923357534E-006   31622.7766016837933199889354443271856      
   4.7863009232263809E-006   31622.7766016837933199889354443271856      
   6.4565422903465625E-006   31622.7766016837933199889354443271856      
   8.7096358995608141E-006   31622.7766016837933199889354443271856      
   1.1748975549395302E-005   31622.7766016837933199889354443271856      
   1.5848931924611141E-005   31622.7766016837933199889354443271856      
   2.1379620895022323E-005   31622.7766016837933199889354443271856      
   2.8840315031266060E-005   31622.7766016837933199889354443271856      
   3.8904514499428046E-005   31622.7766016837933199889354443271856      
   5.2480746024977334E-005   31622.7766016837933199889354443271856      
   7.0794578438413880E-005   31622.7766016837933199889354443271856      
   9.5499258602143688E-005   31622.7766016837933199889354443271856      
   1.2882495516931347E-004   31622.7766016837933199889354443271856      
   1.7378008287493763E-004   31622.7766016837933199889354443271856      
   2.3442288153199226E-004   31622.7766016837933199889354443271856      
   3.1622776601683794E-004   31622.7766016837933199889354443271856      
   4.2657951880159252E-004   31622.7766016837933199889354443271856      
   5.7543993733715664E-004   31622.7766016837933199889354443271856      
   7.7624711662869280E-004   31622.7766016837933199889354443271856      
   1.0471285480509007E-003   31622.7766016837933199889354443271856      
   1.4125375446227555E-003   31622.7766016837933199889354443271856      
   1.9054607179632482E-003   31622.7766016837933199889354443271856      
   2.5703957827688645E-003   31622.7766016837933199889354443271856      
   3.4673685045253171E-003   31622.7766016837933199889354443271856      
   4.6773514128719811E-003   31622.7766016837933199889354443271856      
   6.3095734448019433E-003   31622.7766016837933199889354443271856      
   8.5113803820237779E-003   31622.7766016837933199889354443271856      
   1.1481536214968840E-002   31622.7766016837933199889354443271856      
   1.5488166189124795E-002   31622.7766016837933199889354443271856      
   2.0892961308540410E-002   31622.7766016837933199889354443271856      
   2.8183829312644609E-002   31622.7766016837933199889354443271856      
   3.8018939632056131E-002   31622.7766016837933199889354443271856      
   5.1286138399136587E-002   31622.7766016837933199889354443271856      
   6.9183097091893617E-002   31622.7766016837933199889354443271856      
   9.3325430079699248E-002   31622.7766016837933199889354443271856      
  0.12589254117941662        31622.7766016837933199889354443271856      
  0.16982436524617459        31622.7766016837933199889354443271856      
  0.22908676527677702        31622.7766016837933199889354443271856      
  0.30902954325135917        31622.7766016837933199889354443271856      
  0.41686938347033636        31622.7766016837933199889354443271856      
  0.56234132519034918        31622.7766016837933199889354443271856      
  0.75857757502918510        31622.7766016837933199889354443271856      
   1.0232929922807537        31622.7766016837933199889354443271856      
   1.3803842646028868        31622.7766016837933199889354443271856      
   1.8620871366628655        31622.7766016837933199889354443271856      
   2.5118864315095824        31622.7766016837933199889354443271856      
   3.3884415613920345        31622.7766016837933199889354443271856      
   4.5708818961487516        31622.7766016837933199889354443271856      
   6.1659500186148355        31622.7766016837933199889354443271856      
   8.3176377110267090        31622.7766016837933199889354443271856      
   11.220184543019652        31622.7766016837933199889354443271856      
   15.135612484362071        31622.7766016837933199889354443271856      
   20.417379446695318        31622.7766016837933199889354443271856      
   27.542287033381744        31622.7766016837933199889354443271856      
   37.153522909717275        31622.7766016837933199889354443271856      
   50.118723362727351        31622.7766016837933199889354443271856      
   67.608297539198190        31622.7766016837933199889354443271856      
   91.201083935591143        31622.7766016837933199889354443271856      
   123.02687708123811        31622.7766016837933199889354443271856      
   165.95869074375631        31622.7766016837933199889354443271856      
   223.87211385683378        31622.7766016837933199889354443271856      
   301.99517204020191        31622.7766016837933199889354443271856      
   407.38027780411386        31622.7766016837933199889354443271856      
   549.54087385762477        31622.7766016837933199889354443271856      
   741.31024130091919        31622.7766016837933199889354443271856      
   1000.0000000000000        31622.7766016837933199889354443271856      
   1.0000000000000000E-010   35481.3389233575458433218702264491145      
   1.3489628825916532E-010   35481.3389233575458433218702264491145      
   1.8197008586099827E-010   35481.3389233575458433218702264491145      
   2.4547089156850315E-010   35481.3389233575458433218702264491145      
   3.3113112148259112E-010   35481.3389233575458433218702264491145      
   4.4668359215096305E-010   35481.3389233575458433218702264491145      
   6.0255958607435815E-010   35481.3389233575458433218702264491145      
   8.1283051616409944E-010   35481.3389233575458433218702264491145      
   1.0964781961431852E-009   35481.3389233575458433218702264491145      
   1.4791083881682072E-009   35481.3389233575458433218702264491145      
   1.9952623149688791E-009   35481.3389233575458433218702264491145      
   2.6915348039269167E-009   35481.3389233575458433218702264491145      
   3.6307805477010139E-009   35481.3389233575458433218702264491145      
   4.8977881936844609E-009   35481.3389233575458433218702264491145      
   6.6069344800759643E-009   35481.3389233575458433218702264491145      
   8.9125093813374596E-009   35481.3389233575458433218702264491145      
   1.2022644346174132E-008   35481.3389233575458433218702264491145      
   1.6218100973589300E-008   35481.3389233575458433218702264491145      
   2.1877616239495521E-008   35481.3389233575458433218702264491145      
   2.9512092266663871E-008   35481.3389233575458433218702264491145      
   3.9810717055349736E-008   35481.3389233575458433218702264491145      
   5.3703179637025271E-008   35481.3389233575458433218702264491145      
   7.2443596007499061E-008   35481.3389233575458433218702264491145      
   9.7723722095581110E-008   35481.3389233575458433218702264491145      
   1.3182567385564072E-007   35481.3389233575458433218702264491145      
   1.7782794100389230E-007   35481.3389233575458433218702264491145      
   2.3988329190194898E-007   35481.3389233575458433218702264491145      
   3.2359365692962843E-007   35481.3389233575458433218702264491145      
   4.3651583224016610E-007   35481.3389233575458433218702264491145      
   5.8884365535558903E-007   35481.3389233575458433218702264491145      
   7.9432823472428220E-007   35481.3389233575458433218702264491145      
   1.0715193052376070E-006   35481.3389233575458433218702264491145      
   1.4454397707459279E-006   35481.3389233575458433218702264491145      
   1.9498445997580454E-006   35481.3389233575458433218702264491145      
   2.6302679918953812E-006   35481.3389233575458433218702264491145      
   3.5481338923357534E-006   35481.3389233575458433218702264491145      
   4.7863009232263809E-006   35481.3389233575458433218702264491145      
   6.4565422903465625E-006   35481.3389233575458433218702264491145      
   8.7096358995608141E-006   35481.3389233575458433218702264491145      
   1.1748975549395302E-005   35481.3389233575458433218702264491145      
   1.5848931924611141E-005   35481.3389233575458433218702264491145      
   2.1379620895022323E-005   35481.3389233575458433218702264491145      
   2.8840315031266060E-005   35481.3389233575458433218702264491145      
   3.8904514499428046E-005   35481.3389233575458433218702264491145      
   5.2480746024977334E-005   35481.3389233575458433218702264491145      
   7.0794578438413880E-005   35481.3389233575458433218702264491145      
   9.5499258602143688E-005   35481.3389233575458433218702264491145      
   1.2882495516931347E-004   35481.3389233575458433218702264491145      
   1.7378008287493763E-004   35481.3389233575458433218702264491145      
   2.3442288153199226E-004   35481.3389233575458433218702264491145      
   3.1622776601683794E-004   35481.3389233575458433218702264491145      
   4.2657951880159252E-004   35481.3389233575458433218702264491145      
   5.7543993733715664E-004   35481.3389233575458433218702264491145      
   7.7624711662869280E-004   35481.3389233575458433218702264491145      
   1.0471285480509007E-003   35481.3389233575458433218702264491145      
   1.4125375446227555E-003   35481.3389233575458433218702264491145      
   1.9054607179632482E-003   35481.3389233575458433218702264491145      
   2.5703957827688645E-003   35481.3389233575458433218702264491145      
   3.4673685045253171E-003   35481.3389233575458433218702264491145      
   4.6773514128719811E-003   35481.3389233575458433218702264491145      
   6.3095734448019433E-003   35481.3389233575458433218702264491145      
   8.5113803820237779E-003   35481.3389233575458433218702264491145      
   1.1481536214968840E-002   35481.3389233575458433218702264491145      
   1.5488166189124795E-002   35481.3389233575458433218702264491145      
   2.0892961308540410E-002   35481.3389233575458433218702264491145      
   2.8183829312644609E-002   35481.3389233575458433218702264491145      
   3.8018939632056131E-002   35481.3389233575458433218702264491145      
   5.1286138399136587E-002   35481.3389233575458433218702264491145      
   6.9183097091893617E-002   35481.3389233575458433218702264491145      
   9.3325430079699248E-002   35481.3389233575458433218702264491145      
  0.12589254117941662        35481.3389233575458433218702264491145      
  0.16982436524617459        35481.3389233575458433218702264491145      
  0.22908676527677702        35481.3389233575458433218702264491145      
  0.30902954325135917        35481.3389233575458433218702264491145      
  0.41686938347033636        35481.3389233575458433218702264491145      
  0.56234132519034918        35481.3389233575458433218702264491145      
  0.75857757502918510        35481.3389233575458433218702264491145      
   1.0232929922807537        35481.3389233575458433218702264491145      
   1.3803842646028868        35481.3389233575458433218702264491145      
   1.8620871366628655        35481.3389233575458433218702264491145      
   2.5118864315095824        35481.3389233575458433218702264491145      
   3.3884415613920345        35481.3389233575458433218702264491145      
   4.5708818961487516        35481.3389233575458433218702264491145      
   6.1659500186148355        35481.3389233575458433218702264491145      
   8.3176377110267090        35481.3389233575458433218702264491145      
   11.220184543019652        35481.3389233575458433218702264491145      
   15.135612484362071        35481.3389233575458433218702264491145      
   20.417379446695318        35481.3389233575458433218702264491145      
   27.542287033381744        35481.3389233575458433218702264491145      
   37.153522909717275        35481.3389233575458433218702264491145      
   50.118723362727351        35481.3389233575458433218702264491145      
   67.608297539198190        35481.3389233575458433218702264491145      
   91.201083935591143        35481.3389233575458433218702264491145      
   123.02687708123811        35481.3389233575458433218702264491145      
   165.95869074375631        35481.3389233575458433218702264491145      
   223.87211385683378        35481.3389233575458433218702264491145      
   301.99517204020191        35481.3389233575458433218702264491145      
   407.38027780411386        35481.3389233575458433218702264491145      
   549.54087385762477        35481.3389233575458433218702264491145      
   741.31024130091919        35481.3389233575458433218702264491145      
   1000.0000000000000        35481.3389233575458433218702264491145      
   1.0000000000000000E-010   39810.7170553497250770252305087751754      
   1.3489628825916532E-010   39810.7170553497250770252305087751754      
   1.8197008586099827E-010   39810.7170553497250770252305087751754      
   2.4547089156850315E-010   39810.7170553497250770252305087751754      
   3.3113112148259112E-010   39810.7170553497250770252305087751754      
   4.4668359215096305E-010   39810.7170553497250770252305087751754      
   6.0255958607435815E-010   39810.7170553497250770252305087751754      
   8.1283051616409944E-010   39810.7170553497250770252305087751754      
   1.0964781961431852E-009   39810.7170553497250770252305087751754      
   1.4791083881682072E-009   39810.7170553497250770252305087751754      
   1.9952623149688791E-009   39810.7170553497250770252305087751754      
   2.6915348039269167E-009   39810.7170553497250770252305087751754      
   3.6307805477010139E-009   39810.7170553497250770252305087751754      
   4.8977881936844609E-009   39810.7170553497250770252305087751754      
   6.6069344800759643E-009   39810.7170553497250770252305087751754      
   8.9125093813374596E-009   39810.7170553497250770252305087751754      
   1.2022644346174132E-008   39810.7170553497250770252305087751754      
   1.6218100973589300E-008   39810.7170553497250770252305087751754      
   2.1877616239495521E-008   39810.7170553497250770252305087751754      
   2.9512092266663871E-008   39810.7170553497250770252305087751754      
   3.9810717055349736E-008   39810.7170553497250770252305087751754      
   5.3703179637025271E-008   39810.7170553497250770252305087751754      
   7.2443596007499061E-008   39810.7170553497250770252305087751754      
   9.7723722095581110E-008   39810.7170553497250770252305087751754      
   1.3182567385564072E-007   39810.7170553497250770252305087751754      
   1.7782794100389230E-007   39810.7170553497250770252305087751754      
   2.3988329190194898E-007   39810.7170553497250770252305087751754      
   3.2359365692962843E-007   39810.7170553497250770252305087751754      
   4.3651583224016610E-007   39810.7170553497250770252305087751754      
   5.8884365535558903E-007   39810.7170553497250770252305087751754      
   7.9432823472428220E-007   39810.7170553497250770252305087751754      
   1.0715193052376070E-006   39810.7170553497250770252305087751754      
   1.4454397707459279E-006   39810.7170553497250770252305087751754      
   1.9498445997580454E-006   39810.7170553497250770252305087751754      
   2.6302679918953812E-006   39810.7170553497250770252305087751754      
   3.5481338923357534E-006   39810.7170553497250770252305087751754      
   4.7863009232263809E-006   39810.7170553497250770252305087751754      
   6.4565422903465625E-006   39810.7170553497250770252305087751754      
   8.7096358995608141E-006   39810.7170553497250770252305087751754      
   1.1748975549395302E-005   39810.7170553497250770252305087751754      
   1.5848931924611141E-005   39810.7170553497250770252305087751754      
   2.1379620895022323E-005   39810.7170553497250770252305087751754      
   2.8840315031266060E-005   39810.7170553497250770252305087751754      
   3.8904514499428046E-005   39810.7170553497250770252305087751754      
   5.2480746024977334E-005   39810.7170553497250770252305087751754      
   7.0794578438413880E-005   39810.7170553497250770252305087751754      
   9.5499258602143688E-005   39810.7170553497250770252305087751754      
   1.2882495516931347E-004   39810.7170553497250770252305087751754      
   1.7378008287493763E-004   39810.7170553497250770252305087751754      
   2.3442288153199226E-004   39810.7170553497250770252305087751754      
   3.1622776601683794E-004   39810.7170553497250770252305087751754      
   4.2657951880159252E-004   39810.7170553497250770252305087751754      
   5.7543993733715664E-004   39810.7170553497250770252305087751754      
   7.7624711662869280E-004   39810.7170553497250770252305087751754      
   1.0471285480509007E-003   39810.7170553497250770252305087751754      
   1.4125375446227555E-003   39810.7170553497250770252305087751754      
   1.9054607179632482E-003   39810.7170553497250770252305087751754      
   2.5703957827688645E-003   39810.7170553497250770252305087751754      
   3.4673685045253171E-003   39810.7170553497250770252305087751754      
   4.6773514128719811E-003   39810.7170553497250770252305087751754      
   6.3095734448019433E-003   39810.7170553497250770252305087751754      
   8.5113803820237779E-003   39810.7170553497250770252305087751754      
   1.1481536214968840E-002   39810.7170553497250770252305087751754      
   1.5488166189124795E-002   39810.7170553497250770252305087751754      
   2.0892961308540410E-002   39810.7170553497250770252305087751754      
   2.8183829312644609E-002   39810.7170553497250770252305087751754      
   3.8018939632056131E-002   39810.7170553497250770252305087751754      
   5.1286138399136587E-002   39810.7170553497250770252305087751754      
   6.9183097091893617E-002   39810.7170553497250770252305087751754      
   9.3325430079699248E-002   39810.7170553497250770252305087751754      
  0.12589254117941662        39810.7170553497250770252305087751754      
  0.16982436524617459        39810.7170553497250770252305087751754      
  0.22908676527677702        39810.7170553497250770252305087751754      
  0.30902954325135917        39810.7170553497250770252305087751754      
  0.41686938347033636        39810.7170553497250770252305087751754      
  0.56234132519034918        39810.7170553497250770252305087751754      
  0.75857757502918510        39810.7170553497250770252305087751754      
   1.0232929922807537        39810.7170553497250770252305087751754      
   1.3803842646028868        39810.7170553497250770252305087751754      
   1.8620871366628655        39810.7170553497250770252305087751754      
   2.5118864315095824        39810.7170553497250770252305087751754      
   3.3884415613920345        39810.7170553497250770252305087751754      
   4.5708818961487516        39810.7170553497250770252305087751754      
   6.1659500186148355        39810.7170553497250770252305087751754      
   8.3176377110267090        39810.7170553497250770252305087751754      
   11.220184543019652        39810.7170553497250770252305087751754      
   15.135612484362071        39810.7170553497250770252305087751754      
   20.417379446695318        39810.7170553497250770252305087751754      
   27.542287033381744        39810.7170553497250770252305087751754      
   37.153522909717275        39810.7170553497250770252305087751754      
   50.118723362727351        39810.7170553497250770252305087751754      
   67.608297539198190        39810.7170553497250770252305087751754      
   91.201083935591143        39810.7170553497250770252305087751754      
   123.02687708123811        39810.7170553497250770252305087751754      
   165.95869074375631        39810.7170553497250770252305087751754      
   223.87211385683378        39810.7170553497250770252305087751754      
   301.99517204020191        39810.7170553497250770252305087751754      
   407.38027780411386        39810.7170553497250770252305087751754      
   549.54087385762477        39810.7170553497250770252305087751754      
   741.31024130091919        39810.7170553497250770252305087751754      
   1000.0000000000000        39810.7170553497250770252305087751754      
   1.0000000000000000E-010   44668.3592150963118556250524319376919      
   1.3489628825916532E-010   44668.3592150963118556250524319376919      
   1.8197008586099827E-010   44668.3592150963118556250524319376919      
   2.4547089156850315E-010   44668.3592150963118556250524319376919      
   3.3113112148259112E-010   44668.3592150963118556250524319376919      
   4.4668359215096305E-010   44668.3592150963118556250524319376919      
   6.0255958607435815E-010   44668.3592150963118556250524319376919      
   8.1283051616409944E-010   44668.3592150963118556250524319376919      
   1.0964781961431852E-009   44668.3592150963118556250524319376919      
   1.4791083881682072E-009   44668.3592150963118556250524319376919      
   1.9952623149688791E-009   44668.3592150963118556250524319376919      
   2.6915348039269167E-009   44668.3592150963118556250524319376919      
   3.6307805477010139E-009   44668.3592150963118556250524319376919      
   4.8977881936844609E-009   44668.3592150963118556250524319376919      
   6.6069344800759643E-009   44668.3592150963118556250524319376919      
   8.9125093813374596E-009   44668.3592150963118556250524319376919      
   1.2022644346174132E-008   44668.3592150963118556250524319376919      
   1.6218100973589300E-008   44668.3592150963118556250524319376919      
   2.1877616239495521E-008   44668.3592150963118556250524319376919      
   2.9512092266663871E-008   44668.3592150963118556250524319376919      
   3.9810717055349736E-008   44668.3592150963118556250524319376919      
   5.3703179637025271E-008   44668.3592150963118556250524319376919      
   7.2443596007499061E-008   44668.3592150963118556250524319376919      
   9.7723722095581110E-008   44668.3592150963118556250524319376919      
   1.3182567385564072E-007   44668.3592150963118556250524319376919      
   1.7782794100389230E-007   44668.3592150963118556250524319376919      
   2.3988329190194898E-007   44668.3592150963118556250524319376919      
   3.2359365692962843E-007   44668.3592150963118556250524319376919      
   4.3651583224016610E-007   44668.3592150963118556250524319376919      
   5.8884365535558903E-007   44668.3592150963118556250524319376919      
   7.9432823472428220E-007   44668.3592150963118556250524319376919      
   1.0715193052376070E-006   44668.3592150963118556250524319376919      
   1.4454397707459279E-006   44668.3592150963118556250524319376919      
   1.9498445997580454E-006   44668.3592150963118556250524319376919      
   2.6302679918953812E-006   44668.3592150963118556250524319376919      
   3.5481338923357534E-006   44668.3592150963118556250524319376919      
   4.7863009232263809E-006   44668.3592150963118556250524319376919      
   6.4565422903465625E-006   44668.3592150963118556250524319376919      
   8.7096358995608141E-006   44668.3592150963118556250524319376919      
   1.1748975549395302E-005   44668.3592150963118556250524319376919      
   1.5848931924611141E-005   44668.3592150963118556250524319376919      
   2.1379620895022323E-005   44668.3592150963118556250524319376919      
   2.8840315031266060E-005   44668.3592150963118556250524319376919      
   3.8904514499428046E-005   44668.3592150963118556250524319376919      
   5.2480746024977334E-005   44668.3592150963118556250524319376919      
   7.0794578438413880E-005   44668.3592150963118556250524319376919      
   9.5499258602143688E-005   44668.3592150963118556250524319376919      
   1.2882495516931347E-004   44668.3592150963118556250524319376919      
   1.7378008287493763E-004   44668.3592150963118556250524319376919      
   2.3442288153199226E-004   44668.3592150963118556250524319376919      
   3.1622776601683794E-004   44668.3592150963118556250524319376919      
   4.2657951880159252E-004   44668.3592150963118556250524319376919      
   5.7543993733715664E-004   44668.3592150963118556250524319376919      
   7.7624711662869280E-004   44668.3592150963118556250524319376919      
   1.0471285480509007E-003   44668.3592150963118556250524319376919      
   1.4125375446227555E-003   44668.3592150963118556250524319376919      
   1.9054607179632482E-003   44668.3592150963118556250524319376919      
   2.5703957827688645E-003   44668.3592150963118556250524319376919      
   3.4673685045253171E-003   44668.3592150963118556250524319376919      
   4.6773514128719811E-003   44668.3592150963118556250524319376919      
   6.3095734448019433E-003   44668.3592150963118556250524319376919      
   8.5113803820237779E-003   44668.3592150963118556250524319376919      
   1.1481536214968840E-002   44668.3592150963118556250524319376919      
   1.5488166189124795E-002   44668.3592150963118556250524319376919      
   2.0892961308540410E-002   44668.3592150963118556250524319376919      
   2.8183829312644609E-002   44668.3592150963118556250524319376919      
   3.8018939632056131E-002   44668.3592150963118556250524319376919      
   5.1286138399136587E-002   44668.3592150963118556250524319376919      
   6.9183097091893617E-002   44668.3592150963118556250524319376919      
   9.3325430079699248E-002   44668.3592150963118556250524319376919      
  0.12589254117941662        44668.3592150963118556250524319376919      
  0.16982436524617459        44668.3592150963118556250524319376919      
  0.22908676527677702        44668.3592150963118556250524319376919      
  0.30902954325135917        44668.3592150963118556250524319376919      
  0.41686938347033636        44668.3592150963118556250524319376919      
  0.56234132519034918        44668.3592150963118556250524319376919      
  0.75857757502918510        44668.3592150963118556250524319376919      
   1.0232929922807537        44668.3592150963118556250524319376919      
   1.3803842646028868        44668.3592150963118556250524319376919      
   1.8620871366628655        44668.3592150963118556250524319376919      
   2.5118864315095824        44668.3592150963118556250524319376919      
   3.3884415613920345        44668.3592150963118556250524319376919      
   4.5708818961487516        44668.3592150963118556250524319376919      
   6.1659500186148355        44668.3592150963118556250524319376919      
   8.3176377110267090        44668.3592150963118556250524319376919      
   11.220184543019652        44668.3592150963118556250524319376919      
   15.135612484362071        44668.3592150963118556250524319376919      
   20.417379446695318        44668.3592150963118556250524319376919      
   27.542287033381744        44668.3592150963118556250524319376919      
   37.153522909717275        44668.3592150963118556250524319376919      
   50.118723362727351        44668.3592150963118556250524319376919      
   67.608297539198190        44668.3592150963118556250524319376919      
   91.201083935591143        44668.3592150963118556250524319376919      
   123.02687708123811        44668.3592150963118556250524319376919      
   165.95869074375631        44668.3592150963118556250524319376919      
   223.87211385683378        44668.3592150963118556250524319376919      
   301.99517204020191        44668.3592150963118556250524319376919      
   407.38027780411386        44668.3592150963118556250524319376919      
   549.54087385762477        44668.3592150963118556250524319376919      
   741.31024130091919        44668.3592150963118556250524319376919      
   1000.0000000000000        44668.3592150963118556250524319376919      
   1.0000000000000000E-010   50118.7233627272285001554186884945934      
   1.3489628825916532E-010   50118.7233627272285001554186884945934      
   1.8197008586099827E-010   50118.7233627272285001554186884945934      
   2.4547089156850315E-010   50118.7233627272285001554186884945934      
   3.3113112148259112E-010   50118.7233627272285001554186884945934      
   4.4668359215096305E-010   50118.7233627272285001554186884945934      
   6.0255958607435815E-010   50118.7233627272285001554186884945934      
   8.1283051616409944E-010   50118.7233627272285001554186884945934      
   1.0964781961431852E-009   50118.7233627272285001554186884945934      
   1.4791083881682072E-009   50118.7233627272285001554186884945934      
   1.9952623149688791E-009   50118.7233627272285001554186884945934      
   2.6915348039269167E-009   50118.7233627272285001554186884945934      
   3.6307805477010139E-009   50118.7233627272285001554186884945934      
   4.8977881936844609E-009   50118.7233627272285001554186884945934      
   6.6069344800759643E-009   50118.7233627272285001554186884945934      
   8.9125093813374596E-009   50118.7233627272285001554186884945934      
   1.2022644346174132E-008   50118.7233627272285001554186884945934      
   1.6218100973589300E-008   50118.7233627272285001554186884945934      
   2.1877616239495521E-008   50118.7233627272285001554186884945934      
   2.9512092266663871E-008   50118.7233627272285001554186884945934      
   3.9810717055349736E-008   50118.7233627272285001554186884945934      
   5.3703179637025271E-008   50118.7233627272285001554186884945934      
   7.2443596007499061E-008   50118.7233627272285001554186884945934      
   9.7723722095581110E-008   50118.7233627272285001554186884945934      
   1.3182567385564072E-007   50118.7233627272285001554186884945934      
   1.7782794100389230E-007   50118.7233627272285001554186884945934      
   2.3988329190194898E-007   50118.7233627272285001554186884945934      
   3.2359365692962843E-007   50118.7233627272285001554186884945934      
   4.3651583224016610E-007   50118.7233627272285001554186884945934      
   5.8884365535558903E-007   50118.7233627272285001554186884945934      
   7.9432823472428220E-007   50118.7233627272285001554186884945934      
   1.0715193052376070E-006   50118.7233627272285001554186884945934      
   1.4454397707459279E-006   50118.7233627272285001554186884945934      
   1.9498445997580454E-006   50118.7233627272285001554186884945934      
   2.6302679918953812E-006   50118.7233627272285001554186884945934      
   3.5481338923357534E-006   50118.7233627272285001554186884945934      
   4.7863009232263809E-006   50118.7233627272285001554186884945934      
   6.4565422903465625E-006   50118.7233627272285001554186884945934      
   8.7096358995608141E-006   50118.7233627272285001554186884945934      
   1.1748975549395302E-005   50118.7233627272285001554186884945934      
   1.5848931924611141E-005   50118.7233627272285001554186884945934      
   2.1379620895022323E-005   50118.7233627272285001554186884945934      
   2.8840315031266060E-005   50118.7233627272285001554186884945934      
   3.8904514499428046E-005   50118.7233627272285001554186884945934      
   5.2480746024977334E-005   50118.7233627272285001554186884945934      
   7.0794578438413880E-005   50118.7233627272285001554186884945934      
   9.5499258602143688E-005   50118.7233627272285001554186884945934      
   1.2882495516931347E-004   50118.7233627272285001554186884945934      
   1.7378008287493763E-004   50118.7233627272285001554186884945934      
   2.3442288153199226E-004   50118.7233627272285001554186884945934      
   3.1622776601683794E-004   50118.7233627272285001554186884945934      
   4.2657951880159252E-004   50118.7233627272285001554186884945934      
   5.7543993733715664E-004   50118.7233627272285001554186884945934      
   7.7624711662869280E-004   50118.7233627272285001554186884945934      
   1.0471285480509007E-003   50118.7233627272285001554186884945934      
   1.4125375446227555E-003   50118.7233627272285001554186884945934      
   1.9054607179632482E-003   50118.7233627272285001554186884945934      
   2.5703957827688645E-003   50118.7233627272285001554186884945934      
   3.4673685045253171E-003   50118.7233627272285001554186884945934      
   4.6773514128719811E-003   50118.7233627272285001554186884945934      
   6.3095734448019433E-003   50118.7233627272285001554186884945934      
   8.5113803820237779E-003   50118.7233627272285001554186884945934      
   1.1481536214968840E-002   50118.7233627272285001554186884945934      
   1.5488166189124795E-002   50118.7233627272285001554186884945934      
   2.0892961308540410E-002   50118.7233627272285001554186884945934      
   2.8183829312644609E-002   50118.7233627272285001554186884945934      
   3.8018939632056131E-002   50118.7233627272285001554186884945934      
   5.1286138399136587E-002   50118.7233627272285001554186884945934      
   6.9183097091893617E-002   50118.7233627272285001554186884945934      
   9.3325430079699248E-002   50118.7233627272285001554186884945934      
  0.12589254117941662        50118.7233627272285001554186884945934      
  0.16982436524617459        50118.7233627272285001554186884945934      
  0.22908676527677702        50118.7233627272285001554186884945934      
  0.30902954325135917        50118.7233627272285001554186884945934      
  0.41686938347033636        50118.7233627272285001554186884945934      
  0.56234132519034918        50118.7233627272285001554186884945934      
  0.75857757502918510        50118.7233627272285001554186884945934      
   1.0232929922807537        50118.7233627272285001554186884945934      
   1.3803842646028868        50118.7233627272285001554186884945934      
   1.8620871366628655        50118.7233627272285001554186884945934      
   2.5118864315095824        50118.7233627272285001554186884945934      
   3.3884415613920345        50118.7233627272285001554186884945934      
   4.5708818961487516        50118.7233627272285001554186884945934      
   6.1659500186148355        50118.7233627272285001554186884945934      
   8.3176377110267090        50118.7233627272285001554186884945934      
   11.220184543019652        50118.7233627272285001554186884945934      
   15.135612484362071        50118.7233627272285001554186884945934      
   20.417379446695318        50118.7233627272285001554186884945934      
   27.542287033381744        50118.7233627272285001554186884945934      
   37.153522909717275        50118.7233627272285001554186884945934      
   50.118723362727351        50118.7233627272285001554186884945934      
   67.608297539198190        50118.7233627272285001554186884945934      
   91.201083935591143        50118.7233627272285001554186884945934      
   123.02687708123811        50118.7233627272285001554186884945934      
   165.95869074375631        50118.7233627272285001554186884945934      
   223.87211385683378        50118.7233627272285001554186884945934      
   301.99517204020191        50118.7233627272285001554186884945934      
   407.38027780411386        50118.7233627272285001554186884945934      
   549.54087385762477        50118.7233627272285001554186884945934      
   741.31024130091919        50118.7233627272285001554186884945934      
   1000.0000000000000        50118.7233627272285001554186884945934      
   1.0000000000000000E-010   56234.1325190349080394951039776481247      
   1.3489628825916532E-010   56234.1325190349080394951039776481247      
   1.8197008586099827E-010   56234.1325190349080394951039776481247      
   2.4547089156850315E-010   56234.1325190349080394951039776481247      
   3.3113112148259112E-010   56234.1325190349080394951039776481247      
   4.4668359215096305E-010   56234.1325190349080394951039776481247      
   6.0255958607435815E-010   56234.1325190349080394951039776481247      
   8.1283051616409944E-010   56234.1325190349080394951039776481247      
   1.0964781961431852E-009   56234.1325190349080394951039776481247      
   1.4791083881682072E-009   56234.1325190349080394951039776481247      
   1.9952623149688791E-009   56234.1325190349080394951039776481247      
   2.6915348039269167E-009   56234.1325190349080394951039776481247      
   3.6307805477010139E-009   56234.1325190349080394951039776481247      
   4.8977881936844609E-009   56234.1325190349080394951039776481247      
   6.6069344800759643E-009   56234.1325190349080394951039776481247      
   8.9125093813374596E-009   56234.1325190349080394951039776481247      
   1.2022644346174132E-008   56234.1325190349080394951039776481247      
   1.6218100973589300E-008   56234.1325190349080394951039776481247      
   2.1877616239495521E-008   56234.1325190349080394951039776481247      
   2.9512092266663871E-008   56234.1325190349080394951039776481247      
   3.9810717055349736E-008   56234.1325190349080394951039776481247      
   5.3703179637025271E-008   56234.1325190349080394951039776481247      
   7.2443596007499061E-008   56234.1325190349080394951039776481247      
   9.7723722095581110E-008   56234.1325190349080394951039776481247      
   1.3182567385564072E-007   56234.1325190349080394951039776481247      
   1.7782794100389230E-007   56234.1325190349080394951039776481247      
   2.3988329190194898E-007   56234.1325190349080394951039776481247      
   3.2359365692962843E-007   56234.1325190349080394951039776481247      
   4.3651583224016610E-007   56234.1325190349080394951039776481247      
   5.8884365535558903E-007   56234.1325190349080394951039776481247      
   7.9432823472428220E-007   56234.1325190349080394951039776481247      
   1.0715193052376070E-006   56234.1325190349080394951039776481247      
   1.4454397707459279E-006   56234.1325190349080394951039776481247      
   1.9498445997580454E-006   56234.1325190349080394951039776481247      
   2.6302679918953812E-006   56234.1325190349080394951039776481247      
   3.5481338923357534E-006   56234.1325190349080394951039776481247      
   4.7863009232263809E-006   56234.1325190349080394951039776481247      
   6.4565422903465625E-006   56234.1325190349080394951039776481247      
   8.7096358995608141E-006   56234.1325190349080394951039776481247      
   1.1748975549395302E-005   56234.1325190349080394951039776481247      
   1.5848931924611141E-005   56234.1325190349080394951039776481247      
   2.1379620895022323E-005   56234.1325190349080394951039776481247      
   2.8840315031266060E-005   56234.1325190349080394951039776481247      
   3.8904514499428046E-005   56234.1325190349080394951039776481247      
   5.2480746024977334E-005   56234.1325190349080394951039776481247      
   7.0794578438413880E-005   56234.1325190349080394951039776481247      
   9.5499258602143688E-005   56234.1325190349080394951039776481247      
   1.2882495516931347E-004   56234.1325190349080394951039776481247      
   1.7378008287493763E-004   56234.1325190349080394951039776481247      
   2.3442288153199226E-004   56234.1325190349080394951039776481247      
   3.1622776601683794E-004   56234.1325190349080394951039776481247      
   4.2657951880159252E-004   56234.1325190349080394951039776481247      
   5.7543993733715664E-004   56234.1325190349080394951039776481247      
   7.7624711662869280E-004   56234.1325190349080394951039776481247      
   1.0471285480509007E-003   56234.1325190349080394951039776481247      
   1.4125375446227555E-003   56234.1325190349080394951039776481247      
   1.9054607179632482E-003   56234.1325190349080394951039776481247      
   2.5703957827688645E-003   56234.1325190349080394951039776481247      
   3.4673685045253171E-003   56234.1325190349080394951039776481247      
   4.6773514128719811E-003   56234.1325190349080394951039776481247      
   6.3095734448019433E-003   56234.1325190349080394951039776481247      
   8.5113803820237779E-003   56234.1325190349080394951039776481247      
   1.1481536214968840E-002   56234.1325190349080394951039776481247      
   1.5488166189124795E-002   56234.1325190349080394951039776481247      
   2.0892961308540410E-002   56234.1325190349080394951039776481247      
   2.8183829312644609E-002   56234.1325190349080394951039776481247      
   3.8018939632056131E-002   56234.1325190349080394951039776481247      
   5.1286138399136587E-002   56234.1325190349080394951039776481247      
   6.9183097091893617E-002   56234.1325190349080394951039776481247      
   9.3325430079699248E-002   56234.1325190349080394951039776481247      
  0.12589254117941662        56234.1325190349080394951039776481247      
  0.16982436524617459        56234.1325190349080394951039776481247      
  0.22908676527677702        56234.1325190349080394951039776481247      
  0.30902954325135917        56234.1325190349080394951039776481247      
  0.41686938347033636        56234.1325190349080394951039776481247      
  0.56234132519034918        56234.1325190349080394951039776481247      
  0.75857757502918510        56234.1325190349080394951039776481247      
   1.0232929922807537        56234.1325190349080394951039776481247      
   1.3803842646028868        56234.1325190349080394951039776481247      
   1.8620871366628655        56234.1325190349080394951039776481247      
   2.5118864315095824        56234.1325190349080394951039776481247      
   3.3884415613920345        56234.1325190349080394951039776481247      
   4.5708818961487516        56234.1325190349080394951039776481247      
   6.1659500186148355        56234.1325190349080394951039776481247      
   8.3176377110267090        56234.1325190349080394951039776481247      
   11.220184543019652        56234.1325190349080394951039776481247      
   15.135612484362071        56234.1325190349080394951039776481247      
   20.417379446695318        56234.1325190349080394951039776481247      
   27.542287033381744        56234.1325190349080394951039776481247      
   37.153522909717275        56234.1325190349080394951039776481247      
   50.118723362727351        56234.1325190349080394951039776481247      
   67.608297539198190        56234.1325190349080394951039776481247      
   91.201083935591143        56234.1325190349080394951039776481247      
   123.02687708123811        56234.1325190349080394951039776481247      
   165.95869074375631        56234.1325190349080394951039776481247      
   223.87211385683378        56234.1325190349080394951039776481247      
   301.99517204020191        56234.1325190349080394951039776481247      
   407.38027780411386        56234.1325190349080394951039776481247      
   549.54087385762477        56234.1325190349080394951039776481247      
   741.31024130091919        56234.1325190349080394951039776481247      
   1000.0000000000000        56234.1325190349080394951039776481247      
   1.0000000000000000E-010   63095.7344480193249434360136622344761      
   1.3489628825916532E-010   63095.7344480193249434360136622344761      
   1.8197008586099827E-010   63095.7344480193249434360136622344761      
   2.4547089156850315E-010   63095.7344480193249434360136622344761      
   3.3113112148259112E-010   63095.7344480193249434360136622344761      
   4.4668359215096305E-010   63095.7344480193249434360136622344761      
   6.0255958607435815E-010   63095.7344480193249434360136622344761      
   8.1283051616409944E-010   63095.7344480193249434360136622344761      
   1.0964781961431852E-009   63095.7344480193249434360136622344761      
   1.4791083881682072E-009   63095.7344480193249434360136622344761      
   1.9952623149688791E-009   63095.7344480193249434360136622344761      
   2.6915348039269167E-009   63095.7344480193249434360136622344761      
   3.6307805477010139E-009   63095.7344480193249434360136622344761      
   4.8977881936844609E-009   63095.7344480193249434360136622344761      
   6.6069344800759643E-009   63095.7344480193249434360136622344761      
   8.9125093813374596E-009   63095.7344480193249434360136622344761      
   1.2022644346174132E-008   63095.7344480193249434360136622344761      
   1.6218100973589300E-008   63095.7344480193249434360136622344761      
   2.1877616239495521E-008   63095.7344480193249434360136622344761      
   2.9512092266663871E-008   63095.7344480193249434360136622344761      
   3.9810717055349736E-008   63095.7344480193249434360136622344761      
   5.3703179637025271E-008   63095.7344480193249434360136622344761      
   7.2443596007499061E-008   63095.7344480193249434360136622344761      
   9.7723722095581110E-008   63095.7344480193249434360136622344761      
   1.3182567385564072E-007   63095.7344480193249434360136622344761      
   1.7782794100389230E-007   63095.7344480193249434360136622344761      
   2.3988329190194898E-007   63095.7344480193249434360136622344761      
   3.2359365692962843E-007   63095.7344480193249434360136622344761      
   4.3651583224016610E-007   63095.7344480193249434360136622344761      
   5.8884365535558903E-007   63095.7344480193249434360136622344761      
   7.9432823472428220E-007   63095.7344480193249434360136622344761      
   1.0715193052376070E-006   63095.7344480193249434360136622344761      
   1.4454397707459279E-006   63095.7344480193249434360136622344761      
   1.9498445997580454E-006   63095.7344480193249434360136622344761      
   2.6302679918953812E-006   63095.7344480193249434360136622344761      
   3.5481338923357534E-006   63095.7344480193249434360136622344761      
   4.7863009232263809E-006   63095.7344480193249434360136622344761      
   6.4565422903465625E-006   63095.7344480193249434360136622344761      
   8.7096358995608141E-006   63095.7344480193249434360136622344761      
   1.1748975549395302E-005   63095.7344480193249434360136622344761      
   1.5848931924611141E-005   63095.7344480193249434360136622344761      
   2.1379620895022323E-005   63095.7344480193249434360136622344761      
   2.8840315031266060E-005   63095.7344480193249434360136622344761      
   3.8904514499428046E-005   63095.7344480193249434360136622344761      
   5.2480746024977334E-005   63095.7344480193249434360136622344761      
   7.0794578438413880E-005   63095.7344480193249434360136622344761      
   9.5499258602143688E-005   63095.7344480193249434360136622344761      
   1.2882495516931347E-004   63095.7344480193249434360136622344761      
   1.7378008287493763E-004   63095.7344480193249434360136622344761      
   2.3442288153199226E-004   63095.7344480193249434360136622344761      
   3.1622776601683794E-004   63095.7344480193249434360136622344761      
   4.2657951880159252E-004   63095.7344480193249434360136622344761      
   5.7543993733715664E-004   63095.7344480193249434360136622344761      
   7.7624711662869280E-004   63095.7344480193249434360136622344761      
   1.0471285480509007E-003   63095.7344480193249434360136622344761      
   1.4125375446227555E-003   63095.7344480193249434360136622344761      
   1.9054607179632482E-003   63095.7344480193249434360136622344761      
   2.5703957827688645E-003   63095.7344480193249434360136622344761      
   3.4673685045253171E-003   63095.7344480193249434360136622344761      
   4.6773514128719811E-003   63095.7344480193249434360136622344761      
   6.3095734448019433E-003   63095.7344480193249434360136622344761      
   8.5113803820237779E-003   63095.7344480193249434360136622344761      
   1.1481536214968840E-002   63095.7344480193249434360136622344761      
   1.5488166189124795E-002   63095.7344480193249434360136622344761      
   2.0892961308540410E-002   63095.7344480193249434360136622344761      
   2.8183829312644609E-002   63095.7344480193249434360136622344761      
   3.8018939632056131E-002   63095.7344480193249434360136622344761      
   5.1286138399136587E-002   63095.7344480193249434360136622344761      
   6.9183097091893617E-002   63095.7344480193249434360136622344761      
   9.3325430079699248E-002   63095.7344480193249434360136622344761      
  0.12589254117941662        63095.7344480193249434360136622344761      
  0.16982436524617459        63095.7344480193249434360136622344761      
  0.22908676527677702        63095.7344480193249434360136622344761      
  0.30902954325135917        63095.7344480193249434360136622344761      
  0.41686938347033636        63095.7344480193249434360136622344761      
  0.56234132519034918        63095.7344480193249434360136622344761      
  0.75857757502918510        63095.7344480193249434360136622344761      
   1.0232929922807537        63095.7344480193249434360136622344761      
   1.3803842646028868        63095.7344480193249434360136622344761      
   1.8620871366628655        63095.7344480193249434360136622344761      
   2.5118864315095824        63095.7344480193249434360136622344761      
   3.3884415613920345        63095.7344480193249434360136622344761      
   4.5708818961487516        63095.7344480193249434360136622344761      
   6.1659500186148355        63095.7344480193249434360136622344761      
   8.3176377110267090        63095.7344480193249434360136622344761      
   11.220184543019652        63095.7344480193249434360136622344761      
   15.135612484362071        63095.7344480193249434360136622344761      
   20.417379446695318        63095.7344480193249434360136622344761      
   27.542287033381744        63095.7344480193249434360136622344761      
   37.153522909717275        63095.7344480193249434360136622344761      
   50.118723362727351        63095.7344480193249434360136622344761      
   67.608297539198190        63095.7344480193249434360136622344761      
   91.201083935591143        63095.7344480193249434360136622344761      
   123.02687708123811        63095.7344480193249434360136622344761      
   165.95869074375631        63095.7344480193249434360136622344761      
   223.87211385683378        63095.7344480193249434360136622344761      
   301.99517204020191        63095.7344480193249434360136622344761      
   407.38027780411386        63095.7344480193249434360136622344761      
   549.54087385762477        63095.7344480193249434360136622344761      
   741.31024130091919        63095.7344480193249434360136622344761      
   1000.0000000000000        63095.7344480193249434360136622344761      
   1.0000000000000000E-010   70794.5784384137910802214942189312156      
   1.3489628825916532E-010   70794.5784384137910802214942189312156      
   1.8197008586099827E-010   70794.5784384137910802214942189312156      
   2.4547089156850315E-010   70794.5784384137910802214942189312156      
   3.3113112148259112E-010   70794.5784384137910802214942189312156      
   4.4668359215096305E-010   70794.5784384137910802214942189312156      
   6.0255958607435815E-010   70794.5784384137910802214942189312156      
   8.1283051616409944E-010   70794.5784384137910802214942189312156      
   1.0964781961431852E-009   70794.5784384137910802214942189312156      
   1.4791083881682072E-009   70794.5784384137910802214942189312156      
   1.9952623149688791E-009   70794.5784384137910802214942189312156      
   2.6915348039269167E-009   70794.5784384137910802214942189312156      
   3.6307805477010139E-009   70794.5784384137910802214942189312156      
   4.8977881936844609E-009   70794.5784384137910802214942189312156      
   6.6069344800759643E-009   70794.5784384137910802214942189312156      
   8.9125093813374596E-009   70794.5784384137910802214942189312156      
   1.2022644346174132E-008   70794.5784384137910802214942189312156      
   1.6218100973589300E-008   70794.5784384137910802214942189312156      
   2.1877616239495521E-008   70794.5784384137910802214942189312156      
   2.9512092266663871E-008   70794.5784384137910802214942189312156      
   3.9810717055349736E-008   70794.5784384137910802214942189312156      
   5.3703179637025271E-008   70794.5784384137910802214942189312156      
   7.2443596007499061E-008   70794.5784384137910802214942189312156      
   9.7723722095581110E-008   70794.5784384137910802214942189312156      
   1.3182567385564072E-007   70794.5784384137910802214942189312156      
   1.7782794100389230E-007   70794.5784384137910802214942189312156      
   2.3988329190194898E-007   70794.5784384137910802214942189312156      
   3.2359365692962843E-007   70794.5784384137910802214942189312156      
   4.3651583224016610E-007   70794.5784384137910802214942189312156      
   5.8884365535558903E-007   70794.5784384137910802214942189312156      
   7.9432823472428220E-007   70794.5784384137910802214942189312156      
   1.0715193052376070E-006   70794.5784384137910802214942189312156      
   1.4454397707459279E-006   70794.5784384137910802214942189312156      
   1.9498445997580454E-006   70794.5784384137910802214942189312156      
   2.6302679918953812E-006   70794.5784384137910802214942189312156      
   3.5481338923357534E-006   70794.5784384137910802214942189312156      
   4.7863009232263809E-006   70794.5784384137910802214942189312156      
   6.4565422903465625E-006   70794.5784384137910802214942189312156      
   8.7096358995608141E-006   70794.5784384137910802214942189312156      
   1.1748975549395302E-005   70794.5784384137910802214942189312156      
   1.5848931924611141E-005   70794.5784384137910802214942189312156      
   2.1379620895022323E-005   70794.5784384137910802214942189312156      
   2.8840315031266060E-005   70794.5784384137910802214942189312156      
   3.8904514499428046E-005   70794.5784384137910802214942189312156      
   5.2480746024977334E-005   70794.5784384137910802214942189312156      
   7.0794578438413880E-005   70794.5784384137910802214942189312156      
   9.5499258602143688E-005   70794.5784384137910802214942189312156      
   1.2882495516931347E-004   70794.5784384137910802214942189312156      
   1.7378008287493763E-004   70794.5784384137910802214942189312156      
   2.3442288153199226E-004   70794.5784384137910802214942189312156      
   3.1622776601683794E-004   70794.5784384137910802214942189312156      
   4.2657951880159252E-004   70794.5784384137910802214942189312156      
   5.7543993733715664E-004   70794.5784384137910802214942189312156      
   7.7624711662869280E-004   70794.5784384137910802214942189312156      
   1.0471285480509007E-003   70794.5784384137910802214942189312156      
   1.4125375446227555E-003   70794.5784384137910802214942189312156      
   1.9054607179632482E-003   70794.5784384137910802214942189312156      
   2.5703957827688645E-003   70794.5784384137910802214942189312156      
   3.4673685045253171E-003   70794.5784384137910802214942189312156      
   4.6773514128719811E-003   70794.5784384137910802214942189312156      
   6.3095734448019433E-003   70794.5784384137910802214942189312156      
   8.5113803820237779E-003   70794.5784384137910802214942189312156      
   1.1481536214968840E-002   70794.5784384137910802214942189312156      
   1.5488166189124795E-002   70794.5784384137910802214942189312156      
   2.0892961308540410E-002   70794.5784384137910802214942189312156      
   2.8183829312644609E-002   70794.5784384137910802214942189312156      
   3.8018939632056131E-002   70794.5784384137910802214942189312156      
   5.1286138399136587E-002   70794.5784384137910802214942189312156      
   6.9183097091893617E-002   70794.5784384137910802214942189312156      
   9.3325430079699248E-002   70794.5784384137910802214942189312156      
  0.12589254117941662        70794.5784384137910802214942189312156      
  0.16982436524617459        70794.5784384137910802214942189312156      
  0.22908676527677702        70794.5784384137910802214942189312156      
  0.30902954325135917        70794.5784384137910802214942189312156      
  0.41686938347033636        70794.5784384137910802214942189312156      
  0.56234132519034918        70794.5784384137910802214942189312156      
  0.75857757502918510        70794.5784384137910802214942189312156      
   1.0232929922807537        70794.5784384137910802214942189312156      
   1.3803842646028868        70794.5784384137910802214942189312156      
   1.8620871366628655        70794.5784384137910802214942189312156      
   2.5118864315095824        70794.5784384137910802214942189312156      
   3.3884415613920345        70794.5784384137910802214942189312156      
   4.5708818961487516        70794.5784384137910802214942189312156      
   6.1659500186148355        70794.5784384137910802214942189312156      
   8.3176377110267090        70794.5784384137910802214942189312156      
   11.220184543019652        70794.5784384137910802214942189312156      
   15.135612484362071        70794.5784384137910802214942189312156      
   20.417379446695318        70794.5784384137910802214942189312156      
   27.542287033381744        70794.5784384137910802214942189312156      
   37.153522909717275        70794.5784384137910802214942189312156      
   50.118723362727351        70794.5784384137910802214942189312156      
   67.608297539198190        70794.5784384137910802214942189312156      
   91.201083935591143        70794.5784384137910802214942189312156      
   123.02687708123811        70794.5784384137910802214942189312156      
   165.95869074375631        70794.5784384137910802214942189312156      
   223.87211385683378        70794.5784384137910802214942189312156      
   301.99517204020191        70794.5784384137910802214942189312156      
   407.38027780411386        70794.5784384137910802214942189312156      
   549.54087385762477        70794.5784384137910802214942189312156      
   741.31024130091919        70794.5784384137910802214942189312156      
   1000.0000000000000        70794.5784384137910802214942189312156      
   1.0000000000000000E-010   79432.8234724281502065918282836388448      
   1.3489628825916532E-010   79432.8234724281502065918282836388448      
   1.8197008586099827E-010   79432.8234724281502065918282836388448      
   2.4547089156850315E-010   79432.8234724281502065918282836388448      
   3.3113112148259112E-010   79432.8234724281502065918282836388448      
   4.4668359215096305E-010   79432.8234724281502065918282836388448      
   6.0255958607435815E-010   79432.8234724281502065918282836388448      
   8.1283051616409944E-010   79432.8234724281502065918282836388448      
   1.0964781961431852E-009   79432.8234724281502065918282836388448      
   1.4791083881682072E-009   79432.8234724281502065918282836388448      
   1.9952623149688791E-009   79432.8234724281502065918282836388448      
   2.6915348039269167E-009   79432.8234724281502065918282836388448      
   3.6307805477010139E-009   79432.8234724281502065918282836388448      
   4.8977881936844609E-009   79432.8234724281502065918282836388448      
   6.6069344800759643E-009   79432.8234724281502065918282836388448      
   8.9125093813374596E-009   79432.8234724281502065918282836388448      
   1.2022644346174132E-008   79432.8234724281502065918282836388448      
   1.6218100973589300E-008   79432.8234724281502065918282836388448      
   2.1877616239495521E-008   79432.8234724281502065918282836388448      
   2.9512092266663871E-008   79432.8234724281502065918282836388448      
   3.9810717055349736E-008   79432.8234724281502065918282836388448      
   5.3703179637025271E-008   79432.8234724281502065918282836388448      
   7.2443596007499061E-008   79432.8234724281502065918282836388448      
   9.7723722095581110E-008   79432.8234724281502065918282836388448      
   1.3182567385564072E-007   79432.8234724281502065918282836388448      
   1.7782794100389230E-007   79432.8234724281502065918282836388448      
   2.3988329190194898E-007   79432.8234724281502065918282836388448      
   3.2359365692962843E-007   79432.8234724281502065918282836388448      
   4.3651583224016610E-007   79432.8234724281502065918282836388448      
   5.8884365535558903E-007   79432.8234724281502065918282836388448      
   7.9432823472428220E-007   79432.8234724281502065918282836388448      
   1.0715193052376070E-006   79432.8234724281502065918282836388448      
   1.4454397707459279E-006   79432.8234724281502065918282836388448      
   1.9498445997580454E-006   79432.8234724281502065918282836388448      
   2.6302679918953812E-006   79432.8234724281502065918282836388448      
   3.5481338923357534E-006   79432.8234724281502065918282836388448      
   4.7863009232263809E-006   79432.8234724281502065918282836388448      
   6.4565422903465625E-006   79432.8234724281502065918282836388448      
   8.7096358995608141E-006   79432.8234724281502065918282836388448      
   1.1748975549395302E-005   79432.8234724281502065918282836388448      
   1.5848931924611141E-005   79432.8234724281502065918282836388448      
   2.1379620895022323E-005   79432.8234724281502065918282836388448      
   2.8840315031266060E-005   79432.8234724281502065918282836388448      
   3.8904514499428046E-005   79432.8234724281502065918282836388448      
   5.2480746024977334E-005   79432.8234724281502065918282836388448      
   7.0794578438413880E-005   79432.8234724281502065918282836388448      
   9.5499258602143688E-005   79432.8234724281502065918282836388448      
   1.2882495516931347E-004   79432.8234724281502065918282836388448      
   1.7378008287493763E-004   79432.8234724281502065918282836388448      
   2.3442288153199226E-004   79432.8234724281502065918282836388448      
   3.1622776601683794E-004   79432.8234724281502065918282836388448      
   4.2657951880159252E-004   79432.8234724281502065918282836388448      
   5.7543993733715664E-004   79432.8234724281502065918282836388448      
   7.7624711662869280E-004   79432.8234724281502065918282836388448      
   1.0471285480509007E-003   79432.8234724281502065918282836388448      
   1.4125375446227555E-003   79432.8234724281502065918282836388448      
   1.9054607179632482E-003   79432.8234724281502065918282836388448      
   2.5703957827688645E-003   79432.8234724281502065918282836388448      
   3.4673685045253171E-003   79432.8234724281502065918282836388448      
   4.6773514128719811E-003   79432.8234724281502065918282836388448      
   6.3095734448019433E-003   79432.8234724281502065918282836388448      
   8.5113803820237779E-003   79432.8234724281502065918282836388448      
   1.1481536214968840E-002   79432.8234724281502065918282836388448      
   1.5488166189124795E-002   79432.8234724281502065918282836388448      
   2.0892961308540410E-002   79432.8234724281502065918282836388448      
   2.8183829312644609E-002   79432.8234724281502065918282836388448      
   3.8018939632056131E-002   79432.8234724281502065918282836388448      
   5.1286138399136587E-002   79432.8234724281502065918282836388448      
   6.9183097091893617E-002   79432.8234724281502065918282836388448      
   9.3325430079699248E-002   79432.8234724281502065918282836388448      
  0.12589254117941662        79432.8234724281502065918282836388448      
  0.16982436524617459        79432.8234724281502065918282836388448      
  0.22908676527677702        79432.8234724281502065918282836388448      
  0.30902954325135917        79432.8234724281502065918282836388448      
  0.41686938347033636        79432.8234724281502065918282836388448      
  0.56234132519034918        79432.8234724281502065918282836388448      
  0.75857757502918510        79432.8234724281502065918282836388448      
   1.0232929922807537        79432.8234724281502065918282836388448      
   1.3803842646028868        79432.8234724281502065918282836388448      
   1.8620871366628655        79432.8234724281502065918282836388448      
   2.5118864315095824        79432.8234724281502065918282836388448      
   3.3884415613920345        79432.8234724281502065918282836388448      
   4.5708818961487516        79432.8234724281502065918282836388448      
   6.1659500186148355        79432.8234724281502065918282836388448      
   8.3176377110267090        79432.8234724281502065918282836388448      
   11.220184543019652        79432.8234724281502065918282836388448      
   15.135612484362071        79432.8234724281502065918282836388448      
   20.417379446695318        79432.8234724281502065918282836388448      
   27.542287033381744        79432.8234724281502065918282836388448      
   37.153522909717275        79432.8234724281502065918282836388448      
   50.118723362727351        79432.8234724281502065918282836388448      
   67.608297539198190        79432.8234724281502065918282836388448      
   91.201083935591143        79432.8234724281502065918282836388448      
   123.02687708123811        79432.8234724281502065918282836388448      
   165.95869074375631        79432.8234724281502065918282836388448      
   223.87211385683378        79432.8234724281502065918282836388448      
   301.99517204020191        79432.8234724281502065918282836388448      
   407.38027780411386        79432.8234724281502065918282836388448      
   549.54087385762477        79432.8234724281502065918282836388448      
   741.31024130091919        79432.8234724281502065918282836388448      
   1000.0000000000000        79432.8234724281502065918282836388448      
   1.0000000000000000E-010   89125.0938133745529953108681078297357      
   1.3489628825916532E-010   89125.0938133745529953108681078297357      
   1.8197008586099827E-010   89125.0938133745529953108681078297357      
   2.4547089156850315E-010   89125.0938133745529953108681078297357      
   3.3113112148259112E-010   89125.0938133745529953108681078297357      
   4.4668359215096305E-010   89125.0938133745529953108681078297357      
   6.0255958607435815E-010   89125.0938133745529953108681078297357      
   8.1283051616409944E-010   89125.0938133745529953108681078297357      
   1.0964781961431852E-009   89125.0938133745529953108681078297357      
   1.4791083881682072E-009   89125.0938133745529953108681078297357      
   1.9952623149688791E-009   89125.0938133745529953108681078297357      
   2.6915348039269167E-009   89125.0938133745529953108681078297357      
   3.6307805477010139E-009   89125.0938133745529953108681078297357      
   4.8977881936844609E-009   89125.0938133745529953108681078297357      
   6.6069344800759643E-009   89125.0938133745529953108681078297357      
   8.9125093813374596E-009   89125.0938133745529953108681078297357      
   1.2022644346174132E-008   89125.0938133745529953108681078297357      
   1.6218100973589300E-008   89125.0938133745529953108681078297357      
   2.1877616239495521E-008   89125.0938133745529953108681078297357      
   2.9512092266663871E-008   89125.0938133745529953108681078297357      
   3.9810717055349736E-008   89125.0938133745529953108681078297357      
   5.3703179637025271E-008   89125.0938133745529953108681078297357      
   7.2443596007499061E-008   89125.0938133745529953108681078297357      
   9.7723722095581110E-008   89125.0938133745529953108681078297357      
   1.3182567385564072E-007   89125.0938133745529953108681078297357      
   1.7782794100389230E-007   89125.0938133745529953108681078297357      
   2.3988329190194898E-007   89125.0938133745529953108681078297357      
   3.2359365692962843E-007   89125.0938133745529953108681078297357      
   4.3651583224016610E-007   89125.0938133745529953108681078297357      
   5.8884365535558903E-007   89125.0938133745529953108681078297357      
   7.9432823472428220E-007   89125.0938133745529953108681078297357      
   1.0715193052376070E-006   89125.0938133745529953108681078297357      
   1.4454397707459279E-006   89125.0938133745529953108681078297357      
   1.9498445997580454E-006   89125.0938133745529953108681078297357      
   2.6302679918953812E-006   89125.0938133745529953108681078297357      
   3.5481338923357534E-006   89125.0938133745529953108681078297357      
   4.7863009232263809E-006   89125.0938133745529953108681078297357      
   6.4565422903465625E-006   89125.0938133745529953108681078297357      
   8.7096358995608141E-006   89125.0938133745529953108681078297357      
   1.1748975549395302E-005   89125.0938133745529953108681078297357      
   1.5848931924611141E-005   89125.0938133745529953108681078297357      
   2.1379620895022323E-005   89125.0938133745529953108681078297357      
   2.8840315031266060E-005   89125.0938133745529953108681078297357      
   3.8904514499428046E-005   89125.0938133745529953108681078297357      
   5.2480746024977334E-005   89125.0938133745529953108681078297357      
   7.0794578438413880E-005   89125.0938133745529953108681078297357      
   9.5499258602143688E-005   89125.0938133745529953108681078297357      
   1.2882495516931347E-004   89125.0938133745529953108681078297357      
   1.7378008287493763E-004   89125.0938133745529953108681078297357      
   2.3442288153199226E-004   89125.0938133745529953108681078297357      
   3.1622776601683794E-004   89125.0938133745529953108681078297357      
   4.2657951880159252E-004   89125.0938133745529953108681078297357      
   5.7543993733715664E-004   89125.0938133745529953108681078297357      
   7.7624711662869280E-004   89125.0938133745529953108681078297357      
   1.0471285480509007E-003   89125.0938133745529953108681078297357      
   1.4125375446227555E-003   89125.0938133745529953108681078297357      
   1.9054607179632482E-003   89125.0938133745529953108681078297357      
   2.5703957827688645E-003   89125.0938133745529953108681078297357      
   3.4673685045253171E-003   89125.0938133745529953108681078297357      
   4.6773514128719811E-003   89125.0938133745529953108681078297357      
   6.3095734448019433E-003   89125.0938133745529953108681078297357      
   8.5113803820237779E-003   89125.0938133745529953108681078297357      
   1.1481536214968840E-002   89125.0938133745529953108681078297357      
   1.5488166189124795E-002   89125.0938133745529953108681078297357      
   2.0892961308540410E-002   89125.0938133745529953108681078297357      
   2.8183829312644609E-002   89125.0938133745529953108681078297357      
   3.8018939632056131E-002   89125.0938133745529953108681078297357      
   5.1286138399136587E-002   89125.0938133745529953108681078297357      
   6.9183097091893617E-002   89125.0938133745529953108681078297357      
   9.3325430079699248E-002   89125.0938133745529953108681078297357      
  0.12589254117941662        89125.0938133745529953108681078297357      
  0.16982436524617459        89125.0938133745529953108681078297357      
  0.22908676527677702        89125.0938133745529953108681078297357      
  0.30902954325135917        89125.0938133745529953108681078297357      
  0.41686938347033636        89125.0938133745529953108681078297357      
  0.56234132519034918        89125.0938133745529953108681078297357      
  0.75857757502918510        89125.0938133745529953108681078297357      
   1.0232929922807537        89125.0938133745529953108681078297357      
   1.3803842646028868        89125.0938133745529953108681078297357      
   1.8620871366628655        89125.0938133745529953108681078297357      
   2.5118864315095824        89125.0938133745529953108681078297357      
   3.3884415613920345        89125.0938133745529953108681078297357      
   4.5708818961487516        89125.0938133745529953108681078297357      
   6.1659500186148355        89125.0938133745529953108681078297357      
   8.3176377110267090        89125.0938133745529953108681078297357      
   11.220184543019652        89125.0938133745529953108681078297357      
   15.135612484362071        89125.0938133745529953108681078297357      
   20.417379446695318        89125.0938133745529953108681078297357      
   27.542287033381744        89125.0938133745529953108681078297357      
   37.153522909717275        89125.0938133745529953108681078297357      
   50.118723362727351        89125.0938133745529953108681078297357      
   67.608297539198190        89125.0938133745529953108681078297357      
   91.201083935591143        89125.0938133745529953108681078297357      
   123.02687708123811        89125.0938133745529953108681078297357      
   165.95869074375631        89125.0938133745529953108681078297357      
   223.87211385683378        89125.0938133745529953108681078297357      
   301.99517204020191        89125.0938133745529953108681078297357      
   407.38027780411386        89125.0938133745529953108681078297357      
   549.54087385762477        89125.0938133745529953108681078297357      
   741.31024130091919        89125.0938133745529953108681078297357      
   1000.0000000000000        89125.0938133745529953108681078297357      
   1.0000000000000000E-010   100000.000000000000000000000000000000      
   1.3489628825916532E-010   100000.000000000000000000000000000000      
   1.8197008586099827E-010   100000.000000000000000000000000000000      
   2.4547089156850315E-010   100000.000000000000000000000000000000      
   3.3113112148259112E-010   100000.000000000000000000000000000000      
   4.4668359215096305E-010   100000.000000000000000000000000000000      
   6.0255958607435815E-010   100000.000000000000000000000000000000      
   8.1283051616409944E-010   100000.000000000000000000000000000000      
   1.0964781961431852E-009   100000.000000000000000000000000000000      
   1.4791083881682072E-009   100000.000000000000000000000000000000      
   1.9952623149688791E-009   100000.000000000000000000000000000000      
   2.6915348039269167E-009   100000.000000000000000000000000000000      
   3.6307805477010139E-009   100000.000000000000000000000000000000      
   4.8977881936844609E-009   100000.000000000000000000000000000000      
   6.6069344800759643E-009   100000.000000000000000000000000000000      
   8.9125093813374596E-009   100000.000000000000000000000000000000      
   1.2022644346174132E-008   100000.000000000000000000000000000000      
   1.6218100973589300E-008   100000.000000000000000000000000000000      
   2.1877616239495521E-008   100000.000000000000000000000000000000      
   2.9512092266663871E-008   100000.000000000000000000000000000000      
   3.9810717055349736E-008   100000.000000000000000000000000000000      
   5.3703179637025271E-008   100000.000000000000000000000000000000      
   7.2443596007499061E-008   100000.000000000000000000000000000000      
   9.7723722095581110E-008   100000.000000000000000000000000000000      
   1.3182567385564072E-007   100000.000000000000000000000000000000      
   1.7782794100389230E-007   100000.000000000000000000000000000000      
   2.3988329190194898E-007   100000.000000000000000000000000000000      
   3.2359365692962843E-007   100000.000000000000000000000000000000      
   4.3651583224016610E-007   100000.000000000000000000000000000000      
   5.8884365535558903E-007   100000.000000000000000000000000000000      
   7.9432823472428220E-007   100000.000000000000000000000000000000      
   1.0715193052376070E-006   100000.000000000000000000000000000000      
   1.4454397707459279E-006   100000.000000000000000000000000000000      
   1.9498445997580454E-006   100000.000000000000000000000000000000      
   2.6302679918953812E-006   100000.000000000000000000000000000000      
   3.5481338923357534E-006   100000.000000000000000000000000000000      
   4.7863009232263809E-006   100000.000000000000000000000000000000      
   6.4565422903465625E-006   100000.000000000000000000000000000000      
   8.7096358995608141E-006   100000.000000000000000000000000000000      
   1.1748975549395302E-005   100000.000000000000000000000000000000      
   1.5848931924611141E-005   100000.000000000000000000000000000000      
   2.1379620895022323E-005   100000.000000000000000000000000000000      
   2.8840315031266060E-005   100000.000000000000000000000000000000      
   3.8904514499428046E-005   100000.000000000000000000000000000000      
   5.2480746024977334E-005   100000.000000000000000000000000000000      
   7.0794578438413880E-005   100000.000000000000000000000000000000      
   9.5499258602143688E-005   100000.000000000000000000000000000000      
   1.2882495516931347E-004   100000.000000000000000000000000000000      
   1.7378008287493763E-004   100000.000000000000000000000000000000      
   2.3442288153199226E-004   100000.000000000000000000000000000000      
   3.1622776601683794E-004   100000.000000000000000000000000000000      
   4.2657951880159252E-004   100000.000000000000000000000000000000      
   5.7543993733715664E-004   100000.000000000000000000000000000000      
   7.7624711662869280E-004   100000.000000000000000000000000000000      
   1.0471285480509007E-003   100000.000000000000000000000000000000      
   1.4125375446227555E-003   100000.000000000000000000000000000000      
   1.9054607179632482E-003   100000.000000000000000000000000000000      
   2.5703957827688645E-003   100000.000000000000000000000000000000      
   3.4673685045253171E-003   100000.000000000000000000000000000000      
   4.6773514128719811E-003   100000.000000000000000000000000000000      
   6.3095734448019433E-003   100000.000000000000000000000000000000      
   8.5113803820237779E-003   100000.000000000000000000000000000000      
   1.1481536214968840E-002   100000.000000000000000000000000000000      
   1.5488166189124795E-002   100000.000000000000000000000000000000      
   2.0892961308540410E-002   100000.000000000000000000000000000000      
   2.8183829312644609E-002   100000.000000000000000000000000000000      
   3.8018939632056131E-002   100000.000000000000000000000000000000      
   5.1286138399136587E-002   100000.000000000000000000000000000000      
   6.9183097091893617E-002   100000.000000000000000000000000000000      
   9.3325430079699248E-002   100000.000000000000000000000000000000      
  0.12589254117941662        100000.000000000000000000000000000000      
  0.16982436524617459        100000.000000000000000000000000000000      
  0.22908676527677702        100000.000000000000000000000000000000      
  0.30902954325135917        100000.000000000000000000000000000000      
  0.41686938347033636        100000.000000000000000000000000000000      
  0.56234132519034918        100000.000000000000000000000000000000      
  0.75857757502918510        100000.000000000000000000000000000000      
   1.0232929922807537        100000.000000000000000000000000000000      
   1.3803842646028868        100000.000000000000000000000000000000      
   1.8620871366628655        100000.000000000000000000000000000000      
   2.5118864315095824        100000.000000000000000000000000000000      
   3.3884415613920345        100000.000000000000000000000000000000      
   4.5708818961487516        100000.000000000000000000000000000000      
   6.1659500186148355        100000.000000000000000000000000000000      
   8.3176377110267090        100000.000000000000000000000000000000      
   11.220184543019652        100000.000000000000000000000000000000      
   15.135612484362071        100000.000000000000000000000000000000      
   20.417379446695318        100000.000000000000000000000000000000      
   27.542287033381744        100000.000000000000000000000000000000      
   37.153522909717275        100000.000000000000000000000000000000      
   50.118723362727351        100000.000000000000000000000000000000      
   67.608297539198190        100000.000000000000000000000000000000      
   91.201083935591143        100000.000000000000000000000000000000      
   123.02687708123811        100000.000000000000000000000000000000      
   165.95869074375631        100000.000000000000000000000000000000      
   223.87211385683378        100000.000000000000000000000000000000      
   301.99517204020191        100000.000000000000000000000000000000      
   407.38027780411386        100000.000000000000000000000000000000      
   549.54087385762477        100000.000000000000000000000000000000      
   741.31024130091919        100000.000000000000000000000000000000      
   1000.0000000000000        100000.000000000000000000000000000000      
   1.0000000000000000E-010   112201.845430196343559103894647790734      
   1.3489628825916532E-010   112201.845430196343559103894647790734      
   1.8197008586099827E-010   112201.845430196343559103894647790734      
   2.4547089156850315E-010   112201.845430196343559103894647790734      
   3.3113112148259112E-010   112201.845430196343559103894647790734      
   4.4668359215096305E-010   112201.845430196343559103894647790734      
   6.0255958607435815E-010   112201.845430196343559103894647790734      
   8.1283051616409944E-010   112201.845430196343559103894647790734      
   1.0964781961431852E-009   112201.845430196343559103894647790734      
   1.4791083881682072E-009   112201.845430196343559103894647790734      
   1.9952623149688791E-009   112201.845430196343559103894647790734      
   2.6915348039269167E-009   112201.845430196343559103894647790734      
   3.6307805477010139E-009   112201.845430196343559103894647790734      
   4.8977881936844609E-009   112201.845430196343559103894647790734      
   6.6069344800759643E-009   112201.845430196343559103894647790734      
   8.9125093813374596E-009   112201.845430196343559103894647790734      
   1.2022644346174132E-008   112201.845430196343559103894647790734      
   1.6218100973589300E-008   112201.845430196343559103894647790734      
   2.1877616239495521E-008   112201.845430196343559103894647790734      
   2.9512092266663871E-008   112201.845430196343559103894647790734      
   3.9810717055349736E-008   112201.845430196343559103894647790734      
   5.3703179637025271E-008   112201.845430196343559103894647790734      
   7.2443596007499061E-008   112201.845430196343559103894647790734      
   9.7723722095581110E-008   112201.845430196343559103894647790734      
   1.3182567385564072E-007   112201.845430196343559103894647790734      
   1.7782794100389230E-007   112201.845430196343559103894647790734      
   2.3988329190194898E-007   112201.845430196343559103894647790734      
   3.2359365692962843E-007   112201.845430196343559103894647790734      
   4.3651583224016610E-007   112201.845430196343559103894647790734      
   5.8884365535558903E-007   112201.845430196343559103894647790734      
   7.9432823472428220E-007   112201.845430196343559103894647790734      
   1.0715193052376070E-006   112201.845430196343559103894647790734      
   1.4454397707459279E-006   112201.845430196343559103894647790734      
   1.9498445997580454E-006   112201.845430196343559103894647790734      
   2.6302679918953812E-006   112201.845430196343559103894647790734      
   3.5481338923357534E-006   112201.845430196343559103894647790734      
   4.7863009232263809E-006   112201.845430196343559103894647790734      
   6.4565422903465625E-006   112201.845430196343559103894647790734      
   8.7096358995608141E-006   112201.845430196343559103894647790734      
   1.1748975549395302E-005   112201.845430196343559103894647790734      
   1.5848931924611141E-005   112201.845430196343559103894647790734      
   2.1379620895022323E-005   112201.845430196343559103894647790734      
   2.8840315031266060E-005   112201.845430196343559103894647790734      
   3.8904514499428046E-005   112201.845430196343559103894647790734      
   5.2480746024977334E-005   112201.845430196343559103894647790734      
   7.0794578438413880E-005   112201.845430196343559103894647790734      
   9.5499258602143688E-005   112201.845430196343559103894647790734      
   1.2882495516931347E-004   112201.845430196343559103894647790734      
   1.7378008287493763E-004   112201.845430196343559103894647790734      
   2.3442288153199226E-004   112201.845430196343559103894647790734      
   3.1622776601683794E-004   112201.845430196343559103894647790734      
   4.2657951880159252E-004   112201.845430196343559103894647790734      
   5.7543993733715664E-004   112201.845430196343559103894647790734      
   7.7624711662869280E-004   112201.845430196343559103894647790734      
   1.0471285480509007E-003   112201.845430196343559103894647790734      
   1.4125375446227555E-003   112201.845430196343559103894647790734      
   1.9054607179632482E-003   112201.845430196343559103894647790734      
   2.5703957827688645E-003   112201.845430196343559103894647790734      
   3.4673685045253171E-003   112201.845430196343559103894647790734      
   4.6773514128719811E-003   112201.845430196343559103894647790734      
   6.3095734448019433E-003   112201.845430196343559103894647790734      
   8.5113803820237779E-003   112201.845430196343559103894647790734      
   1.1481536214968840E-002   112201.845430196343559103894647790734      
   1.5488166189124795E-002   112201.845430196343559103894647790734      
   2.0892961308540410E-002   112201.845430196343559103894647790734      
   2.8183829312644609E-002   112201.845430196343559103894647790734      
   3.8018939632056131E-002   112201.845430196343559103894647790734      
   5.1286138399136587E-002   112201.845430196343559103894647790734      
   6.9183097091893617E-002   112201.845430196343559103894647790734      
   9.3325430079699248E-002   112201.845430196343559103894647790734      
  0.12589254117941662        112201.845430196343559103894647790734      
  0.16982436524617459        112201.845430196343559103894647790734      
  0.22908676527677702        112201.845430196343559103894647790734      
  0.30902954325135917        112201.845430196343559103894647790734      
  0.41686938347033636        112201.845430196343559103894647790734      
  0.56234132519034918        112201.845430196343559103894647790734      
  0.75857757502918510        112201.845430196343559103894647790734      
   1.0232929922807537        112201.845430196343559103894647790734      
   1.3803842646028868        112201.845430196343559103894647790734      
   1.8620871366628655        112201.845430196343559103894647790734      
   2.5118864315095824        112201.845430196343559103894647790734      
   3.3884415613920345        112201.845430196343559103894647790734      
   4.5708818961487516        112201.845430196343559103894647790734      
   6.1659500186148355        112201.845430196343559103894647790734      
   8.3176377110267090        112201.845430196343559103894647790734      
   11.220184543019652        112201.845430196343559103894647790734      
   15.135612484362071        112201.845430196343559103894647790734      
   20.417379446695318        112201.845430196343559103894647790734      
   27.542287033381744        112201.845430196343559103894647790734      
   37.153522909717275        112201.845430196343559103894647790734      
   50.118723362727351        112201.845430196343559103894647790734      
   67.608297539198190        112201.845430196343559103894647790734      
   91.201083935591143        112201.845430196343559103894647790734      
   123.02687708123811        112201.845430196343559103894647790734      
   165.95869074375631        112201.845430196343559103894647790734      
   223.87211385683378        112201.845430196343559103894647790734      
   301.99517204020191        112201.845430196343559103894647790734      
   407.38027780411386        112201.845430196343559103894647790734      
   549.54087385762477        112201.845430196343559103894647790734      
   741.31024130091919        112201.845430196343559103894647790734      
   1000.0000000000000        112201.845430196343559103894647790734      
   1.0000000000000000E-010   125892.541179416721042395410639579965      
   1.3489628825916532E-010   125892.541179416721042395410639579965      
   1.8197008586099827E-010   125892.541179416721042395410639579965      
   2.4547089156850315E-010   125892.541179416721042395410639579965      
   3.3113112148259112E-010   125892.541179416721042395410639579965      
   4.4668359215096305E-010   125892.541179416721042395410639579965      
   6.0255958607435815E-010   125892.541179416721042395410639579965      
   8.1283051616409944E-010   125892.541179416721042395410639579965      
   1.0964781961431852E-009   125892.541179416721042395410639579965      
   1.4791083881682072E-009   125892.541179416721042395410639579965      
   1.9952623149688791E-009   125892.541179416721042395410639579965      
   2.6915348039269167E-009   125892.541179416721042395410639579965      
   3.6307805477010139E-009   125892.541179416721042395410639579965      
   4.8977881936844609E-009   125892.541179416721042395410639579965      
   6.6069344800759643E-009   125892.541179416721042395410639579965      
   8.9125093813374596E-009   125892.541179416721042395410639579965      
   1.2022644346174132E-008   125892.541179416721042395410639579965      
   1.6218100973589300E-008   125892.541179416721042395410639579965      
   2.1877616239495521E-008   125892.541179416721042395410639579965      
   2.9512092266663871E-008   125892.541179416721042395410639579965      
   3.9810717055349736E-008   125892.541179416721042395410639579965      
   5.3703179637025271E-008   125892.541179416721042395410639579965      
   7.2443596007499061E-008   125892.541179416721042395410639579965      
   9.7723722095581110E-008   125892.541179416721042395410639579965      
   1.3182567385564072E-007   125892.541179416721042395410639579965      
   1.7782794100389230E-007   125892.541179416721042395410639579965      
   2.3988329190194898E-007   125892.541179416721042395410639579965      
   3.2359365692962843E-007   125892.541179416721042395410639579965      
   4.3651583224016610E-007   125892.541179416721042395410639579965      
   5.8884365535558903E-007   125892.541179416721042395410639579965      
   7.9432823472428220E-007   125892.541179416721042395410639579965      
   1.0715193052376070E-006   125892.541179416721042395410639579965      
   1.4454397707459279E-006   125892.541179416721042395410639579965      
   1.9498445997580454E-006   125892.541179416721042395410639579965      
   2.6302679918953812E-006   125892.541179416721042395410639579965      
   3.5481338923357534E-006   125892.541179416721042395410639579965      
   4.7863009232263809E-006   125892.541179416721042395410639579965      
   6.4565422903465625E-006   125892.541179416721042395410639579965      
   8.7096358995608141E-006   125892.541179416721042395410639579965      
   1.1748975549395302E-005   125892.541179416721042395410639579965      
   1.5848931924611141E-005   125892.541179416721042395410639579965      
   2.1379620895022323E-005   125892.541179416721042395410639579965      
   2.8840315031266060E-005   125892.541179416721042395410639579965      
   3.8904514499428046E-005   125892.541179416721042395410639579965      
   5.2480746024977334E-005   125892.541179416721042395410639579965      
   7.0794578438413880E-005   125892.541179416721042395410639579965      
   9.5499258602143688E-005   125892.541179416721042395410639579965      
   1.2882495516931347E-004   125892.541179416721042395410639579965      
   1.7378008287493763E-004   125892.541179416721042395410639579965      
   2.3442288153199226E-004   125892.541179416721042395410639579965      
   3.1622776601683794E-004   125892.541179416721042395410639579965      
   4.2657951880159252E-004   125892.541179416721042395410639579965      
   5.7543993733715664E-004   125892.541179416721042395410639579965      
   7.7624711662869280E-004   125892.541179416721042395410639579965      
   1.0471285480509007E-003   125892.541179416721042395410639579965      
   1.4125375446227555E-003   125892.541179416721042395410639579965      
   1.9054607179632482E-003   125892.541179416721042395410639579965      
   2.5703957827688645E-003   125892.541179416721042395410639579965      
   3.4673685045253171E-003   125892.541179416721042395410639579965      
   4.6773514128719811E-003   125892.541179416721042395410639579965      
   6.3095734448019433E-003   125892.541179416721042395410639579965      
   8.5113803820237779E-003   125892.541179416721042395410639579965      
   1.1481536214968840E-002   125892.541179416721042395410639579965      
   1.5488166189124795E-002   125892.541179416721042395410639579965      
   2.0892961308540410E-002   125892.541179416721042395410639579965      
   2.8183829312644609E-002   125892.541179416721042395410639579965      
   3.8018939632056131E-002   125892.541179416721042395410639579965      
   5.1286138399136587E-002   125892.541179416721042395410639579965      
   6.9183097091893617E-002   125892.541179416721042395410639579965      
   9.3325430079699248E-002   125892.541179416721042395410639579965      
  0.12589254117941662        125892.541179416721042395410639579965      
  0.16982436524617459        125892.541179416721042395410639579965      
  0.22908676527677702        125892.541179416721042395410639579965      
  0.30902954325135917        125892.541179416721042395410639579965      
  0.41686938347033636        125892.541179416721042395410639579965      
  0.56234132519034918        125892.541179416721042395410639579965      
  0.75857757502918510        125892.541179416721042395410639579965      
   1.0232929922807537        125892.541179416721042395410639579965      
   1.3803842646028868        125892.541179416721042395410639579965      
   1.8620871366628655        125892.541179416721042395410639579965      
   2.5118864315095824        125892.541179416721042395410639579965      
   3.3884415613920345        125892.541179416721042395410639579965      
   4.5708818961487516        125892.541179416721042395410639579965      
   6.1659500186148355        125892.541179416721042395410639579965      
   8.3176377110267090        125892.541179416721042395410639579965      
   11.220184543019652        125892.541179416721042395410639579965      
   15.135612484362071        125892.541179416721042395410639579965      
   20.417379446695318        125892.541179416721042395410639579965      
   27.542287033381744        125892.541179416721042395410639579965      
   37.153522909717275        125892.541179416721042395410639579965      
   50.118723362727351        125892.541179416721042395410639579965      
   67.608297539198190        125892.541179416721042395410639579965      
   91.201083935591143        125892.541179416721042395410639579965      
   123.02687708123811        125892.541179416721042395410639579965      
   165.95869074375631        125892.541179416721042395410639579965      
   223.87211385683378        125892.541179416721042395410639579965      
   301.99517204020191        125892.541179416721042395410639579965      
   407.38027780411386        125892.541179416721042395410639579965      
   549.54087385762477        125892.541179416721042395410639579965      
   741.31024130091919        125892.541179416721042395410639579965      
   1000.0000000000000        125892.541179416721042395410639579965      
   1.0000000000000000E-010   141253.754462275430215560786393024197      
   1.3489628825916532E-010   141253.754462275430215560786393024197      
   1.8197008586099827E-010   141253.754462275430215560786393024197      
   2.4547089156850315E-010   141253.754462275430215560786393024197      
   3.3113112148259112E-010   141253.754462275430215560786393024197      
   4.4668359215096305E-010   141253.754462275430215560786393024197      
   6.0255958607435815E-010   141253.754462275430215560786393024197      
   8.1283051616409944E-010   141253.754462275430215560786393024197      
   1.0964781961431852E-009   141253.754462275430215560786393024197      
   1.4791083881682072E-009   141253.754462275430215560786393024197      
   1.9952623149688791E-009   141253.754462275430215560786393024197      
   2.6915348039269167E-009   141253.754462275430215560786393024197      
   3.6307805477010139E-009   141253.754462275430215560786393024197      
   4.8977881936844609E-009   141253.754462275430215560786393024197      
   6.6069344800759643E-009   141253.754462275430215560786393024197      
   8.9125093813374596E-009   141253.754462275430215560786393024197      
   1.2022644346174132E-008   141253.754462275430215560786393024197      
   1.6218100973589300E-008   141253.754462275430215560786393024197      
   2.1877616239495521E-008   141253.754462275430215560786393024197      
   2.9512092266663871E-008   141253.754462275430215560786393024197      
   3.9810717055349736E-008   141253.754462275430215560786393024197      
   5.3703179637025271E-008   141253.754462275430215560786393024197      
   7.2443596007499061E-008   141253.754462275430215560786393024197      
   9.7723722095581110E-008   141253.754462275430215560786393024197      
   1.3182567385564072E-007   141253.754462275430215560786393024197      
   1.7782794100389230E-007   141253.754462275430215560786393024197      
   2.3988329190194898E-007   141253.754462275430215560786393024197      
   3.2359365692962843E-007   141253.754462275430215560786393024197      
   4.3651583224016610E-007   141253.754462275430215560786393024197      
   5.8884365535558903E-007   141253.754462275430215560786393024197      
   7.9432823472428220E-007   141253.754462275430215560786393024197      
   1.0715193052376070E-006   141253.754462275430215560786393024197      
   1.4454397707459279E-006   141253.754462275430215560786393024197      
   1.9498445997580454E-006   141253.754462275430215560786393024197      
   2.6302679918953812E-006   141253.754462275430215560786393024197      
   3.5481338923357534E-006   141253.754462275430215560786393024197      
   4.7863009232263809E-006   141253.754462275430215560786393024197      
   6.4565422903465625E-006   141253.754462275430215560786393024197      
   8.7096358995608141E-006   141253.754462275430215560786393024197      
   1.1748975549395302E-005   141253.754462275430215560786393024197      
   1.5848931924611141E-005   141253.754462275430215560786393024197      
   2.1379620895022323E-005   141253.754462275430215560786393024197      
   2.8840315031266060E-005   141253.754462275430215560786393024197      
   3.8904514499428046E-005   141253.754462275430215560786393024197      
   5.2480746024977334E-005   141253.754462275430215560786393024197      
   7.0794578438413880E-005   141253.754462275430215560786393024197      
   9.5499258602143688E-005   141253.754462275430215560786393024197      
   1.2882495516931347E-004   141253.754462275430215560786393024197      
   1.7378008287493763E-004   141253.754462275430215560786393024197      
   2.3442288153199226E-004   141253.754462275430215560786393024197      
   3.1622776601683794E-004   141253.754462275430215560786393024197      
   4.2657951880159252E-004   141253.754462275430215560786393024197      
   5.7543993733715664E-004   141253.754462275430215560786393024197      
   7.7624711662869280E-004   141253.754462275430215560786393024197      
   1.0471285480509007E-003   141253.754462275430215560786393024197      
   1.4125375446227555E-003   141253.754462275430215560786393024197      
   1.9054607179632482E-003   141253.754462275430215560786393024197      
   2.5703957827688645E-003   141253.754462275430215560786393024197      
   3.4673685045253171E-003   141253.754462275430215560786393024197      
   4.6773514128719811E-003   141253.754462275430215560786393024197      
   6.3095734448019433E-003   141253.754462275430215560786393024197      
   8.5113803820237779E-003   141253.754462275430215560786393024197      
   1.1481536214968840E-002   141253.754462275430215560786393024197      
   1.5488166189124795E-002   141253.754462275430215560786393024197      
   2.0892961308540410E-002   141253.754462275430215560786393024197      
   2.8183829312644609E-002   141253.754462275430215560786393024197      
   3.8018939632056131E-002   141253.754462275430215560786393024197      
   5.1286138399136587E-002   141253.754462275430215560786393024197      
   6.9183097091893617E-002   141253.754462275430215560786393024197      
   9.3325430079699248E-002   141253.754462275430215560786393024197      
  0.12589254117941662        141253.754462275430215560786393024197      
  0.16982436524617459        141253.754462275430215560786393024197      
  0.22908676527677702        141253.754462275430215560786393024197      
  0.30902954325135917        141253.754462275430215560786393024197      
  0.41686938347033636        141253.754462275430215560786393024197      
  0.56234132519034918        141253.754462275430215560786393024197      
  0.75857757502918510        141253.754462275430215560786393024197      
   1.0232929922807537        141253.754462275430215560786393024197      
   1.3803842646028868        141253.754462275430215560786393024197      
   1.8620871366628655        141253.754462275430215560786393024197      
   2.5118864315095824        141253.754462275430215560786393024197      
   3.3884415613920345        141253.754462275430215560786393024197      
   4.5708818961487516        141253.754462275430215560786393024197      
   6.1659500186148355        141253.754462275430215560786393024197      
   8.3176377110267090        141253.754462275430215560786393024197      
   11.220184543019652        141253.754462275430215560786393024197      
   15.135612484362071        141253.754462275430215560786393024197      
   20.417379446695318        141253.754462275430215560786393024197      
   27.542287033381744        141253.754462275430215560786393024197      
   37.153522909717275        141253.754462275430215560786393024197      
   50.118723362727351        141253.754462275430215560786393024197      
   67.608297539198190        141253.754462275430215560786393024197      
   91.201083935591143        141253.754462275430215560786393024197      
   123.02687708123811        141253.754462275430215560786393024197      
   165.95869074375631        141253.754462275430215560786393024197      
   223.87211385683378        141253.754462275430215560786393024197      
   301.99517204020191        141253.754462275430215560786393024197      
   407.38027780411386        141253.754462275430215560786393024197      
   549.54087385762477        141253.754462275430215560786393024197      
   741.31024130091919        141253.754462275430215560786393024197      
   1000.0000000000000        141253.754462275430215560786393024197      
   1.0000000000000000E-010   158489.319246111348520210137339150761      
   1.3489628825916532E-010   158489.319246111348520210137339150761      
   1.8197008586099827E-010   158489.319246111348520210137339150761      
   2.4547089156850315E-010   158489.319246111348520210137339150761      
   3.3113112148259112E-010   158489.319246111348520210137339150761      
   4.4668359215096305E-010   158489.319246111348520210137339150761      
   6.0255958607435815E-010   158489.319246111348520210137339150761      
   8.1283051616409944E-010   158489.319246111348520210137339150761      
   1.0964781961431852E-009   158489.319246111348520210137339150761      
   1.4791083881682072E-009   158489.319246111348520210137339150761      
   1.9952623149688791E-009   158489.319246111348520210137339150761      
   2.6915348039269167E-009   158489.319246111348520210137339150761      
   3.6307805477010139E-009   158489.319246111348520210137339150761      
   4.8977881936844609E-009   158489.319246111348520210137339150761      
   6.6069344800759643E-009   158489.319246111348520210137339150761      
   8.9125093813374596E-009   158489.319246111348520210137339150761      
   1.2022644346174132E-008   158489.319246111348520210137339150761      
   1.6218100973589300E-008   158489.319246111348520210137339150761      
   2.1877616239495521E-008   158489.319246111348520210137339150761      
   2.9512092266663871E-008   158489.319246111348520210137339150761      
   3.9810717055349736E-008   158489.319246111348520210137339150761      
   5.3703179637025271E-008   158489.319246111348520210137339150761      
   7.2443596007499061E-008   158489.319246111348520210137339150761      
   9.7723722095581110E-008   158489.319246111348520210137339150761      
   1.3182567385564072E-007   158489.319246111348520210137339150761      
   1.7782794100389230E-007   158489.319246111348520210137339150761      
   2.3988329190194898E-007   158489.319246111348520210137339150761      
   3.2359365692962843E-007   158489.319246111348520210137339150761      
   4.3651583224016610E-007   158489.319246111348520210137339150761      
   5.8884365535558903E-007   158489.319246111348520210137339150761      
   7.9432823472428220E-007   158489.319246111348520210137339150761      
   1.0715193052376070E-006   158489.319246111348520210137339150761      
   1.4454397707459279E-006   158489.319246111348520210137339150761      
   1.9498445997580454E-006   158489.319246111348520210137339150761      
   2.6302679918953812E-006   158489.319246111348520210137339150761      
   3.5481338923357534E-006   158489.319246111348520210137339150761      
   4.7863009232263809E-006   158489.319246111348520210137339150761      
   6.4565422903465625E-006   158489.319246111348520210137339150761      
   8.7096358995608141E-006   158489.319246111348520210137339150761      
   1.1748975549395302E-005   158489.319246111348520210137339150761      
   1.5848931924611141E-005   158489.319246111348520210137339150761      
   2.1379620895022323E-005   158489.319246111348520210137339150761      
   2.8840315031266060E-005   158489.319246111348520210137339150761      
   3.8904514499428046E-005   158489.319246111348520210137339150761      
   5.2480746024977334E-005   158489.319246111348520210137339150761      
   7.0794578438413880E-005   158489.319246111348520210137339150761      
   9.5499258602143688E-005   158489.319246111348520210137339150761      
   1.2882495516931347E-004   158489.319246111348520210137339150761      
   1.7378008287493763E-004   158489.319246111348520210137339150761      
   2.3442288153199226E-004   158489.319246111348520210137339150761      
   3.1622776601683794E-004   158489.319246111348520210137339150761      
   4.2657951880159252E-004   158489.319246111348520210137339150761      
   5.7543993733715664E-004   158489.319246111348520210137339150761      
   7.7624711662869280E-004   158489.319246111348520210137339150761      
   1.0471285480509007E-003   158489.319246111348520210137339150761      
   1.4125375446227555E-003   158489.319246111348520210137339150761      
   1.9054607179632482E-003   158489.319246111348520210137339150761      
   2.5703957827688645E-003   158489.319246111348520210137339150761      
   3.4673685045253171E-003   158489.319246111348520210137339150761      
   4.6773514128719811E-003   158489.319246111348520210137339150761      
   6.3095734448019433E-003   158489.319246111348520210137339150761      
   8.5113803820237779E-003   158489.319246111348520210137339150761      
   1.1481536214968840E-002   158489.319246111348520210137339150761      
   1.5488166189124795E-002   158489.319246111348520210137339150761      
   2.0892961308540410E-002   158489.319246111348520210137339150761      
   2.8183829312644609E-002   158489.319246111348520210137339150761      
   3.8018939632056131E-002   158489.319246111348520210137339150761      
   5.1286138399136587E-002   158489.319246111348520210137339150761      
   6.9183097091893617E-002   158489.319246111348520210137339150761      
   9.3325430079699248E-002   158489.319246111348520210137339150761      
  0.12589254117941662        158489.319246111348520210137339150761      
  0.16982436524617459        158489.319246111348520210137339150761      
  0.22908676527677702        158489.319246111348520210137339150761      
  0.30902954325135917        158489.319246111348520210137339150761      
  0.41686938347033636        158489.319246111348520210137339150761      
  0.56234132519034918        158489.319246111348520210137339150761      
  0.75857757502918510        158489.319246111348520210137339150761      
   1.0232929922807537        158489.319246111348520210137339150761      
   1.3803842646028868        158489.319246111348520210137339150761      
   1.8620871366628655        158489.319246111348520210137339150761      
   2.5118864315095824        158489.319246111348520210137339150761      
   3.3884415613920345        158489.319246111348520210137339150761      
   4.5708818961487516        158489.319246111348520210137339150761      
   6.1659500186148355        158489.319246111348520210137339150761      
   8.3176377110267090        158489.319246111348520210137339150761      
   11.220184543019652        158489.319246111348520210137339150761      
   15.135612484362071        158489.319246111348520210137339150761      
   20.417379446695318        158489.319246111348520210137339150761      
   27.542287033381744        158489.319246111348520210137339150761      
   37.153522909717275        158489.319246111348520210137339150761      
   50.118723362727351        158489.319246111348520210137339150761      
   67.608297539198190        158489.319246111348520210137339150761      
   91.201083935591143        158489.319246111348520210137339150761      
   123.02687708123811        158489.319246111348520210137339150761      
   165.95869074375631        158489.319246111348520210137339150761      
   223.87211385683378        158489.319246111348520210137339150761      
   301.99517204020191        158489.319246111348520210137339150761      
   407.38027780411386        158489.319246111348520210137339150761      
   549.54087385762477        158489.319246111348520210137339150761      
   741.31024130091919        158489.319246111348520210137339150761      
   1000.0000000000000        158489.319246111348520210137339150761      
   1.0000000000000000E-010   177827.941003892280122542119519268472      
   1.3489628825916532E-010   177827.941003892280122542119519268472      
   1.8197008586099827E-010   177827.941003892280122542119519268472      
   2.4547089156850315E-010   177827.941003892280122542119519268472      
   3.3113112148259112E-010   177827.941003892280122542119519268472      
   4.4668359215096305E-010   177827.941003892280122542119519268472      
   6.0255958607435815E-010   177827.941003892280122542119519268472      
   8.1283051616409944E-010   177827.941003892280122542119519268472      
   1.0964781961431852E-009   177827.941003892280122542119519268472      
   1.4791083881682072E-009   177827.941003892280122542119519268472      
   1.9952623149688791E-009   177827.941003892280122542119519268472      
   2.6915348039269167E-009   177827.941003892280122542119519268472      
   3.6307805477010139E-009   177827.941003892280122542119519268472      
   4.8977881936844609E-009   177827.941003892280122542119519268472      
   6.6069344800759643E-009   177827.941003892280122542119519268472      
   8.9125093813374596E-009   177827.941003892280122542119519268472      
   1.2022644346174132E-008   177827.941003892280122542119519268472      
   1.6218100973589300E-008   177827.941003892280122542119519268472      
   2.1877616239495521E-008   177827.941003892280122542119519268472      
   2.9512092266663871E-008   177827.941003892280122542119519268472      
   3.9810717055349736E-008   177827.941003892280122542119519268472      
   5.3703179637025271E-008   177827.941003892280122542119519268472      
   7.2443596007499061E-008   177827.941003892280122542119519268472      
   9.7723722095581110E-008   177827.941003892280122542119519268472      
   1.3182567385564072E-007   177827.941003892280122542119519268472      
   1.7782794100389230E-007   177827.941003892280122542119519268472      
   2.3988329190194898E-007   177827.941003892280122542119519268472      
   3.2359365692962843E-007   177827.941003892280122542119519268472      
   4.3651583224016610E-007   177827.941003892280122542119519268472      
   5.8884365535558903E-007   177827.941003892280122542119519268472      
   7.9432823472428220E-007   177827.941003892280122542119519268472      
   1.0715193052376070E-006   177827.941003892280122542119519268472      
   1.4454397707459279E-006   177827.941003892280122542119519268472      
   1.9498445997580454E-006   177827.941003892280122542119519268472      
   2.6302679918953812E-006   177827.941003892280122542119519268472      
   3.5481338923357534E-006   177827.941003892280122542119519268472      
   4.7863009232263809E-006   177827.941003892280122542119519268472      
   6.4565422903465625E-006   177827.941003892280122542119519268472      
   8.7096358995608141E-006   177827.941003892280122542119519268472      
   1.1748975549395302E-005   177827.941003892280122542119519268472      
   1.5848931924611141E-005   177827.941003892280122542119519268472      
   2.1379620895022323E-005   177827.941003892280122542119519268472      
   2.8840315031266060E-005   177827.941003892280122542119519268472      
   3.8904514499428046E-005   177827.941003892280122542119519268472      
   5.2480746024977334E-005   177827.941003892280122542119519268472      
   7.0794578438413880E-005   177827.941003892280122542119519268472      
   9.5499258602143688E-005   177827.941003892280122542119519268472      
   1.2882495516931347E-004   177827.941003892280122542119519268472      
   1.7378008287493763E-004   177827.941003892280122542119519268472      
   2.3442288153199226E-004   177827.941003892280122542119519268472      
   3.1622776601683794E-004   177827.941003892280122542119519268472      
   4.2657951880159252E-004   177827.941003892280122542119519268472      
   5.7543993733715664E-004   177827.941003892280122542119519268472      
   7.7624711662869280E-004   177827.941003892280122542119519268472      
   1.0471285480509007E-003   177827.941003892280122542119519268472      
   1.4125375446227555E-003   177827.941003892280122542119519268472      
   1.9054607179632482E-003   177827.941003892280122542119519268472      
   2.5703957827688645E-003   177827.941003892280122542119519268472      
   3.4673685045253171E-003   177827.941003892280122542119519268472      
   4.6773514128719811E-003   177827.941003892280122542119519268472      
   6.3095734448019433E-003   177827.941003892280122542119519268472      
   8.5113803820237779E-003   177827.941003892280122542119519268472      
   1.1481536214968840E-002   177827.941003892280122542119519268472      
   1.5488166189124795E-002   177827.941003892280122542119519268472      
   2.0892961308540410E-002   177827.941003892280122542119519268472      
   2.8183829312644609E-002   177827.941003892280122542119519268472      
   3.8018939632056131E-002   177827.941003892280122542119519268472      
   5.1286138399136587E-002   177827.941003892280122542119519268472      
   6.9183097091893617E-002   177827.941003892280122542119519268472      
   9.3325430079699248E-002   177827.941003892280122542119519268472      
  0.12589254117941662        177827.941003892280122542119519268472      
  0.16982436524617459        177827.941003892280122542119519268472      
  0.22908676527677702        177827.941003892280122542119519268472      
  0.30902954325135917        177827.941003892280122542119519268472      
  0.41686938347033636        177827.941003892280122542119519268472      
  0.56234132519034918        177827.941003892280122542119519268472      
  0.75857757502918510        177827.941003892280122542119519268472      
   1.0232929922807537        177827.941003892280122542119519268472      
   1.3803842646028868        177827.941003892280122542119519268472      
   1.8620871366628655        177827.941003892280122542119519268472      
   2.5118864315095824        177827.941003892280122542119519268472      
   3.3884415613920345        177827.941003892280122542119519268472      
   4.5708818961487516        177827.941003892280122542119519268472      
   6.1659500186148355        177827.941003892280122542119519268472      
   8.3176377110267090        177827.941003892280122542119519268472      
   11.220184543019652        177827.941003892280122542119519268472      
   15.135612484362071        177827.941003892280122542119519268472      
   20.417379446695318        177827.941003892280122542119519268472      
   27.542287033381744        177827.941003892280122542119519268472      
   37.153522909717275        177827.941003892280122542119519268472      
   50.118723362727351        177827.941003892280122542119519268472      
   67.608297539198190        177827.941003892280122542119519268472      
   91.201083935591143        177827.941003892280122542119519268472      
   123.02687708123811        177827.941003892280122542119519268472      
   165.95869074375631        177827.941003892280122542119519268472      
   223.87211385683378        177827.941003892280122542119519268472      
   301.99517204020191        177827.941003892280122542119519268472      
   407.38027780411386        177827.941003892280122542119519268472      
   549.54087385762477        177827.941003892280122542119519268472      
   741.31024130091919        177827.941003892280122542119519268472      
   1000.0000000000000        177827.941003892280122542119519268472      
   1.0000000000000000E-010   199526.231496887960135245539673953838      
   1.3489628825916532E-010   199526.231496887960135245539673953838      
   1.8197008586099827E-010   199526.231496887960135245539673953838      
   2.4547089156850315E-010   199526.231496887960135245539673953838      
   3.3113112148259112E-010   199526.231496887960135245539673953838      
   4.4668359215096305E-010   199526.231496887960135245539673953838      
   6.0255958607435815E-010   199526.231496887960135245539673953838      
   8.1283051616409944E-010   199526.231496887960135245539673953838      
   1.0964781961431852E-009   199526.231496887960135245539673953838      
   1.4791083881682072E-009   199526.231496887960135245539673953838      
   1.9952623149688791E-009   199526.231496887960135245539673953838      
   2.6915348039269167E-009   199526.231496887960135245539673953838      
   3.6307805477010139E-009   199526.231496887960135245539673953838      
   4.8977881936844609E-009   199526.231496887960135245539673953838      
   6.6069344800759643E-009   199526.231496887960135245539673953838      
   8.9125093813374596E-009   199526.231496887960135245539673953838      
   1.2022644346174132E-008   199526.231496887960135245539673953838      
   1.6218100973589300E-008   199526.231496887960135245539673953838      
   2.1877616239495521E-008   199526.231496887960135245539673953838      
   2.9512092266663871E-008   199526.231496887960135245539673953838      
   3.9810717055349736E-008   199526.231496887960135245539673953838      
   5.3703179637025271E-008   199526.231496887960135245539673953838      
   7.2443596007499061E-008   199526.231496887960135245539673953838      
   9.7723722095581110E-008   199526.231496887960135245539673953838      
   1.3182567385564072E-007   199526.231496887960135245539673953838      
   1.7782794100389230E-007   199526.231496887960135245539673953838      
   2.3988329190194898E-007   199526.231496887960135245539673953838      
   3.2359365692962843E-007   199526.231496887960135245539673953838      
   4.3651583224016610E-007   199526.231496887960135245539673953838      
   5.8884365535558903E-007   199526.231496887960135245539673953838      
   7.9432823472428220E-007   199526.231496887960135245539673953838      
   1.0715193052376070E-006   199526.231496887960135245539673953838      
   1.4454397707459279E-006   199526.231496887960135245539673953838      
   1.9498445997580454E-006   199526.231496887960135245539673953838      
   2.6302679918953812E-006   199526.231496887960135245539673953838      
   3.5481338923357534E-006   199526.231496887960135245539673953838      
   4.7863009232263809E-006   199526.231496887960135245539673953838      
   6.4565422903465625E-006   199526.231496887960135245539673953838      
   8.7096358995608141E-006   199526.231496887960135245539673953838      
   1.1748975549395302E-005   199526.231496887960135245539673953838      
   1.5848931924611141E-005   199526.231496887960135245539673953838      
   2.1379620895022323E-005   199526.231496887960135245539673953838      
   2.8840315031266060E-005   199526.231496887960135245539673953838      
   3.8904514499428046E-005   199526.231496887960135245539673953838      
   5.2480746024977334E-005   199526.231496887960135245539673953838      
   7.0794578438413880E-005   199526.231496887960135245539673953838      
   9.5499258602143688E-005   199526.231496887960135245539673953838      
   1.2882495516931347E-004   199526.231496887960135245539673953838      
   1.7378008287493763E-004   199526.231496887960135245539673953838      
   2.3442288153199226E-004   199526.231496887960135245539673953838      
   3.1622776601683794E-004   199526.231496887960135245539673953838      
   4.2657951880159252E-004   199526.231496887960135245539673953838      
   5.7543993733715664E-004   199526.231496887960135245539673953838      
   7.7624711662869280E-004   199526.231496887960135245539673953838      
   1.0471285480509007E-003   199526.231496887960135245539673953838      
   1.4125375446227555E-003   199526.231496887960135245539673953838      
   1.9054607179632482E-003   199526.231496887960135245539673953838      
   2.5703957827688645E-003   199526.231496887960135245539673953838      
   3.4673685045253171E-003   199526.231496887960135245539673953838      
   4.6773514128719811E-003   199526.231496887960135245539673953838      
   6.3095734448019433E-003   199526.231496887960135245539673953838      
   8.5113803820237779E-003   199526.231496887960135245539673953838      
   1.1481536214968840E-002   199526.231496887960135245539673953838      
   1.5488166189124795E-002   199526.231496887960135245539673953838      
   2.0892961308540410E-002   199526.231496887960135245539673953838      
   2.8183829312644609E-002   199526.231496887960135245539673953838      
   3.8018939632056131E-002   199526.231496887960135245539673953838      
   5.1286138399136587E-002   199526.231496887960135245539673953838      
   6.9183097091893617E-002   199526.231496887960135245539673953838      
   9.3325430079699248E-002   199526.231496887960135245539673953838      
  0.12589254117941662        199526.231496887960135245539673953838      
  0.16982436524617459        199526.231496887960135245539673953838      
  0.22908676527677702        199526.231496887960135245539673953838      
  0.30902954325135917        199526.231496887960135245539673953838      
  0.41686938347033636        199526.231496887960135245539673953838      
  0.56234132519034918        199526.231496887960135245539673953838      
  0.75857757502918510        199526.231496887960135245539673953838      
   1.0232929922807537        199526.231496887960135245539673953838      
   1.3803842646028868        199526.231496887960135245539673953838      
   1.8620871366628655        199526.231496887960135245539673953838      
   2.5118864315095824        199526.231496887960135245539673953838      
   3.3884415613920345        199526.231496887960135245539673953838      
   4.5708818961487516        199526.231496887960135245539673953838      
   6.1659500186148355        199526.231496887960135245539673953838      
   8.3176377110267090        199526.231496887960135245539673953838      
   11.220184543019652        199526.231496887960135245539673953838      
   15.135612484362071        199526.231496887960135245539673953838      
   20.417379446695318        199526.231496887960135245539673953838      
   27.542287033381744        199526.231496887960135245539673953838      
   37.153522909717275        199526.231496887960135245539673953838      
   50.118723362727351        199526.231496887960135245539673953838      
   67.608297539198190        199526.231496887960135245539673953838      
   91.201083935591143        199526.231496887960135245539673953838      
   123.02687708123811        199526.231496887960135245539673953838      
   165.95869074375631        199526.231496887960135245539673953838      
   223.87211385683378        199526.231496887960135245539673953838      
   301.99517204020191        199526.231496887960135245539673953838      
   407.38027780411386        199526.231496887960135245539673953838      
   549.54087385762477        199526.231496887960135245539673953838      
   741.31024130091919        199526.231496887960135245539673953838      
   1000.0000000000000        199526.231496887960135245539673953838      
   1.0000000000000000E-010   223872.113856833961195495085246574072      
   1.3489628825916532E-010   223872.113856833961195495085246574072      
   1.8197008586099827E-010   223872.113856833961195495085246574072      
   2.4547089156850315E-010   223872.113856833961195495085246574072      
   3.3113112148259112E-010   223872.113856833961195495085246574072      
   4.4668359215096305E-010   223872.113856833961195495085246574072      
   6.0255958607435815E-010   223872.113856833961195495085246574072      
   8.1283051616409944E-010   223872.113856833961195495085246574072      
   1.0964781961431852E-009   223872.113856833961195495085246574072      
   1.4791083881682072E-009   223872.113856833961195495085246574072      
   1.9952623149688791E-009   223872.113856833961195495085246574072      
   2.6915348039269167E-009   223872.113856833961195495085246574072      
   3.6307805477010139E-009   223872.113856833961195495085246574072      
   4.8977881936844609E-009   223872.113856833961195495085246574072      
   6.6069344800759643E-009   223872.113856833961195495085246574072      
   8.9125093813374596E-009   223872.113856833961195495085246574072      
   1.2022644346174132E-008   223872.113856833961195495085246574072      
   1.6218100973589300E-008   223872.113856833961195495085246574072      
   2.1877616239495521E-008   223872.113856833961195495085246574072      
   2.9512092266663871E-008   223872.113856833961195495085246574072      
   3.9810717055349736E-008   223872.113856833961195495085246574072      
   5.3703179637025271E-008   223872.113856833961195495085246574072      
   7.2443596007499061E-008   223872.113856833961195495085246574072      
   9.7723722095581110E-008   223872.113856833961195495085246574072      
   1.3182567385564072E-007   223872.113856833961195495085246574072      
   1.7782794100389230E-007   223872.113856833961195495085246574072      
   2.3988329190194898E-007   223872.113856833961195495085246574072      
   3.2359365692962843E-007   223872.113856833961195495085246574072      
   4.3651583224016610E-007   223872.113856833961195495085246574072      
   5.8884365535558903E-007   223872.113856833961195495085246574072      
   7.9432823472428220E-007   223872.113856833961195495085246574072      
   1.0715193052376070E-006   223872.113856833961195495085246574072      
   1.4454397707459279E-006   223872.113856833961195495085246574072      
   1.9498445997580454E-006   223872.113856833961195495085246574072      
   2.6302679918953812E-006   223872.113856833961195495085246574072      
   3.5481338923357534E-006   223872.113856833961195495085246574072      
   4.7863009232263809E-006   223872.113856833961195495085246574072      
   6.4565422903465625E-006   223872.113856833961195495085246574072      
   8.7096358995608141E-006   223872.113856833961195495085246574072      
   1.1748975549395302E-005   223872.113856833961195495085246574072      
   1.5848931924611141E-005   223872.113856833961195495085246574072      
   2.1379620895022323E-005   223872.113856833961195495085246574072      
   2.8840315031266060E-005   223872.113856833961195495085246574072      
   3.8904514499428046E-005   223872.113856833961195495085246574072      
   5.2480746024977334E-005   223872.113856833961195495085246574072      
   7.0794578438413880E-005   223872.113856833961195495085246574072      
   9.5499258602143688E-005   223872.113856833961195495085246574072      
   1.2882495516931347E-004   223872.113856833961195495085246574072      
   1.7378008287493763E-004   223872.113856833961195495085246574072      
   2.3442288153199226E-004   223872.113856833961195495085246574072      
   3.1622776601683794E-004   223872.113856833961195495085246574072      
   4.2657951880159252E-004   223872.113856833961195495085246574072      
   5.7543993733715664E-004   223872.113856833961195495085246574072      
   7.7624711662869280E-004   223872.113856833961195495085246574072      
   1.0471285480509007E-003   223872.113856833961195495085246574072      
   1.4125375446227555E-003   223872.113856833961195495085246574072      
   1.9054607179632482E-003   223872.113856833961195495085246574072      
   2.5703957827688645E-003   223872.113856833961195495085246574072      
   3.4673685045253171E-003   223872.113856833961195495085246574072      
   4.6773514128719811E-003   223872.113856833961195495085246574072      
   6.3095734448019433E-003   223872.113856833961195495085246574072      
   8.5113803820237779E-003   223872.113856833961195495085246574072      
   1.1481536214968840E-002   223872.113856833961195495085246574072      
   1.5488166189124795E-002   223872.113856833961195495085246574072      
   2.0892961308540410E-002   223872.113856833961195495085246574072      
   2.8183829312644609E-002   223872.113856833961195495085246574072      
   3.8018939632056131E-002   223872.113856833961195495085246574072      
   5.1286138399136587E-002   223872.113856833961195495085246574072      
   6.9183097091893617E-002   223872.113856833961195495085246574072      
   9.3325430079699248E-002   223872.113856833961195495085246574072      
  0.12589254117941662        223872.113856833961195495085246574072      
  0.16982436524617459        223872.113856833961195495085246574072      
  0.22908676527677702        223872.113856833961195495085246574072      
  0.30902954325135917        223872.113856833961195495085246574072      
  0.41686938347033636        223872.113856833961195495085246574072      
  0.56234132519034918        223872.113856833961195495085246574072      
  0.75857757502918510        223872.113856833961195495085246574072      
   1.0232929922807537        223872.113856833961195495085246574072      
   1.3803842646028868        223872.113856833961195495085246574072      
   1.8620871366628655        223872.113856833961195495085246574072      
   2.5118864315095824        223872.113856833961195495085246574072      
   3.3884415613920345        223872.113856833961195495085246574072      
   4.5708818961487516        223872.113856833961195495085246574072      
   6.1659500186148355        223872.113856833961195495085246574072      
   8.3176377110267090        223872.113856833961195495085246574072      
   11.220184543019652        223872.113856833961195495085246574072      
   15.135612484362071        223872.113856833961195495085246574072      
   20.417379446695318        223872.113856833961195495085246574072      
   27.542287033381744        223872.113856833961195495085246574072      
   37.153522909717275        223872.113856833961195495085246574072      
   50.118723362727351        223872.113856833961195495085246574072      
   67.608297539198190        223872.113856833961195495085246574072      
   91.201083935591143        223872.113856833961195495085246574072      
   123.02687708123811        223872.113856833961195495085246574072      
   165.95869074375631        223872.113856833961195495085246574072      
   223.87211385683378        223872.113856833961195495085246574072      
   301.99517204020191        223872.113856833961195495085246574072      
   407.38027780411386        223872.113856833961195495085246574072      
   549.54087385762477        223872.113856833961195495085246574072      
   741.31024130091919        223872.113856833961195495085246574072      
   1000.0000000000000        223872.113856833961195495085246574072      
   1.0000000000000000E-010   251188.643150958011108503206779932911      
   1.3489628825916532E-010   251188.643150958011108503206779932911      
   1.8197008586099827E-010   251188.643150958011108503206779932911      
   2.4547089156850315E-010   251188.643150958011108503206779932911      
   3.3113112148259112E-010   251188.643150958011108503206779932911      
   4.4668359215096305E-010   251188.643150958011108503206779932911      
   6.0255958607435815E-010   251188.643150958011108503206779932911      
   8.1283051616409944E-010   251188.643150958011108503206779932911      
   1.0964781961431852E-009   251188.643150958011108503206779932911      
   1.4791083881682072E-009   251188.643150958011108503206779932911      
   1.9952623149688791E-009   251188.643150958011108503206779932911      
   2.6915348039269167E-009   251188.643150958011108503206779932911      
   3.6307805477010139E-009   251188.643150958011108503206779932911      
   4.8977881936844609E-009   251188.643150958011108503206779932911      
   6.6069344800759643E-009   251188.643150958011108503206779932911      
   8.9125093813374596E-009   251188.643150958011108503206779932911      
   1.2022644346174132E-008   251188.643150958011108503206779932911      
   1.6218100973589300E-008   251188.643150958011108503206779932911      
   2.1877616239495521E-008   251188.643150958011108503206779932911      
   2.9512092266663871E-008   251188.643150958011108503206779932911      
   3.9810717055349736E-008   251188.643150958011108503206779932911      
   5.3703179637025271E-008   251188.643150958011108503206779932911      
   7.2443596007499061E-008   251188.643150958011108503206779932911      
   9.7723722095581110E-008   251188.643150958011108503206779932911      
   1.3182567385564072E-007   251188.643150958011108503206779932911      
   1.7782794100389230E-007   251188.643150958011108503206779932911      
   2.3988329190194898E-007   251188.643150958011108503206779932911      
   3.2359365692962843E-007   251188.643150958011108503206779932911      
   4.3651583224016610E-007   251188.643150958011108503206779932911      
   5.8884365535558903E-007   251188.643150958011108503206779932911      
   7.9432823472428220E-007   251188.643150958011108503206779932911      
   1.0715193052376070E-006   251188.643150958011108503206779932911      
   1.4454397707459279E-006   251188.643150958011108503206779932911      
   1.9498445997580454E-006   251188.643150958011108503206779932911      
   2.6302679918953812E-006   251188.643150958011108503206779932911      
   3.5481338923357534E-006   251188.643150958011108503206779932911      
   4.7863009232263809E-006   251188.643150958011108503206779932911      
   6.4565422903465625E-006   251188.643150958011108503206779932911      
   8.7096358995608141E-006   251188.643150958011108503206779932911      
   1.1748975549395302E-005   251188.643150958011108503206779932911      
   1.5848931924611141E-005   251188.643150958011108503206779932911      
   2.1379620895022323E-005   251188.643150958011108503206779932911      
   2.8840315031266060E-005   251188.643150958011108503206779932911      
   3.8904514499428046E-005   251188.643150958011108503206779932911      
   5.2480746024977334E-005   251188.643150958011108503206779932911      
   7.0794578438413880E-005   251188.643150958011108503206779932911      
   9.5499258602143688E-005   251188.643150958011108503206779932911      
   1.2882495516931347E-004   251188.643150958011108503206779932911      
   1.7378008287493763E-004   251188.643150958011108503206779932911      
   2.3442288153199226E-004   251188.643150958011108503206779932911      
   3.1622776601683794E-004   251188.643150958011108503206779932911      
   4.2657951880159252E-004   251188.643150958011108503206779932911      
   5.7543993733715664E-004   251188.643150958011108503206779932911      
   7.7624711662869280E-004   251188.643150958011108503206779932911      
   1.0471285480509007E-003   251188.643150958011108503206779932911      
   1.4125375446227555E-003   251188.643150958011108503206779932911      
   1.9054607179632482E-003   251188.643150958011108503206779932911      
   2.5703957827688645E-003   251188.643150958011108503206779932911      
   3.4673685045253171E-003   251188.643150958011108503206779932911      
   4.6773514128719811E-003   251188.643150958011108503206779932911      
   6.3095734448019433E-003   251188.643150958011108503206779932911      
   8.5113803820237779E-003   251188.643150958011108503206779932911      
   1.1481536214968840E-002   251188.643150958011108503206779932911      
   1.5488166189124795E-002   251188.643150958011108503206779932911      
   2.0892961308540410E-002   251188.643150958011108503206779932911      
   2.8183829312644609E-002   251188.643150958011108503206779932911      
   3.8018939632056131E-002   251188.643150958011108503206779932911      
   5.1286138399136587E-002   251188.643150958011108503206779932911      
   6.9183097091893617E-002   251188.643150958011108503206779932911      
   9.3325430079699248E-002   251188.643150958011108503206779932911      
  0.12589254117941662        251188.643150958011108503206779932911      
  0.16982436524617459        251188.643150958011108503206779932911      
  0.22908676527677702        251188.643150958011108503206779932911      
  0.30902954325135917        251188.643150958011108503206779932911      
  0.41686938347033636        251188.643150958011108503206779932911      
  0.56234132519034918        251188.643150958011108503206779932911      
  0.75857757502918510        251188.643150958011108503206779932911      
   1.0232929922807537        251188.643150958011108503206779932911      
   1.3803842646028868        251188.643150958011108503206779932911      
   1.8620871366628655        251188.643150958011108503206779932911      
   2.5118864315095824        251188.643150958011108503206779932911      
   3.3884415613920345        251188.643150958011108503206779932911      
   4.5708818961487516        251188.643150958011108503206779932911      
   6.1659500186148355        251188.643150958011108503206779932911      
   8.3176377110267090        251188.643150958011108503206779932911      
   11.220184543019652        251188.643150958011108503206779932911      
   15.135612484362071        251188.643150958011108503206779932911      
   20.417379446695318        251188.643150958011108503206779932911      
   27.542287033381744        251188.643150958011108503206779932911      
   37.153522909717275        251188.643150958011108503206779932911      
   50.118723362727351        251188.643150958011108503206779932911      
   67.608297539198190        251188.643150958011108503206779932911      
   91.201083935591143        251188.643150958011108503206779932911      
   123.02687708123811        251188.643150958011108503206779932911      
   165.95869074375631        251188.643150958011108503206779932911      
   223.87211385683378        251188.643150958011108503206779932911      
   301.99517204020191        251188.643150958011108503206779932911      
   407.38027780411386        251188.643150958011108503206779932911      
   549.54087385762477        251188.643150958011108503206779932911      
   741.31024130091919        251188.643150958011108503206779932911      
   1000.0000000000000        251188.643150958011108503206779932911      
   1.0000000000000000E-010   281838.293126445381910192369915511146      
   1.3489628825916532E-010   281838.293126445381910192369915511146      
   1.8197008586099827E-010   281838.293126445381910192369915511146      
   2.4547089156850315E-010   281838.293126445381910192369915511146      
   3.3113112148259112E-010   281838.293126445381910192369915511146      
   4.4668359215096305E-010   281838.293126445381910192369915511146      
   6.0255958607435815E-010   281838.293126445381910192369915511146      
   8.1283051616409944E-010   281838.293126445381910192369915511146      
   1.0964781961431852E-009   281838.293126445381910192369915511146      
   1.4791083881682072E-009   281838.293126445381910192369915511146      
   1.9952623149688791E-009   281838.293126445381910192369915511146      
   2.6915348039269167E-009   281838.293126445381910192369915511146      
   3.6307805477010139E-009   281838.293126445381910192369915511146      
   4.8977881936844609E-009   281838.293126445381910192369915511146      
   6.6069344800759643E-009   281838.293126445381910192369915511146      
   8.9125093813374596E-009   281838.293126445381910192369915511146      
   1.2022644346174132E-008   281838.293126445381910192369915511146      
   1.6218100973589300E-008   281838.293126445381910192369915511146      
   2.1877616239495521E-008   281838.293126445381910192369915511146      
   2.9512092266663871E-008   281838.293126445381910192369915511146      
   3.9810717055349736E-008   281838.293126445381910192369915511146      
   5.3703179637025271E-008   281838.293126445381910192369915511146      
   7.2443596007499061E-008   281838.293126445381910192369915511146      
   9.7723722095581110E-008   281838.293126445381910192369915511146      
   1.3182567385564072E-007   281838.293126445381910192369915511146      
   1.7782794100389230E-007   281838.293126445381910192369915511146      
   2.3988329190194898E-007   281838.293126445381910192369915511146      
   3.2359365692962843E-007   281838.293126445381910192369915511146      
   4.3651583224016610E-007   281838.293126445381910192369915511146      
   5.8884365535558903E-007   281838.293126445381910192369915511146      
   7.9432823472428220E-007   281838.293126445381910192369915511146      
   1.0715193052376070E-006   281838.293126445381910192369915511146      
   1.4454397707459279E-006   281838.293126445381910192369915511146      
   1.9498445997580454E-006   281838.293126445381910192369915511146      
   2.6302679918953812E-006   281838.293126445381910192369915511146      
   3.5481338923357534E-006   281838.293126445381910192369915511146      
   4.7863009232263809E-006   281838.293126445381910192369915511146      
   6.4565422903465625E-006   281838.293126445381910192369915511146      
   8.7096358995608141E-006   281838.293126445381910192369915511146      
   1.1748975549395302E-005   281838.293126445381910192369915511146      
   1.5848931924611141E-005   281838.293126445381910192369915511146      
   2.1379620895022323E-005   281838.293126445381910192369915511146      
   2.8840315031266060E-005   281838.293126445381910192369915511146      
   3.8904514499428046E-005   281838.293126445381910192369915511146      
   5.2480746024977334E-005   281838.293126445381910192369915511146      
   7.0794578438413880E-005   281838.293126445381910192369915511146      
   9.5499258602143688E-005   281838.293126445381910192369915511146      
   1.2882495516931347E-004   281838.293126445381910192369915511146      
   1.7378008287493763E-004   281838.293126445381910192369915511146      
   2.3442288153199226E-004   281838.293126445381910192369915511146      
   3.1622776601683794E-004   281838.293126445381910192369915511146      
   4.2657951880159252E-004   281838.293126445381910192369915511146      
   5.7543993733715664E-004   281838.293126445381910192369915511146      
   7.7624711662869280E-004   281838.293126445381910192369915511146      
   1.0471285480509007E-003   281838.293126445381910192369915511146      
   1.4125375446227555E-003   281838.293126445381910192369915511146      
   1.9054607179632482E-003   281838.293126445381910192369915511146      
   2.5703957827688645E-003   281838.293126445381910192369915511146      
   3.4673685045253171E-003   281838.293126445381910192369915511146      
   4.6773514128719811E-003   281838.293126445381910192369915511146      
   6.3095734448019433E-003   281838.293126445381910192369915511146      
   8.5113803820237779E-003   281838.293126445381910192369915511146      
   1.1481536214968840E-002   281838.293126445381910192369915511146      
   1.5488166189124795E-002   281838.293126445381910192369915511146      
   2.0892961308540410E-002   281838.293126445381910192369915511146      
   2.8183829312644609E-002   281838.293126445381910192369915511146      
   3.8018939632056131E-002   281838.293126445381910192369915511146      
   5.1286138399136587E-002   281838.293126445381910192369915511146      
   6.9183097091893617E-002   281838.293126445381910192369915511146      
   9.3325430079699248E-002   281838.293126445381910192369915511146      
  0.12589254117941662        281838.293126445381910192369915511146      
  0.16982436524617459        281838.293126445381910192369915511146      
  0.22908676527677702        281838.293126445381910192369915511146      
  0.30902954325135917        281838.293126445381910192369915511146      
  0.41686938347033636        281838.293126445381910192369915511146      
  0.56234132519034918        281838.293126445381910192369915511146      
  0.75857757502918510        281838.293126445381910192369915511146      
   1.0232929922807537        281838.293126445381910192369915511146      
   1.3803842646028868        281838.293126445381910192369915511146      
   1.8620871366628655        281838.293126445381910192369915511146      
   2.5118864315095824        281838.293126445381910192369915511146      
   3.3884415613920345        281838.293126445381910192369915511146      
   4.5708818961487516        281838.293126445381910192369915511146      
   6.1659500186148355        281838.293126445381910192369915511146      
   8.3176377110267090        281838.293126445381910192369915511146      
   11.220184543019652        281838.293126445381910192369915511146      
   15.135612484362071        281838.293126445381910192369915511146      
   20.417379446695318        281838.293126445381910192369915511146      
   27.542287033381744        281838.293126445381910192369915511146      
   37.153522909717275        281838.293126445381910192369915511146      
   50.118723362727351        281838.293126445381910192369915511146      
   67.608297539198190        281838.293126445381910192369915511146      
   91.201083935591143        281838.293126445381910192369915511146      
   123.02687708123811        281838.293126445381910192369915511146      
   165.95869074375631        281838.293126445381910192369915511146      
   223.87211385683378        281838.293126445381910192369915511146      
   301.99517204020191        281838.293126445381910192369915511146      
   407.38027780411386        281838.293126445381910192369915511146      
   549.54087385762477        281838.293126445381910192369915511146      
   741.31024130091919        281838.293126445381910192369915511146      
   1000.0000000000000        281838.293126445381910192369915511146      
   1.0000000000000000E-010   316227.766016837933199889354443271849      
   1.3489628825916532E-010   316227.766016837933199889354443271849      
   1.8197008586099827E-010   316227.766016837933199889354443271849      
   2.4547089156850315E-010   316227.766016837933199889354443271849      
   3.3113112148259112E-010   316227.766016837933199889354443271849      
   4.4668359215096305E-010   316227.766016837933199889354443271849      
   6.0255958607435815E-010   316227.766016837933199889354443271849      
   8.1283051616409944E-010   316227.766016837933199889354443271849      
   1.0964781961431852E-009   316227.766016837933199889354443271849      
   1.4791083881682072E-009   316227.766016837933199889354443271849      
   1.9952623149688791E-009   316227.766016837933199889354443271849      
   2.6915348039269167E-009   316227.766016837933199889354443271849      
   3.6307805477010139E-009   316227.766016837933199889354443271849      
   4.8977881936844609E-009   316227.766016837933199889354443271849      
   6.6069344800759643E-009   316227.766016837933199889354443271849      
   8.9125093813374596E-009   316227.766016837933199889354443271849      
   1.2022644346174132E-008   316227.766016837933199889354443271849      
   1.6218100973589300E-008   316227.766016837933199889354443271849      
   2.1877616239495521E-008   316227.766016837933199889354443271849      
   2.9512092266663871E-008   316227.766016837933199889354443271849      
   3.9810717055349736E-008   316227.766016837933199889354443271849      
   5.3703179637025271E-008   316227.766016837933199889354443271849      
   7.2443596007499061E-008   316227.766016837933199889354443271849      
   9.7723722095581110E-008   316227.766016837933199889354443271849      
   1.3182567385564072E-007   316227.766016837933199889354443271849      
   1.7782794100389230E-007   316227.766016837933199889354443271849      
   2.3988329190194898E-007   316227.766016837933199889354443271849      
   3.2359365692962843E-007   316227.766016837933199889354443271849      
   4.3651583224016610E-007   316227.766016837933199889354443271849      
   5.8884365535558903E-007   316227.766016837933199889354443271849      
   7.9432823472428220E-007   316227.766016837933199889354443271849      
   1.0715193052376070E-006   316227.766016837933199889354443271849      
   1.4454397707459279E-006   316227.766016837933199889354443271849      
   1.9498445997580454E-006   316227.766016837933199889354443271849      
   2.6302679918953812E-006   316227.766016837933199889354443271849      
   3.5481338923357534E-006   316227.766016837933199889354443271849      
   4.7863009232263809E-006   316227.766016837933199889354443271849      
   6.4565422903465625E-006   316227.766016837933199889354443271849      
   8.7096358995608141E-006   316227.766016837933199889354443271849      
   1.1748975549395302E-005   316227.766016837933199889354443271849      
   1.5848931924611141E-005   316227.766016837933199889354443271849      
   2.1379620895022323E-005   316227.766016837933199889354443271849      
   2.8840315031266060E-005   316227.766016837933199889354443271849      
   3.8904514499428046E-005   316227.766016837933199889354443271849      
   5.2480746024977334E-005   316227.766016837933199889354443271849      
   7.0794578438413880E-005   316227.766016837933199889354443271849      
   9.5499258602143688E-005   316227.766016837933199889354443271849      
   1.2882495516931347E-004   316227.766016837933199889354443271849      
   1.7378008287493763E-004   316227.766016837933199889354443271849      
   2.3442288153199226E-004   316227.766016837933199889354443271849      
   3.1622776601683794E-004   316227.766016837933199889354443271849      
   4.2657951880159252E-004   316227.766016837933199889354443271849      
   5.7543993733715664E-004   316227.766016837933199889354443271849      
   7.7624711662869280E-004   316227.766016837933199889354443271849      
   1.0471285480509007E-003   316227.766016837933199889354443271849      
   1.4125375446227555E-003   316227.766016837933199889354443271849      
   1.9054607179632482E-003   316227.766016837933199889354443271849      
   2.5703957827688645E-003   316227.766016837933199889354443271849      
   3.4673685045253171E-003   316227.766016837933199889354443271849      
   4.6773514128719811E-003   316227.766016837933199889354443271849      
   6.3095734448019433E-003   316227.766016837933199889354443271849      
   8.5113803820237779E-003   316227.766016837933199889354443271849      
   1.1481536214968840E-002   316227.766016837933199889354443271849      
   1.5488166189124795E-002   316227.766016837933199889354443271849      
   2.0892961308540410E-002   316227.766016837933199889354443271849      
   2.8183829312644609E-002   316227.766016837933199889354443271849      
   3.8018939632056131E-002   316227.766016837933199889354443271849      
   5.1286138399136587E-002   316227.766016837933199889354443271849      
   6.9183097091893617E-002   316227.766016837933199889354443271849      
   9.3325430079699248E-002   316227.766016837933199889354443271849      
  0.12589254117941662        316227.766016837933199889354443271849      
  0.16982436524617459        316227.766016837933199889354443271849      
  0.22908676527677702        316227.766016837933199889354443271849      
  0.30902954325135917        316227.766016837933199889354443271849      
  0.41686938347033636        316227.766016837933199889354443271849      
  0.56234132519034918        316227.766016837933199889354443271849      
  0.75857757502918510        316227.766016837933199889354443271849      
   1.0232929922807537        316227.766016837933199889354443271849      
   1.3803842646028868        316227.766016837933199889354443271849      
   1.8620871366628655        316227.766016837933199889354443271849      
   2.5118864315095824        316227.766016837933199889354443271849      
   3.3884415613920345        316227.766016837933199889354443271849      
   4.5708818961487516        316227.766016837933199889354443271849      
   6.1659500186148355        316227.766016837933199889354443271849      
   8.3176377110267090        316227.766016837933199889354443271849      
   11.220184543019652        316227.766016837933199889354443271849      
   15.135612484362071        316227.766016837933199889354443271849      
   20.417379446695318        316227.766016837933199889354443271849      
   27.542287033381744        316227.766016837933199889354443271849      
   37.153522909717275        316227.766016837933199889354443271849      
   50.118723362727351        316227.766016837933199889354443271849      
   67.608297539198190        316227.766016837933199889354443271849      
   91.201083935591143        316227.766016837933199889354443271849      
   123.02687708123811        316227.766016837933199889354443271849      
   165.95869074375631        316227.766016837933199889354443271849      
   223.87211385683378        316227.766016837933199889354443271849      
   301.99517204020191        316227.766016837933199889354443271849      
   407.38027780411386        316227.766016837933199889354443271849      
   549.54087385762477        316227.766016837933199889354443271849      
   741.31024130091919        316227.766016837933199889354443271849      
   1000.0000000000000        316227.766016837933199889354443271849      
   1.0000000000000000E-010   354813.389233575458433218702264491107      
   1.3489628825916532E-010   354813.389233575458433218702264491107      
   1.8197008586099827E-010   354813.389233575458433218702264491107      
   2.4547089156850315E-010   354813.389233575458433218702264491107      
   3.3113112148259112E-010   354813.389233575458433218702264491107      
   4.4668359215096305E-010   354813.389233575458433218702264491107      
   6.0255958607435815E-010   354813.389233575458433218702264491107      
   8.1283051616409944E-010   354813.389233575458433218702264491107      
   1.0964781961431852E-009   354813.389233575458433218702264491107      
   1.4791083881682072E-009   354813.389233575458433218702264491107      
   1.9952623149688791E-009   354813.389233575458433218702264491107      
   2.6915348039269167E-009   354813.389233575458433218702264491107      
   3.6307805477010139E-009   354813.389233575458433218702264491107      
   4.8977881936844609E-009   354813.389233575458433218702264491107      
   6.6069344800759643E-009   354813.389233575458433218702264491107      
   8.9125093813374596E-009   354813.389233575458433218702264491107      
   1.2022644346174132E-008   354813.389233575458433218702264491107      
   1.6218100973589300E-008   354813.389233575458433218702264491107      
   2.1877616239495521E-008   354813.389233575458433218702264491107      
   2.9512092266663871E-008   354813.389233575458433218702264491107      
   3.9810717055349736E-008   354813.389233575458433218702264491107      
   5.3703179637025271E-008   354813.389233575458433218702264491107      
   7.2443596007499061E-008   354813.389233575458433218702264491107      
   9.7723722095581110E-008   354813.389233575458433218702264491107      
   1.3182567385564072E-007   354813.389233575458433218702264491107      
   1.7782794100389230E-007   354813.389233575458433218702264491107      
   2.3988329190194898E-007   354813.389233575458433218702264491107      
   3.2359365692962843E-007   354813.389233575458433218702264491107      
   4.3651583224016610E-007   354813.389233575458433218702264491107      
   5.8884365535558903E-007   354813.389233575458433218702264491107      
   7.9432823472428220E-007   354813.389233575458433218702264491107      
   1.0715193052376070E-006   354813.389233575458433218702264491107      
   1.4454397707459279E-006   354813.389233575458433218702264491107      
   1.9498445997580454E-006   354813.389233575458433218702264491107      
   2.6302679918953812E-006   354813.389233575458433218702264491107      
   3.5481338923357534E-006   354813.389233575458433218702264491107      
   4.7863009232263809E-006   354813.389233575458433218702264491107      
   6.4565422903465625E-006   354813.389233575458433218702264491107      
   8.7096358995608141E-006   354813.389233575458433218702264491107      
   1.1748975549395302E-005   354813.389233575458433218702264491107      
   1.5848931924611141E-005   354813.389233575458433218702264491107      
   2.1379620895022323E-005   354813.389233575458433218702264491107      
   2.8840315031266060E-005   354813.389233575458433218702264491107      
   3.8904514499428046E-005   354813.389233575458433218702264491107      
   5.2480746024977334E-005   354813.389233575458433218702264491107      
   7.0794578438413880E-005   354813.389233575458433218702264491107      
   9.5499258602143688E-005   354813.389233575458433218702264491107      
   1.2882495516931347E-004   354813.389233575458433218702264491107      
   1.7378008287493763E-004   354813.389233575458433218702264491107      
   2.3442288153199226E-004   354813.389233575458433218702264491107      
   3.1622776601683794E-004   354813.389233575458433218702264491107      
   4.2657951880159252E-004   354813.389233575458433218702264491107      
   5.7543993733715664E-004   354813.389233575458433218702264491107      
   7.7624711662869280E-004   354813.389233575458433218702264491107      
   1.0471285480509007E-003   354813.389233575458433218702264491107      
   1.4125375446227555E-003   354813.389233575458433218702264491107      
   1.9054607179632482E-003   354813.389233575458433218702264491107      
   2.5703957827688645E-003   354813.389233575458433218702264491107      
   3.4673685045253171E-003   354813.389233575458433218702264491107      
   4.6773514128719811E-003   354813.389233575458433218702264491107      
   6.3095734448019433E-003   354813.389233575458433218702264491107      
   8.5113803820237779E-003   354813.389233575458433218702264491107      
   1.1481536214968840E-002   354813.389233575458433218702264491107      
   1.5488166189124795E-002   354813.389233575458433218702264491107      
   2.0892961308540410E-002   354813.389233575458433218702264491107      
   2.8183829312644609E-002   354813.389233575458433218702264491107      
   3.8018939632056131E-002   354813.389233575458433218702264491107      
   5.1286138399136587E-002   354813.389233575458433218702264491107      
   6.9183097091893617E-002   354813.389233575458433218702264491107      
   9.3325430079699248E-002   354813.389233575458433218702264491107      
  0.12589254117941662        354813.389233575458433218702264491107      
  0.16982436524617459        354813.389233575458433218702264491107      
  0.22908676527677702        354813.389233575458433218702264491107      
  0.30902954325135917        354813.389233575458433218702264491107      
  0.41686938347033636        354813.389233575458433218702264491107      
  0.56234132519034918        354813.389233575458433218702264491107      
  0.75857757502918510        354813.389233575458433218702264491107      
   1.0232929922807537        354813.389233575458433218702264491107      
   1.3803842646028868        354813.389233575458433218702264491107      
   1.8620871366628655        354813.389233575458433218702264491107      
   2.5118864315095824        354813.389233575458433218702264491107      
   3.3884415613920345        354813.389233575458433218702264491107      
   4.5708818961487516        354813.389233575458433218702264491107      
   6.1659500186148355        354813.389233575458433218702264491107      
   8.3176377110267090        354813.389233575458433218702264491107      
   11.220184543019652        354813.389233575458433218702264491107      
   15.135612484362071        354813.389233575458433218702264491107      
   20.417379446695318        354813.389233575458433218702264491107      
   27.542287033381744        354813.389233575458433218702264491107      
   37.153522909717275        354813.389233575458433218702264491107      
   50.118723362727351        354813.389233575458433218702264491107      
   67.608297539198190        354813.389233575458433218702264491107      
   91.201083935591143        354813.389233575458433218702264491107      
   123.02687708123811        354813.389233575458433218702264491107      
   165.95869074375631        354813.389233575458433218702264491107      
   223.87211385683378        354813.389233575458433218702264491107      
   301.99517204020191        354813.389233575458433218702264491107      
   407.38027780411386        354813.389233575458433218702264491107      
   549.54087385762477        354813.389233575458433218702264491107      
   741.31024130091919        354813.389233575458433218702264491107      
   1000.0000000000000        354813.389233575458433218702264491107      
   1.0000000000000000E-010   398107.170553497250770252305087751766      
   1.3489628825916532E-010   398107.170553497250770252305087751766      
   1.8197008586099827E-010   398107.170553497250770252305087751766      
   2.4547089156850315E-010   398107.170553497250770252305087751766      
   3.3113112148259112E-010   398107.170553497250770252305087751766      
   4.4668359215096305E-010   398107.170553497250770252305087751766      
   6.0255958607435815E-010   398107.170553497250770252305087751766      
   8.1283051616409944E-010   398107.170553497250770252305087751766      
   1.0964781961431852E-009   398107.170553497250770252305087751766      
   1.4791083881682072E-009   398107.170553497250770252305087751766      
   1.9952623149688791E-009   398107.170553497250770252305087751766      
   2.6915348039269167E-009   398107.170553497250770252305087751766      
   3.6307805477010139E-009   398107.170553497250770252305087751766      
   4.8977881936844609E-009   398107.170553497250770252305087751766      
   6.6069344800759643E-009   398107.170553497250770252305087751766      
   8.9125093813374596E-009   398107.170553497250770252305087751766      
   1.2022644346174132E-008   398107.170553497250770252305087751766      
   1.6218100973589300E-008   398107.170553497250770252305087751766      
   2.1877616239495521E-008   398107.170553497250770252305087751766      
   2.9512092266663871E-008   398107.170553497250770252305087751766      
   3.9810717055349736E-008   398107.170553497250770252305087751766      
   5.3703179637025271E-008   398107.170553497250770252305087751766      
   7.2443596007499061E-008   398107.170553497250770252305087751766      
   9.7723722095581110E-008   398107.170553497250770252305087751766      
   1.3182567385564072E-007   398107.170553497250770252305087751766      
   1.7782794100389230E-007   398107.170553497250770252305087751766      
   2.3988329190194898E-007   398107.170553497250770252305087751766      
   3.2359365692962843E-007   398107.170553497250770252305087751766      
   4.3651583224016610E-007   398107.170553497250770252305087751766      
   5.8884365535558903E-007   398107.170553497250770252305087751766      
   7.9432823472428220E-007   398107.170553497250770252305087751766      
   1.0715193052376070E-006   398107.170553497250770252305087751766      
   1.4454397707459279E-006   398107.170553497250770252305087751766      
   1.9498445997580454E-006   398107.170553497250770252305087751766      
   2.6302679918953812E-006   398107.170553497250770252305087751766      
   3.5481338923357534E-006   398107.170553497250770252305087751766      
   4.7863009232263809E-006   398107.170553497250770252305087751766      
   6.4565422903465625E-006   398107.170553497250770252305087751766      
   8.7096358995608141E-006   398107.170553497250770252305087751766      
   1.1748975549395302E-005   398107.170553497250770252305087751766      
   1.5848931924611141E-005   398107.170553497250770252305087751766      
   2.1379620895022323E-005   398107.170553497250770252305087751766      
   2.8840315031266060E-005   398107.170553497250770252305087751766      
   3.8904514499428046E-005   398107.170553497250770252305087751766      
   5.2480746024977334E-005   398107.170553497250770252305087751766      
   7.0794578438413880E-005   398107.170553497250770252305087751766      
   9.5499258602143688E-005   398107.170553497250770252305087751766      
   1.2882495516931347E-004   398107.170553497250770252305087751766      
   1.7378008287493763E-004   398107.170553497250770252305087751766      
   2.3442288153199226E-004   398107.170553497250770252305087751766      
   3.1622776601683794E-004   398107.170553497250770252305087751766      
   4.2657951880159252E-004   398107.170553497250770252305087751766      
   5.7543993733715664E-004   398107.170553497250770252305087751766      
   7.7624711662869280E-004   398107.170553497250770252305087751766      
   1.0471285480509007E-003   398107.170553497250770252305087751766      
   1.4125375446227555E-003   398107.170553497250770252305087751766      
   1.9054607179632482E-003   398107.170553497250770252305087751766      
   2.5703957827688645E-003   398107.170553497250770252305087751766      
   3.4673685045253171E-003   398107.170553497250770252305087751766      
   4.6773514128719811E-003   398107.170553497250770252305087751766      
   6.3095734448019433E-003   398107.170553497250770252305087751766      
   8.5113803820237779E-003   398107.170553497250770252305087751766      
   1.1481536214968840E-002   398107.170553497250770252305087751766      
   1.5488166189124795E-002   398107.170553497250770252305087751766      
   2.0892961308540410E-002   398107.170553497250770252305087751766      
   2.8183829312644609E-002   398107.170553497250770252305087751766      
   3.8018939632056131E-002   398107.170553497250770252305087751766      
   5.1286138399136587E-002   398107.170553497250770252305087751766      
   6.9183097091893617E-002   398107.170553497250770252305087751766      
   9.3325430079699248E-002   398107.170553497250770252305087751766      
  0.12589254117941662        398107.170553497250770252305087751766      
  0.16982436524617459        398107.170553497250770252305087751766      
  0.22908676527677702        398107.170553497250770252305087751766      
  0.30902954325135917        398107.170553497250770252305087751766      
  0.41686938347033636        398107.170553497250770252305087751766      
  0.56234132519034918        398107.170553497250770252305087751766      
  0.75857757502918510        398107.170553497250770252305087751766      
   1.0232929922807537        398107.170553497250770252305087751766      
   1.3803842646028868        398107.170553497250770252305087751766      
   1.8620871366628655        398107.170553497250770252305087751766      
   2.5118864315095824        398107.170553497250770252305087751766      
   3.3884415613920345        398107.170553497250770252305087751766      
   4.5708818961487516        398107.170553497250770252305087751766      
   6.1659500186148355        398107.170553497250770252305087751766      
   8.3176377110267090        398107.170553497250770252305087751766      
   11.220184543019652        398107.170553497250770252305087751766      
   15.135612484362071        398107.170553497250770252305087751766      
   20.417379446695318        398107.170553497250770252305087751766      
   27.542287033381744        398107.170553497250770252305087751766      
   37.153522909717275        398107.170553497250770252305087751766      
   50.118723362727351        398107.170553497250770252305087751766      
   67.608297539198190        398107.170553497250770252305087751766      
   91.201083935591143        398107.170553497250770252305087751766      
   123.02687708123811        398107.170553497250770252305087751766      
   165.95869074375631        398107.170553497250770252305087751766      
   223.87211385683378        398107.170553497250770252305087751766      
   301.99517204020191        398107.170553497250770252305087751766      
   407.38027780411386        398107.170553497250770252305087751766      
   549.54087385762477        398107.170553497250770252305087751766      
   741.31024130091919        398107.170553497250770252305087751766      
   1000.0000000000000        398107.170553497250770252305087751766      
   1.0000000000000000E-010   446683.592150963118556250524319376919      
   1.3489628825916532E-010   446683.592150963118556250524319376919      
   1.8197008586099827E-010   446683.592150963118556250524319376919      
   2.4547089156850315E-010   446683.592150963118556250524319376919      
   3.3113112148259112E-010   446683.592150963118556250524319376919      
   4.4668359215096305E-010   446683.592150963118556250524319376919      
   6.0255958607435815E-010   446683.592150963118556250524319376919      
   8.1283051616409944E-010   446683.592150963118556250524319376919      
   1.0964781961431852E-009   446683.592150963118556250524319376919      
   1.4791083881682072E-009   446683.592150963118556250524319376919      
   1.9952623149688791E-009   446683.592150963118556250524319376919      
   2.6915348039269167E-009   446683.592150963118556250524319376919      
   3.6307805477010139E-009   446683.592150963118556250524319376919      
   4.8977881936844609E-009   446683.592150963118556250524319376919      
   6.6069344800759643E-009   446683.592150963118556250524319376919      
   8.9125093813374596E-009   446683.592150963118556250524319376919      
   1.2022644346174132E-008   446683.592150963118556250524319376919      
   1.6218100973589300E-008   446683.592150963118556250524319376919      
   2.1877616239495521E-008   446683.592150963118556250524319376919      
   2.9512092266663871E-008   446683.592150963118556250524319376919      
   3.9810717055349736E-008   446683.592150963118556250524319376919      
   5.3703179637025271E-008   446683.592150963118556250524319376919      
   7.2443596007499061E-008   446683.592150963118556250524319376919      
   9.7723722095581110E-008   446683.592150963118556250524319376919      
   1.3182567385564072E-007   446683.592150963118556250524319376919      
   1.7782794100389230E-007   446683.592150963118556250524319376919      
   2.3988329190194898E-007   446683.592150963118556250524319376919      
   3.2359365692962843E-007   446683.592150963118556250524319376919      
   4.3651583224016610E-007   446683.592150963118556250524319376919      
   5.8884365535558903E-007   446683.592150963118556250524319376919      
   7.9432823472428220E-007   446683.592150963118556250524319376919      
   1.0715193052376070E-006   446683.592150963118556250524319376919      
   1.4454397707459279E-006   446683.592150963118556250524319376919      
   1.9498445997580454E-006   446683.592150963118556250524319376919      
   2.6302679918953812E-006   446683.592150963118556250524319376919      
   3.5481338923357534E-006   446683.592150963118556250524319376919      
   4.7863009232263809E-006   446683.592150963118556250524319376919      
   6.4565422903465625E-006   446683.592150963118556250524319376919      
   8.7096358995608141E-006   446683.592150963118556250524319376919      
   1.1748975549395302E-005   446683.592150963118556250524319376919      
   1.5848931924611141E-005   446683.592150963118556250524319376919      
   2.1379620895022323E-005   446683.592150963118556250524319376919      
   2.8840315031266060E-005   446683.592150963118556250524319376919      
   3.8904514499428046E-005   446683.592150963118556250524319376919      
   5.2480746024977334E-005   446683.592150963118556250524319376919      
   7.0794578438413880E-005   446683.592150963118556250524319376919      
   9.5499258602143688E-005   446683.592150963118556250524319376919      
   1.2882495516931347E-004   446683.592150963118556250524319376919      
   1.7378008287493763E-004   446683.592150963118556250524319376919      
   2.3442288153199226E-004   446683.592150963118556250524319376919      
   3.1622776601683794E-004   446683.592150963118556250524319376919      
   4.2657951880159252E-004   446683.592150963118556250524319376919      
   5.7543993733715664E-004   446683.592150963118556250524319376919      
   7.7624711662869280E-004   446683.592150963118556250524319376919      
   1.0471285480509007E-003   446683.592150963118556250524319376919      
   1.4125375446227555E-003   446683.592150963118556250524319376919      
   1.9054607179632482E-003   446683.592150963118556250524319376919      
   2.5703957827688645E-003   446683.592150963118556250524319376919      
   3.4673685045253171E-003   446683.592150963118556250524319376919      
   4.6773514128719811E-003   446683.592150963118556250524319376919      
   6.3095734448019433E-003   446683.592150963118556250524319376919      
   8.5113803820237779E-003   446683.592150963118556250524319376919      
   1.1481536214968840E-002   446683.592150963118556250524319376919      
   1.5488166189124795E-002   446683.592150963118556250524319376919      
   2.0892961308540410E-002   446683.592150963118556250524319376919      
   2.8183829312644609E-002   446683.592150963118556250524319376919      
   3.8018939632056131E-002   446683.592150963118556250524319376919      
   5.1286138399136587E-002   446683.592150963118556250524319376919      
   6.9183097091893617E-002   446683.592150963118556250524319376919      
   9.3325430079699248E-002   446683.592150963118556250524319376919      
  0.12589254117941662        446683.592150963118556250524319376919      
  0.16982436524617459        446683.592150963118556250524319376919      
  0.22908676527677702        446683.592150963118556250524319376919      
  0.30902954325135917        446683.592150963118556250524319376919      
  0.41686938347033636        446683.592150963118556250524319376919      
  0.56234132519034918        446683.592150963118556250524319376919      
  0.75857757502918510        446683.592150963118556250524319376919      
   1.0232929922807537        446683.592150963118556250524319376919      
   1.3803842646028868        446683.592150963118556250524319376919      
   1.8620871366628655        446683.592150963118556250524319376919      
   2.5118864315095824        446683.592150963118556250524319376919      
   3.3884415613920345        446683.592150963118556250524319376919      
   4.5708818961487516        446683.592150963118556250524319376919      
   6.1659500186148355        446683.592150963118556250524319376919      
   8.3176377110267090        446683.592150963118556250524319376919      
   11.220184543019652        446683.592150963118556250524319376919      
   15.135612484362071        446683.592150963118556250524319376919      
   20.417379446695318        446683.592150963118556250524319376919      
   27.542287033381744        446683.592150963118556250524319376919      
   37.153522909717275        446683.592150963118556250524319376919      
   50.118723362727351        446683.592150963118556250524319376919      
   67.608297539198190        446683.592150963118556250524319376919      
   91.201083935591143        446683.592150963118556250524319376919      
   123.02687708123811        446683.592150963118556250524319376919      
   165.95869074375631        446683.592150963118556250524319376919      
   223.87211385683378        446683.592150963118556250524319376919      
   301.99517204020191        446683.592150963118556250524319376919      
   407.38027780411386        446683.592150963118556250524319376919      
   549.54087385762477        446683.592150963118556250524319376919      
   741.31024130091919        446683.592150963118556250524319376919      
   1000.0000000000000        446683.592150963118556250524319376919      
   1.0000000000000000E-010   501187.233627272285001554186884945960      
   1.3489628825916532E-010   501187.233627272285001554186884945960      
   1.8197008586099827E-010   501187.233627272285001554186884945960      
   2.4547089156850315E-010   501187.233627272285001554186884945960      
   3.3113112148259112E-010   501187.233627272285001554186884945960      
   4.4668359215096305E-010   501187.233627272285001554186884945960      
   6.0255958607435815E-010   501187.233627272285001554186884945960      
   8.1283051616409944E-010   501187.233627272285001554186884945960      
   1.0964781961431852E-009   501187.233627272285001554186884945960      
   1.4791083881682072E-009   501187.233627272285001554186884945960      
   1.9952623149688791E-009   501187.233627272285001554186884945960      
   2.6915348039269167E-009   501187.233627272285001554186884945960      
   3.6307805477010139E-009   501187.233627272285001554186884945960      
   4.8977881936844609E-009   501187.233627272285001554186884945960      
   6.6069344800759643E-009   501187.233627272285001554186884945960      
   8.9125093813374596E-009   501187.233627272285001554186884945960      
   1.2022644346174132E-008   501187.233627272285001554186884945960      
   1.6218100973589300E-008   501187.233627272285001554186884945960      
   2.1877616239495521E-008   501187.233627272285001554186884945960      
   2.9512092266663871E-008   501187.233627272285001554186884945960      
   3.9810717055349736E-008   501187.233627272285001554186884945960      
   5.3703179637025271E-008   501187.233627272285001554186884945960      
   7.2443596007499061E-008   501187.233627272285001554186884945960      
   9.7723722095581110E-008   501187.233627272285001554186884945960      
   1.3182567385564072E-007   501187.233627272285001554186884945960      
   1.7782794100389230E-007   501187.233627272285001554186884945960      
   2.3988329190194898E-007   501187.233627272285001554186884945960      
   3.2359365692962843E-007   501187.233627272285001554186884945960      
   4.3651583224016610E-007   501187.233627272285001554186884945960      
   5.8884365535558903E-007   501187.233627272285001554186884945960      
   7.9432823472428220E-007   501187.233627272285001554186884945960      
   1.0715193052376070E-006   501187.233627272285001554186884945960      
   1.4454397707459279E-006   501187.233627272285001554186884945960      
   1.9498445997580454E-006   501187.233627272285001554186884945960      
   2.6302679918953812E-006   501187.233627272285001554186884945960      
   3.5481338923357534E-006   501187.233627272285001554186884945960      
   4.7863009232263809E-006   501187.233627272285001554186884945960      
   6.4565422903465625E-006   501187.233627272285001554186884945960      
   8.7096358995608141E-006   501187.233627272285001554186884945960      
   1.1748975549395302E-005   501187.233627272285001554186884945960      
   1.5848931924611141E-005   501187.233627272285001554186884945960      
   2.1379620895022323E-005   501187.233627272285001554186884945960      
   2.8840315031266060E-005   501187.233627272285001554186884945960      
   3.8904514499428046E-005   501187.233627272285001554186884945960      
   5.2480746024977334E-005   501187.233627272285001554186884945960      
   7.0794578438413880E-005   501187.233627272285001554186884945960      
   9.5499258602143688E-005   501187.233627272285001554186884945960      
   1.2882495516931347E-004   501187.233627272285001554186884945960      
   1.7378008287493763E-004   501187.233627272285001554186884945960      
   2.3442288153199226E-004   501187.233627272285001554186884945960      
   3.1622776601683794E-004   501187.233627272285001554186884945960      
   4.2657951880159252E-004   501187.233627272285001554186884945960      
   5.7543993733715664E-004   501187.233627272285001554186884945960      
   7.7624711662869280E-004   501187.233627272285001554186884945960      
   1.0471285480509007E-003   501187.233627272285001554186884945960      
   1.4125375446227555E-003   501187.233627272285001554186884945960      
   1.9054607179632482E-003   501187.233627272285001554186884945960      
   2.5703957827688645E-003   501187.233627272285001554186884945960      
   3.4673685045253171E-003   501187.233627272285001554186884945960      
   4.6773514128719811E-003   501187.233627272285001554186884945960      
   6.3095734448019433E-003   501187.233627272285001554186884945960      
   8.5113803820237779E-003   501187.233627272285001554186884945960      
   1.1481536214968840E-002   501187.233627272285001554186884945960      
   1.5488166189124795E-002   501187.233627272285001554186884945960      
   2.0892961308540410E-002   501187.233627272285001554186884945960      
   2.8183829312644609E-002   501187.233627272285001554186884945960      
   3.8018939632056131E-002   501187.233627272285001554186884945960      
   5.1286138399136587E-002   501187.233627272285001554186884945960      
   6.9183097091893617E-002   501187.233627272285001554186884945960      
   9.3325430079699248E-002   501187.233627272285001554186884945960      
  0.12589254117941662        501187.233627272285001554186884945960      
  0.16982436524617459        501187.233627272285001554186884945960      
  0.22908676527677702        501187.233627272285001554186884945960      
  0.30902954325135917        501187.233627272285001554186884945960      
  0.41686938347033636        501187.233627272285001554186884945960      
  0.56234132519034918        501187.233627272285001554186884945960      
  0.75857757502918510        501187.233627272285001554186884945960      
   1.0232929922807537        501187.233627272285001554186884945960      
   1.3803842646028868        501187.233627272285001554186884945960      
   1.8620871366628655        501187.233627272285001554186884945960      
   2.5118864315095824        501187.233627272285001554186884945960      
   3.3884415613920345        501187.233627272285001554186884945960      
   4.5708818961487516        501187.233627272285001554186884945960      
   6.1659500186148355        501187.233627272285001554186884945960      
   8.3176377110267090        501187.233627272285001554186884945960      
   11.220184543019652        501187.233627272285001554186884945960      
   15.135612484362071        501187.233627272285001554186884945960      
   20.417379446695318        501187.233627272285001554186884945960      
   27.542287033381744        501187.233627272285001554186884945960      
   37.153522909717275        501187.233627272285001554186884945960      
   50.118723362727351        501187.233627272285001554186884945960      
   67.608297539198190        501187.233627272285001554186884945960      
   91.201083935591143        501187.233627272285001554186884945960      
   123.02687708123811        501187.233627272285001554186884945960      
   165.95869074375631        501187.233627272285001554186884945960      
   223.87211385683378        501187.233627272285001554186884945960      
   301.99517204020191        501187.233627272285001554186884945960      
   407.38027780411386        501187.233627272285001554186884945960      
   549.54087385762477        501187.233627272285001554186884945960      
   741.31024130091919        501187.233627272285001554186884945960      
   1000.0000000000000        501187.233627272285001554186884945960      
   1.0000000000000000E-010   562341.325190349080394951039776481210      
   1.3489628825916532E-010   562341.325190349080394951039776481210      
   1.8197008586099827E-010   562341.325190349080394951039776481210      
   2.4547089156850315E-010   562341.325190349080394951039776481210      
   3.3113112148259112E-010   562341.325190349080394951039776481210      
   4.4668359215096305E-010   562341.325190349080394951039776481210      
   6.0255958607435815E-010   562341.325190349080394951039776481210      
   8.1283051616409944E-010   562341.325190349080394951039776481210      
   1.0964781961431852E-009   562341.325190349080394951039776481210      
   1.4791083881682072E-009   562341.325190349080394951039776481210      
   1.9952623149688791E-009   562341.325190349080394951039776481210      
   2.6915348039269167E-009   562341.325190349080394951039776481210      
   3.6307805477010139E-009   562341.325190349080394951039776481210      
   4.8977881936844609E-009   562341.325190349080394951039776481210      
   6.6069344800759643E-009   562341.325190349080394951039776481210      
   8.9125093813374596E-009   562341.325190349080394951039776481210      
   1.2022644346174132E-008   562341.325190349080394951039776481210      
   1.6218100973589300E-008   562341.325190349080394951039776481210      
   2.1877616239495521E-008   562341.325190349080394951039776481210      
   2.9512092266663871E-008   562341.325190349080394951039776481210      
   3.9810717055349736E-008   562341.325190349080394951039776481210      
   5.3703179637025271E-008   562341.325190349080394951039776481210      
   7.2443596007499061E-008   562341.325190349080394951039776481210      
   9.7723722095581110E-008   562341.325190349080394951039776481210      
   1.3182567385564072E-007   562341.325190349080394951039776481210      
   1.7782794100389230E-007   562341.325190349080394951039776481210      
   2.3988329190194898E-007   562341.325190349080394951039776481210      
   3.2359365692962843E-007   562341.325190349080394951039776481210      
   4.3651583224016610E-007   562341.325190349080394951039776481210      
   5.8884365535558903E-007   562341.325190349080394951039776481210      
   7.9432823472428220E-007   562341.325190349080394951039776481210      
   1.0715193052376070E-006   562341.325190349080394951039776481210      
   1.4454397707459279E-006   562341.325190349080394951039776481210      
   1.9498445997580454E-006   562341.325190349080394951039776481210      
   2.6302679918953812E-006   562341.325190349080394951039776481210      
   3.5481338923357534E-006   562341.325190349080394951039776481210      
   4.7863009232263809E-006   562341.325190349080394951039776481210      
   6.4565422903465625E-006   562341.325190349080394951039776481210      
   8.7096358995608141E-006   562341.325190349080394951039776481210      
   1.1748975549395302E-005   562341.325190349080394951039776481210      
   1.5848931924611141E-005   562341.325190349080394951039776481210      
   2.1379620895022323E-005   562341.325190349080394951039776481210      
   2.8840315031266060E-005   562341.325190349080394951039776481210      
   3.8904514499428046E-005   562341.325190349080394951039776481210      
   5.2480746024977334E-005   562341.325190349080394951039776481210      
   7.0794578438413880E-005   562341.325190349080394951039776481210      
   9.5499258602143688E-005   562341.325190349080394951039776481210      
   1.2882495516931347E-004   562341.325190349080394951039776481210      
   1.7378008287493763E-004   562341.325190349080394951039776481210      
   2.3442288153199226E-004   562341.325190349080394951039776481210      
   3.1622776601683794E-004   562341.325190349080394951039776481210      
   4.2657951880159252E-004   562341.325190349080394951039776481210      
   5.7543993733715664E-004   562341.325190349080394951039776481210      
   7.7624711662869280E-004   562341.325190349080394951039776481210      
   1.0471285480509007E-003   562341.325190349080394951039776481210      
   1.4125375446227555E-003   562341.325190349080394951039776481210      
   1.9054607179632482E-003   562341.325190349080394951039776481210      
   2.5703957827688645E-003   562341.325190349080394951039776481210      
   3.4673685045253171E-003   562341.325190349080394951039776481210      
   4.6773514128719811E-003   562341.325190349080394951039776481210      
   6.3095734448019433E-003   562341.325190349080394951039776481210      
   8.5113803820237779E-003   562341.325190349080394951039776481210      
   1.1481536214968840E-002   562341.325190349080394951039776481210      
   1.5488166189124795E-002   562341.325190349080394951039776481210      
   2.0892961308540410E-002   562341.325190349080394951039776481210      
   2.8183829312644609E-002   562341.325190349080394951039776481210      
   3.8018939632056131E-002   562341.325190349080394951039776481210      
   5.1286138399136587E-002   562341.325190349080394951039776481210      
   6.9183097091893617E-002   562341.325190349080394951039776481210      
   9.3325430079699248E-002   562341.325190349080394951039776481210      
  0.12589254117941662        562341.325190349080394951039776481210      
  0.16982436524617459        562341.325190349080394951039776481210      
  0.22908676527677702        562341.325190349080394951039776481210      
  0.30902954325135917        562341.325190349080394951039776481210      
  0.41686938347033636        562341.325190349080394951039776481210      
  0.56234132519034918        562341.325190349080394951039776481210      
  0.75857757502918510        562341.325190349080394951039776481210      
   1.0232929922807537        562341.325190349080394951039776481210      
   1.3803842646028868        562341.325190349080394951039776481210      
   1.8620871366628655        562341.325190349080394951039776481210      
   2.5118864315095824        562341.325190349080394951039776481210      
   3.3884415613920345        562341.325190349080394951039776481210      
   4.5708818961487516        562341.325190349080394951039776481210      
   6.1659500186148355        562341.325190349080394951039776481210      
   8.3176377110267090        562341.325190349080394951039776481210      
   11.220184543019652        562341.325190349080394951039776481210      
   15.135612484362071        562341.325190349080394951039776481210      
   20.417379446695318        562341.325190349080394951039776481210      
   27.542287033381744        562341.325190349080394951039776481210      
   37.153522909717275        562341.325190349080394951039776481210      
   50.118723362727351        562341.325190349080394951039776481210      
   67.608297539198190        562341.325190349080394951039776481210      
   91.201083935591143        562341.325190349080394951039776481210      
   123.02687708123811        562341.325190349080394951039776481210      
   165.95869074375631        562341.325190349080394951039776481210      
   223.87211385683378        562341.325190349080394951039776481210      
   301.99517204020191        562341.325190349080394951039776481210      
   407.38027780411386        562341.325190349080394951039776481210      
   549.54087385762477        562341.325190349080394951039776481210      
   741.31024130091919        562341.325190349080394951039776481210      
   1000.0000000000000        562341.325190349080394951039776481210      
   1.0000000000000000E-010   630957.344480193249434360136622344736      
   1.3489628825916532E-010   630957.344480193249434360136622344736      
   1.8197008586099827E-010   630957.344480193249434360136622344736      
   2.4547089156850315E-010   630957.344480193249434360136622344736      
   3.3113112148259112E-010   630957.344480193249434360136622344736      
   4.4668359215096305E-010   630957.344480193249434360136622344736      
   6.0255958607435815E-010   630957.344480193249434360136622344736      
   8.1283051616409944E-010   630957.344480193249434360136622344736      
   1.0964781961431852E-009   630957.344480193249434360136622344736      
   1.4791083881682072E-009   630957.344480193249434360136622344736      
   1.9952623149688791E-009   630957.344480193249434360136622344736      
   2.6915348039269167E-009   630957.344480193249434360136622344736      
   3.6307805477010139E-009   630957.344480193249434360136622344736      
   4.8977881936844609E-009   630957.344480193249434360136622344736      
   6.6069344800759643E-009   630957.344480193249434360136622344736      
   8.9125093813374596E-009   630957.344480193249434360136622344736      
   1.2022644346174132E-008   630957.344480193249434360136622344736      
   1.6218100973589300E-008   630957.344480193249434360136622344736      
   2.1877616239495521E-008   630957.344480193249434360136622344736      
   2.9512092266663871E-008   630957.344480193249434360136622344736      
   3.9810717055349736E-008   630957.344480193249434360136622344736      
   5.3703179637025271E-008   630957.344480193249434360136622344736      
   7.2443596007499061E-008   630957.344480193249434360136622344736      
   9.7723722095581110E-008   630957.344480193249434360136622344736      
   1.3182567385564072E-007   630957.344480193249434360136622344736      
   1.7782794100389230E-007   630957.344480193249434360136622344736      
   2.3988329190194898E-007   630957.344480193249434360136622344736      
   3.2359365692962843E-007   630957.344480193249434360136622344736      
   4.3651583224016610E-007   630957.344480193249434360136622344736      
   5.8884365535558903E-007   630957.344480193249434360136622344736      
   7.9432823472428220E-007   630957.344480193249434360136622344736      
   1.0715193052376070E-006   630957.344480193249434360136622344736      
   1.4454397707459279E-006   630957.344480193249434360136622344736      
   1.9498445997580454E-006   630957.344480193249434360136622344736      
   2.6302679918953812E-006   630957.344480193249434360136622344736      
   3.5481338923357534E-006   630957.344480193249434360136622344736      
   4.7863009232263809E-006   630957.344480193249434360136622344736      
   6.4565422903465625E-006   630957.344480193249434360136622344736      
   8.7096358995608141E-006   630957.344480193249434360136622344736      
   1.1748975549395302E-005   630957.344480193249434360136622344736      
   1.5848931924611141E-005   630957.344480193249434360136622344736      
   2.1379620895022323E-005   630957.344480193249434360136622344736      
   2.8840315031266060E-005   630957.344480193249434360136622344736      
   3.8904514499428046E-005   630957.344480193249434360136622344736      
   5.2480746024977334E-005   630957.344480193249434360136622344736      
   7.0794578438413880E-005   630957.344480193249434360136622344736      
   9.5499258602143688E-005   630957.344480193249434360136622344736      
   1.2882495516931347E-004   630957.344480193249434360136622344736      
   1.7378008287493763E-004   630957.344480193249434360136622344736      
   2.3442288153199226E-004   630957.344480193249434360136622344736      
   3.1622776601683794E-004   630957.344480193249434360136622344736      
   4.2657951880159252E-004   630957.344480193249434360136622344736      
   5.7543993733715664E-004   630957.344480193249434360136622344736      
   7.7624711662869280E-004   630957.344480193249434360136622344736      
   1.0471285480509007E-003   630957.344480193249434360136622344736      
   1.4125375446227555E-003   630957.344480193249434360136622344736      
   1.9054607179632482E-003   630957.344480193249434360136622344736      
   2.5703957827688645E-003   630957.344480193249434360136622344736      
   3.4673685045253171E-003   630957.344480193249434360136622344736      
   4.6773514128719811E-003   630957.344480193249434360136622344736      
   6.3095734448019433E-003   630957.344480193249434360136622344736      
   8.5113803820237779E-003   630957.344480193249434360136622344736      
   1.1481536214968840E-002   630957.344480193249434360136622344736      
   1.5488166189124795E-002   630957.344480193249434360136622344736      
   2.0892961308540410E-002   630957.344480193249434360136622344736      
   2.8183829312644609E-002   630957.344480193249434360136622344736      
   3.8018939632056131E-002   630957.344480193249434360136622344736      
   5.1286138399136587E-002   630957.344480193249434360136622344736      
   6.9183097091893617E-002   630957.344480193249434360136622344736      
   9.3325430079699248E-002   630957.344480193249434360136622344736      
  0.12589254117941662        630957.344480193249434360136622344736      
  0.16982436524617459        630957.344480193249434360136622344736      
  0.22908676527677702        630957.344480193249434360136622344736      
  0.30902954325135917        630957.344480193249434360136622344736      
  0.41686938347033636        630957.344480193249434360136622344736      
  0.56234132519034918        630957.344480193249434360136622344736      
  0.75857757502918510        630957.344480193249434360136622344736      
   1.0232929922807537        630957.344480193249434360136622344736      
   1.3803842646028868        630957.344480193249434360136622344736      
   1.8620871366628655        630957.344480193249434360136622344736      
   2.5118864315095824        630957.344480193249434360136622344736      
   3.3884415613920345        630957.344480193249434360136622344736      
   4.5708818961487516        630957.344480193249434360136622344736      
   6.1659500186148355        630957.344480193249434360136622344736      
   8.3176377110267090        630957.344480193249434360136622344736      
   11.220184543019652        630957.344480193249434360136622344736      
   15.135612484362071        630957.344480193249434360136622344736      
   20.417379446695318        630957.344480193249434360136622344736      
   27.542287033381744        630957.344480193249434360136622344736      
   37.153522909717275        630957.344480193249434360136622344736      
   50.118723362727351        630957.344480193249434360136622344736      
   67.608297539198190        630957.344480193249434360136622344736      
   91.201083935591143        630957.344480193249434360136622344736      
   123.02687708123811        630957.344480193249434360136622344736      
   165.95869074375631        630957.344480193249434360136622344736      
   223.87211385683378        630957.344480193249434360136622344736      
   301.99517204020191        630957.344480193249434360136622344736      
   407.38027780411386        630957.344480193249434360136622344736      
   549.54087385762477        630957.344480193249434360136622344736      
   741.31024130091919        630957.344480193249434360136622344736      
   1000.0000000000000        630957.344480193249434360136622344736      
   1.0000000000000000E-010   707945.784384137910802214942189312206      
   1.3489628825916532E-010   707945.784384137910802214942189312206      
   1.8197008586099827E-010   707945.784384137910802214942189312206      
   2.4547089156850315E-010   707945.784384137910802214942189312206      
   3.3113112148259112E-010   707945.784384137910802214942189312206      
   4.4668359215096305E-010   707945.784384137910802214942189312206      
   6.0255958607435815E-010   707945.784384137910802214942189312206      
   8.1283051616409944E-010   707945.784384137910802214942189312206      
   1.0964781961431852E-009   707945.784384137910802214942189312206      
   1.4791083881682072E-009   707945.784384137910802214942189312206      
   1.9952623149688791E-009   707945.784384137910802214942189312206      
   2.6915348039269167E-009   707945.784384137910802214942189312206      
   3.6307805477010139E-009   707945.784384137910802214942189312206      
   4.8977881936844609E-009   707945.784384137910802214942189312206      
   6.6069344800759643E-009   707945.784384137910802214942189312206      
   8.9125093813374596E-009   707945.784384137910802214942189312206      
   1.2022644346174132E-008   707945.784384137910802214942189312206      
   1.6218100973589300E-008   707945.784384137910802214942189312206      
   2.1877616239495521E-008   707945.784384137910802214942189312206      
   2.9512092266663871E-008   707945.784384137910802214942189312206      
   3.9810717055349736E-008   707945.784384137910802214942189312206      
   5.3703179637025271E-008   707945.784384137910802214942189312206      
   7.2443596007499061E-008   707945.784384137910802214942189312206      
   9.7723722095581110E-008   707945.784384137910802214942189312206      
   1.3182567385564072E-007   707945.784384137910802214942189312206      
   1.7782794100389230E-007   707945.784384137910802214942189312206      
   2.3988329190194898E-007   707945.784384137910802214942189312206      
   3.2359365692962843E-007   707945.784384137910802214942189312206      
   4.3651583224016610E-007   707945.784384137910802214942189312206      
   5.8884365535558903E-007   707945.784384137910802214942189312206      
   7.9432823472428220E-007   707945.784384137910802214942189312206      
   1.0715193052376070E-006   707945.784384137910802214942189312206      
   1.4454397707459279E-006   707945.784384137910802214942189312206      
   1.9498445997580454E-006   707945.784384137910802214942189312206      
   2.6302679918953812E-006   707945.784384137910802214942189312206      
   3.5481338923357534E-006   707945.784384137910802214942189312206      
   4.7863009232263809E-006   707945.784384137910802214942189312206      
   6.4565422903465625E-006   707945.784384137910802214942189312206      
   8.7096358995608141E-006   707945.784384137910802214942189312206      
   1.1748975549395302E-005   707945.784384137910802214942189312206      
   1.5848931924611141E-005   707945.784384137910802214942189312206      
   2.1379620895022323E-005   707945.784384137910802214942189312206      
   2.8840315031266060E-005   707945.784384137910802214942189312206      
   3.8904514499428046E-005   707945.784384137910802214942189312206      
   5.2480746024977334E-005   707945.784384137910802214942189312206      
   7.0794578438413880E-005   707945.784384137910802214942189312206      
   9.5499258602143688E-005   707945.784384137910802214942189312206      
   1.2882495516931347E-004   707945.784384137910802214942189312206      
   1.7378008287493763E-004   707945.784384137910802214942189312206      
   2.3442288153199226E-004   707945.784384137910802214942189312206      
   3.1622776601683794E-004   707945.784384137910802214942189312206      
   4.2657951880159252E-004   707945.784384137910802214942189312206      
   5.7543993733715664E-004   707945.784384137910802214942189312206      
   7.7624711662869280E-004   707945.784384137910802214942189312206      
   1.0471285480509007E-003   707945.784384137910802214942189312206      
   1.4125375446227555E-003   707945.784384137910802214942189312206      
   1.9054607179632482E-003   707945.784384137910802214942189312206      
   2.5703957827688645E-003   707945.784384137910802214942189312206      
   3.4673685045253171E-003   707945.784384137910802214942189312206      
   4.6773514128719811E-003   707945.784384137910802214942189312206      
   6.3095734448019433E-003   707945.784384137910802214942189312206      
   8.5113803820237779E-003   707945.784384137910802214942189312206      
   1.1481536214968840E-002   707945.784384137910802214942189312206      
   1.5488166189124795E-002   707945.784384137910802214942189312206      
   2.0892961308540410E-002   707945.784384137910802214942189312206      
   2.8183829312644609E-002   707945.784384137910802214942189312206      
   3.8018939632056131E-002   707945.784384137910802214942189312206      
   5.1286138399136587E-002   707945.784384137910802214942189312206      
   6.9183097091893617E-002   707945.784384137910802214942189312206      
   9.3325430079699248E-002   707945.784384137910802214942189312206      
  0.12589254117941662        707945.784384137910802214942189312206      
  0.16982436524617459        707945.784384137910802214942189312206      
  0.22908676527677702        707945.784384137910802214942189312206      
  0.30902954325135917        707945.784384137910802214942189312206      
  0.41686938347033636        707945.784384137910802214942189312206      
  0.56234132519034918        707945.784384137910802214942189312206      
  0.75857757502918510        707945.784384137910802214942189312206      
   1.0232929922807537        707945.784384137910802214942189312206      
   1.3803842646028868        707945.784384137910802214942189312206      
   1.8620871366628655        707945.784384137910802214942189312206      
   2.5118864315095824        707945.784384137910802214942189312206      
   3.3884415613920345        707945.784384137910802214942189312206      
   4.5708818961487516        707945.784384137910802214942189312206      
   6.1659500186148355        707945.784384137910802214942189312206      
   8.3176377110267090        707945.784384137910802214942189312206      
   11.220184543019652        707945.784384137910802214942189312206      
   15.135612484362071        707945.784384137910802214942189312206      
   20.417379446695318        707945.784384137910802214942189312206      
   27.542287033381744        707945.784384137910802214942189312206      
   37.153522909717275        707945.784384137910802214942189312206      
   50.118723362727351        707945.784384137910802214942189312206      
   67.608297539198190        707945.784384137910802214942189312206      
   91.201083935591143        707945.784384137910802214942189312206      
   123.02687708123811        707945.784384137910802214942189312206      
   165.95869074375631        707945.784384137910802214942189312206      
   223.87211385683378        707945.784384137910802214942189312206      
   301.99517204020191        707945.784384137910802214942189312206      
   407.38027780411386        707945.784384137910802214942189312206      
   549.54087385762477        707945.784384137910802214942189312206      
   741.31024130091919        707945.784384137910802214942189312206      
   1000.0000000000000        707945.784384137910802214942189312206      
   1.0000000000000000E-010   794328.234724281502065918282836388524      
   1.3489628825916532E-010   794328.234724281502065918282836388524      
   1.8197008586099827E-010   794328.234724281502065918282836388524      
   2.4547089156850315E-010   794328.234724281502065918282836388524      
   3.3113112148259112E-010   794328.234724281502065918282836388524      
   4.4668359215096305E-010   794328.234724281502065918282836388524      
   6.0255958607435815E-010   794328.234724281502065918282836388524      
   8.1283051616409944E-010   794328.234724281502065918282836388524      
   1.0964781961431852E-009   794328.234724281502065918282836388524      
   1.4791083881682072E-009   794328.234724281502065918282836388524      
   1.9952623149688791E-009   794328.234724281502065918282836388524      
   2.6915348039269167E-009   794328.234724281502065918282836388524      
   3.6307805477010139E-009   794328.234724281502065918282836388524      
   4.8977881936844609E-009   794328.234724281502065918282836388524      
   6.6069344800759643E-009   794328.234724281502065918282836388524      
   8.9125093813374596E-009   794328.234724281502065918282836388524      
   1.2022644346174132E-008   794328.234724281502065918282836388524      
   1.6218100973589300E-008   794328.234724281502065918282836388524      
   2.1877616239495521E-008   794328.234724281502065918282836388524      
   2.9512092266663871E-008   794328.234724281502065918282836388524      
   3.9810717055349736E-008   794328.234724281502065918282836388524      
   5.3703179637025271E-008   794328.234724281502065918282836388524      
   7.2443596007499061E-008   794328.234724281502065918282836388524      
   9.7723722095581110E-008   794328.234724281502065918282836388524      
   1.3182567385564072E-007   794328.234724281502065918282836388524      
   1.7782794100389230E-007   794328.234724281502065918282836388524      
   2.3988329190194898E-007   794328.234724281502065918282836388524      
   3.2359365692962843E-007   794328.234724281502065918282836388524      
   4.3651583224016610E-007   794328.234724281502065918282836388524      
   5.8884365535558903E-007   794328.234724281502065918282836388524      
   7.9432823472428220E-007   794328.234724281502065918282836388524      
   1.0715193052376070E-006   794328.234724281502065918282836388524      
   1.4454397707459279E-006   794328.234724281502065918282836388524      
   1.9498445997580454E-006   794328.234724281502065918282836388524      
   2.6302679918953812E-006   794328.234724281502065918282836388524      
   3.5481338923357534E-006   794328.234724281502065918282836388524      
   4.7863009232263809E-006   794328.234724281502065918282836388524      
   6.4565422903465625E-006   794328.234724281502065918282836388524      
   8.7096358995608141E-006   794328.234724281502065918282836388524      
   1.1748975549395302E-005   794328.234724281502065918282836388524      
   1.5848931924611141E-005   794328.234724281502065918282836388524      
   2.1379620895022323E-005   794328.234724281502065918282836388524      
   2.8840315031266060E-005   794328.234724281502065918282836388524      
   3.8904514499428046E-005   794328.234724281502065918282836388524      
   5.2480746024977334E-005   794328.234724281502065918282836388524      
   7.0794578438413880E-005   794328.234724281502065918282836388524      
   9.5499258602143688E-005   794328.234724281502065918282836388524      
   1.2882495516931347E-004   794328.234724281502065918282836388524      
   1.7378008287493763E-004   794328.234724281502065918282836388524      
   2.3442288153199226E-004   794328.234724281502065918282836388524      
   3.1622776601683794E-004   794328.234724281502065918282836388524      
   4.2657951880159252E-004   794328.234724281502065918282836388524      
   5.7543993733715664E-004   794328.234724281502065918282836388524      
   7.7624711662869280E-004   794328.234724281502065918282836388524      
   1.0471285480509007E-003   794328.234724281502065918282836388524      
   1.4125375446227555E-003   794328.234724281502065918282836388524      
   1.9054607179632482E-003   794328.234724281502065918282836388524      
   2.5703957827688645E-003   794328.234724281502065918282836388524      
   3.4673685045253171E-003   794328.234724281502065918282836388524      
   4.6773514128719811E-003   794328.234724281502065918282836388524      
   6.3095734448019433E-003   794328.234724281502065918282836388524      
   8.5113803820237779E-003   794328.234724281502065918282836388524      
   1.1481536214968840E-002   794328.234724281502065918282836388524      
   1.5488166189124795E-002   794328.234724281502065918282836388524      
   2.0892961308540410E-002   794328.234724281502065918282836388524      
   2.8183829312644609E-002   794328.234724281502065918282836388524      
   3.8018939632056131E-002   794328.234724281502065918282836388524      
   5.1286138399136587E-002   794328.234724281502065918282836388524      
   6.9183097091893617E-002   794328.234724281502065918282836388524      
   9.3325430079699248E-002   794328.234724281502065918282836388524      
  0.12589254117941662        794328.234724281502065918282836388524      
  0.16982436524617459        794328.234724281502065918282836388524      
  0.22908676527677702        794328.234724281502065918282836388524      
  0.30902954325135917        794328.234724281502065918282836388524      
  0.41686938347033636        794328.234724281502065918282836388524      
  0.56234132519034918        794328.234724281502065918282836388524      
  0.75857757502918510        794328.234724281502065918282836388524      
   1.0232929922807537        794328.234724281502065918282836388524      
   1.3803842646028868        794328.234724281502065918282836388524      
   1.8620871366628655        794328.234724281502065918282836388524      
   2.5118864315095824        794328.234724281502065918282836388524      
   3.3884415613920345        794328.234724281502065918282836388524      
   4.5708818961487516        794328.234724281502065918282836388524      
   6.1659500186148355        794328.234724281502065918282836388524      
   8.3176377110267090        794328.234724281502065918282836388524      
   11.220184543019652        794328.234724281502065918282836388524      
   15.135612484362071        794328.234724281502065918282836388524      
   20.417379446695318        794328.234724281502065918282836388524      
   27.542287033381744        794328.234724281502065918282836388524      
   37.153522909717275        794328.234724281502065918282836388524      
   50.118723362727351        794328.234724281502065918282836388524      
   67.608297539198190        794328.234724281502065918282836388524      
   91.201083935591143        794328.234724281502065918282836388524      
   123.02687708123811        794328.234724281502065918282836388524      
   165.95869074375631        794328.234724281502065918282836388524      
   223.87211385683378        794328.234724281502065918282836388524      
   301.99517204020191        794328.234724281502065918282836388524      
   407.38027780411386        794328.234724281502065918282836388524      
   549.54087385762477        794328.234724281502065918282836388524      
   741.31024130091919        794328.234724281502065918282836388524      
   1000.0000000000000        794328.234724281502065918282836388524      
   1.0000000000000000E-010   891250.938133745529953108681078297306      
   1.3489628825916532E-010   891250.938133745529953108681078297306      
   1.8197008586099827E-010   891250.938133745529953108681078297306      
   2.4547089156850315E-010   891250.938133745529953108681078297306      
   3.3113112148259112E-010   891250.938133745529953108681078297306      
   4.4668359215096305E-010   891250.938133745529953108681078297306      
   6.0255958607435815E-010   891250.938133745529953108681078297306      
   8.1283051616409944E-010   891250.938133745529953108681078297306      
   1.0964781961431852E-009   891250.938133745529953108681078297306      
   1.4791083881682072E-009   891250.938133745529953108681078297306      
   1.9952623149688791E-009   891250.938133745529953108681078297306      
   2.6915348039269167E-009   891250.938133745529953108681078297306      
   3.6307805477010139E-009   891250.938133745529953108681078297306      
   4.8977881936844609E-009   891250.938133745529953108681078297306      
   6.6069344800759643E-009   891250.938133745529953108681078297306      
   8.9125093813374596E-009   891250.938133745529953108681078297306      
   1.2022644346174132E-008   891250.938133745529953108681078297306      
   1.6218100973589300E-008   891250.938133745529953108681078297306      
   2.1877616239495521E-008   891250.938133745529953108681078297306      
   2.9512092266663871E-008   891250.938133745529953108681078297306      
   3.9810717055349736E-008   891250.938133745529953108681078297306      
   5.3703179637025271E-008   891250.938133745529953108681078297306      
   7.2443596007499061E-008   891250.938133745529953108681078297306      
   9.7723722095581110E-008   891250.938133745529953108681078297306      
   1.3182567385564072E-007   891250.938133745529953108681078297306      
   1.7782794100389230E-007   891250.938133745529953108681078297306      
   2.3988329190194898E-007   891250.938133745529953108681078297306      
   3.2359365692962843E-007   891250.938133745529953108681078297306      
   4.3651583224016610E-007   891250.938133745529953108681078297306      
   5.8884365535558903E-007   891250.938133745529953108681078297306      
   7.9432823472428220E-007   891250.938133745529953108681078297306      
   1.0715193052376070E-006   891250.938133745529953108681078297306      
   1.4454397707459279E-006   891250.938133745529953108681078297306      
   1.9498445997580454E-006   891250.938133745529953108681078297306      
   2.6302679918953812E-006   891250.938133745529953108681078297306      
   3.5481338923357534E-006   891250.938133745529953108681078297306      
   4.7863009232263809E-006   891250.938133745529953108681078297306      
   6.4565422903465625E-006   891250.938133745529953108681078297306      
   8.7096358995608141E-006   891250.938133745529953108681078297306      
   1.1748975549395302E-005   891250.938133745529953108681078297306      
   1.5848931924611141E-005   891250.938133745529953108681078297306      
   2.1379620895022323E-005   891250.938133745529953108681078297306      
   2.8840315031266060E-005   891250.938133745529953108681078297306      
   3.8904514499428046E-005   891250.938133745529953108681078297306      
   5.2480746024977334E-005   891250.938133745529953108681078297306      
   7.0794578438413880E-005   891250.938133745529953108681078297306      
   9.5499258602143688E-005   891250.938133745529953108681078297306      
   1.2882495516931347E-004   891250.938133745529953108681078297306      
   1.7378008287493763E-004   891250.938133745529953108681078297306      
   2.3442288153199226E-004   891250.938133745529953108681078297306      
   3.1622776601683794E-004   891250.938133745529953108681078297306      
   4.2657951880159252E-004   891250.938133745529953108681078297306      
   5.7543993733715664E-004   891250.938133745529953108681078297306      
   7.7624711662869280E-004   891250.938133745529953108681078297306      
   1.0471285480509007E-003   891250.938133745529953108681078297306      
   1.4125375446227555E-003   891250.938133745529953108681078297306      
   1.9054607179632482E-003   891250.938133745529953108681078297306      
   2.5703957827688645E-003   891250.938133745529953108681078297306      
   3.4673685045253171E-003   891250.938133745529953108681078297306      
   4.6773514128719811E-003   891250.938133745529953108681078297306      
   6.3095734448019433E-003   891250.938133745529953108681078297306      
   8.5113803820237779E-003   891250.938133745529953108681078297306      
   1.1481536214968840E-002   891250.938133745529953108681078297306      
   1.5488166189124795E-002   891250.938133745529953108681078297306      
   2.0892961308540410E-002   891250.938133745529953108681078297306      
   2.8183829312644609E-002   891250.938133745529953108681078297306      
   3.8018939632056131E-002   891250.938133745529953108681078297306      
   5.1286138399136587E-002   891250.938133745529953108681078297306      
   6.9183097091893617E-002   891250.938133745529953108681078297306      
   9.3325430079699248E-002   891250.938133745529953108681078297306      
  0.12589254117941662        891250.938133745529953108681078297306      
  0.16982436524617459        891250.938133745529953108681078297306      
  0.22908676527677702        891250.938133745529953108681078297306      
  0.30902954325135917        891250.938133745529953108681078297306      
  0.41686938347033636        891250.938133745529953108681078297306      
  0.56234132519034918        891250.938133745529953108681078297306      
  0.75857757502918510        891250.938133745529953108681078297306      
   1.0232929922807537        891250.938133745529953108681078297306      
   1.3803842646028868        891250.938133745529953108681078297306      
   1.8620871366628655        891250.938133745529953108681078297306      
   2.5118864315095824        891250.938133745529953108681078297306      
   3.3884415613920345        891250.938133745529953108681078297306      
   4.5708818961487516        891250.938133745529953108681078297306      
   6.1659500186148355        891250.938133745529953108681078297306      
   8.3176377110267090        891250.938133745529953108681078297306      
   11.220184543019652        891250.938133745529953108681078297306      
   15.135612484362071        891250.938133745529953108681078297306      
   20.417379446695318        891250.938133745529953108681078297306      
   27.542287033381744        891250.938133745529953108681078297306      
   37.153522909717275        891250.938133745529953108681078297306      
   50.118723362727351        891250.938133745529953108681078297306      
   67.608297539198190        891250.938133745529953108681078297306      
   91.201083935591143        891250.938133745529953108681078297306      
   123.02687708123811        891250.938133745529953108681078297306      
   165.95869074375631        891250.938133745529953108681078297306      
   223.87211385683378        891250.938133745529953108681078297306      
   301.99517204020191        891250.938133745529953108681078297306      
   407.38027780411386        891250.938133745529953108681078297306      
   549.54087385762477        891250.938133745529953108681078297306      
   741.31024130091919        891250.938133745529953108681078297306      
   1000.0000000000000        891250.938133745529953108681078297306      
   1.0000000000000000E-010   1000000.00000000000000000000000000000      
   1.3489628825916532E-010   1000000.00000000000000000000000000000      
   1.8197008586099827E-010   1000000.00000000000000000000000000000      
   2.4547089156850315E-010   1000000.00000000000000000000000000000      
   3.3113112148259112E-010   1000000.00000000000000000000000000000      
   4.4668359215096305E-010   1000000.00000000000000000000000000000      
   6.0255958607435815E-010   1000000.00000000000000000000000000000      
   8.1283051616409944E-010   1000000.00000000000000000000000000000      
   1.0964781961431852E-009   1000000.00000000000000000000000000000      
   1.4791083881682072E-009   1000000.00000000000000000000000000000      
   1.9952623149688791E-009   1000000.00000000000000000000000000000      
   2.6915348039269167E-009   1000000.00000000000000000000000000000      
   3.6307805477010139E-009   1000000.00000000000000000000000000000      
   4.8977881936844609E-009   1000000.00000000000000000000000000000      
   6.6069344800759643E-009   1000000.00000000000000000000000000000      
   8.9125093813374596E-009   1000000.00000000000000000000000000000      
   1.2022644346174132E-008   1000000.00000000000000000000000000000      
   1.6218100973589300E-008   1000000.00000000000000000000000000000      
   2.1877616239495521E-008   1000000.00000000000000000000000000000      
   2.9512092266663871E-008   1000000.00000000000000000000000000000      
   3.9810717055349736E-008   1000000.00000000000000000000000000000      
   5.3703179637025271E-008   1000000.00000000000000000000000000000      
   7.2443596007499061E-008   1000000.00000000000000000000000000000      
   9.7723722095581110E-008   1000000.00000000000000000000000000000      
   1.3182567385564072E-007   1000000.00000000000000000000000000000      
   1.7782794100389230E-007   1000000.00000000000000000000000000000      
   2.3988329190194898E-007   1000000.00000000000000000000000000000      
   3.2359365692962843E-007   1000000.00000000000000000000000000000      
   4.3651583224016610E-007   1000000.00000000000000000000000000000      
   5.8884365535558903E-007   1000000.00000000000000000000000000000      
   7.9432823472428220E-007   1000000.00000000000000000000000000000      
   1.0715193052376070E-006   1000000.00000000000000000000000000000      
   1.4454397707459279E-006   1000000.00000000000000000000000000000      
   1.9498445997580454E-006   1000000.00000000000000000000000000000      
   2.6302679918953812E-006   1000000.00000000000000000000000000000      
   3.5481338923357534E-006   1000000.00000000000000000000000000000      
   4.7863009232263809E-006   1000000.00000000000000000000000000000      
   6.4565422903465625E-006   1000000.00000000000000000000000000000      
   8.7096358995608141E-006   1000000.00000000000000000000000000000      
   1.1748975549395302E-005   1000000.00000000000000000000000000000      
   1.5848931924611141E-005   1000000.00000000000000000000000000000      
   2.1379620895022323E-005   1000000.00000000000000000000000000000      
   2.8840315031266060E-005   1000000.00000000000000000000000000000      
   3.8904514499428046E-005   1000000.00000000000000000000000000000      
   5.2480746024977334E-005   1000000.00000000000000000000000000000      
   7.0794578438413880E-005   1000000.00000000000000000000000000000      
   9.5499258602143688E-005   1000000.00000000000000000000000000000      
   1.2882495516931347E-004   1000000.00000000000000000000000000000      
   1.7378008287493763E-004   1000000.00000000000000000000000000000      
   2.3442288153199226E-004   1000000.00000000000000000000000000000      
   3.1622776601683794E-004   1000000.00000000000000000000000000000      
   4.2657951880159252E-004   1000000.00000000000000000000000000000      
   5.7543993733715664E-004   1000000.00000000000000000000000000000      
   7.7624711662869280E-004   1000000.00000000000000000000000000000      
   1.0471285480509007E-003   1000000.00000000000000000000000000000      
   1.4125375446227555E-003   1000000.00000000000000000000000000000      
   1.9054607179632482E-003   1000000.00000000000000000000000000000      
   2.5703957827688645E-003   1000000.00000000000000000000000000000      
   3.4673685045253171E-003   1000000.00000000000000000000000000000      
   4.6773514128719811E-003   1000000.00000000000000000000000000000      
   6.3095734448019433E-003   1000000.00000000000000000000000000000      
   8.5113803820237779E-003   1000000.00000000000000000000000000000      
   1.1481536214968840E-002   1000000.00000000000000000000000000000      
   1.5488166189124795E-002   1000000.00000000000000000000000000000      
   2.0892961308540410E-002   1000000.00000000000000000000000000000      
   2.8183829312644609E-002   1000000.00000000000000000000000000000      
   3.8018939632056131E-002   1000000.00000000000000000000000000000      
   5.1286138399136587E-002   1000000.00000000000000000000000000000      
   6.9183097091893617E-002   1000000.00000000000000000000000000000      
   9.3325430079699248E-002   1000000.00000000000000000000000000000      
  0.12589254117941662        1000000.00000000000000000000000000000      
  0.16982436524617459        1000000.00000000000000000000000000000      
  0.22908676527677702        1000000.00000000000000000000000000000      
  0.30902954325135917        1000000.00000000000000000000000000000      
  0.41686938347033636        1000000.00000000000000000000000000000      
  0.56234132519034918        1000000.00000000000000000000000000000      
  0.75857757502918510        1000000.00000000000000000000000000000      
   1.0232929922807537        1000000.00000000000000000000000000000      
   1.3803842646028868        1000000.00000000000000000000000000000      
   1.8620871366628655        1000000.00000000000000000000000000000      
   2.5118864315095824        1000000.00000000000000000000000000000      
   3.3884415613920345        1000000.00000000000000000000000000000      
   4.5708818961487516        1000000.00000000000000000000000000000      
   6.1659500186148355        1000000.00000000000000000000000000000      
   8.3176377110267090        1000000.00000000000000000000000000000      
   11.220184543019652        1000000.00000000000000000000000000000      
   15.135612484362071        1000000.00000000000000000000000000000      
   20.417379446695318        1000000.00000000000000000000000000000      
   27.542287033381744        1000000.00000000000000000000000000000      
   37.153522909717275        1000000.00000000000000000000000000000      
   50.118723362727351        1000000.00000000000000000000000000000      
   67.608297539198190        1000000.00000000000000000000000000000      
   91.201083935591143        1000000.00000000000000000000000000000      
   123.02687708123811        1000000.00000000000000000000000000000      
   165.95869074375631        1000000.00000000000000000000000000000      
   223.87211385683378        1000000.00000000000000000000000000000      
   301.99517204020191        1000000.00000000000000000000000000000      
   407.38027780411386        1000000.00000000000000000000000000000      
   549.54087385762477        1000000.00000000000000000000000000000      
   741.31024130091919        1000000.00000000000000000000000000000      
   1000.0000000000000        1000000.00000000000000000000000000000      
   1.0000000000000000E-010   1122018.45430196343559103894647790741      
   1.3489628825916532E-010   1122018.45430196343559103894647790741      
   1.8197008586099827E-010   1122018.45430196343559103894647790741      
   2.4547089156850315E-010   1122018.45430196343559103894647790741      
   3.3113112148259112E-010   1122018.45430196343559103894647790741      
   4.4668359215096305E-010   1122018.45430196343559103894647790741      
   6.0255958607435815E-010   1122018.45430196343559103894647790741      
   8.1283051616409944E-010   1122018.45430196343559103894647790741      
   1.0964781961431852E-009   1122018.45430196343559103894647790741      
   1.4791083881682072E-009   1122018.45430196343559103894647790741      
   1.9952623149688791E-009   1122018.45430196343559103894647790741      
   2.6915348039269167E-009   1122018.45430196343559103894647790741      
   3.6307805477010139E-009   1122018.45430196343559103894647790741      
   4.8977881936844609E-009   1122018.45430196343559103894647790741      
   6.6069344800759643E-009   1122018.45430196343559103894647790741      
   8.9125093813374596E-009   1122018.45430196343559103894647790741      
   1.2022644346174132E-008   1122018.45430196343559103894647790741      
   1.6218100973589300E-008   1122018.45430196343559103894647790741      
   2.1877616239495521E-008   1122018.45430196343559103894647790741      
   2.9512092266663871E-008   1122018.45430196343559103894647790741      
   3.9810717055349736E-008   1122018.45430196343559103894647790741      
   5.3703179637025271E-008   1122018.45430196343559103894647790741      
   7.2443596007499061E-008   1122018.45430196343559103894647790741      
   9.7723722095581110E-008   1122018.45430196343559103894647790741      
   1.3182567385564072E-007   1122018.45430196343559103894647790741      
   1.7782794100389230E-007   1122018.45430196343559103894647790741      
   2.3988329190194898E-007   1122018.45430196343559103894647790741      
   3.2359365692962843E-007   1122018.45430196343559103894647790741      
   4.3651583224016610E-007   1122018.45430196343559103894647790741      
   5.8884365535558903E-007   1122018.45430196343559103894647790741      
   7.9432823472428220E-007   1122018.45430196343559103894647790741      
   1.0715193052376070E-006   1122018.45430196343559103894647790741      
   1.4454397707459279E-006   1122018.45430196343559103894647790741      
   1.9498445997580454E-006   1122018.45430196343559103894647790741      
   2.6302679918953812E-006   1122018.45430196343559103894647790741      
   3.5481338923357534E-006   1122018.45430196343559103894647790741      
   4.7863009232263809E-006   1122018.45430196343559103894647790741      
   6.4565422903465625E-006   1122018.45430196343559103894647790741      
   8.7096358995608141E-006   1122018.45430196343559103894647790741      
   1.1748975549395302E-005   1122018.45430196343559103894647790741      
   1.5848931924611141E-005   1122018.45430196343559103894647790741      
   2.1379620895022323E-005   1122018.45430196343559103894647790741      
   2.8840315031266060E-005   1122018.45430196343559103894647790741      
   3.8904514499428046E-005   1122018.45430196343559103894647790741      
   5.2480746024977334E-005   1122018.45430196343559103894647790741      
   7.0794578438413880E-005   1122018.45430196343559103894647790741      
   9.5499258602143688E-005   1122018.45430196343559103894647790741      
   1.2882495516931347E-004   1122018.45430196343559103894647790741      
   1.7378008287493763E-004   1122018.45430196343559103894647790741      
   2.3442288153199226E-004   1122018.45430196343559103894647790741      
   3.1622776601683794E-004   1122018.45430196343559103894647790741      
   4.2657951880159252E-004   1122018.45430196343559103894647790741      
   5.7543993733715664E-004   1122018.45430196343559103894647790741      
   7.7624711662869280E-004   1122018.45430196343559103894647790741      
   1.0471285480509007E-003   1122018.45430196343559103894647790741      
   1.4125375446227555E-003   1122018.45430196343559103894647790741      
   1.9054607179632482E-003   1122018.45430196343559103894647790741      
   2.5703957827688645E-003   1122018.45430196343559103894647790741      
   3.4673685045253171E-003   1122018.45430196343559103894647790741      
   4.6773514128719811E-003   1122018.45430196343559103894647790741      
   6.3095734448019433E-003   1122018.45430196343559103894647790741      
   8.5113803820237779E-003   1122018.45430196343559103894647790741      
   1.1481536214968840E-002   1122018.45430196343559103894647790741      
   1.5488166189124795E-002   1122018.45430196343559103894647790741      
   2.0892961308540410E-002   1122018.45430196343559103894647790741      
   2.8183829312644609E-002   1122018.45430196343559103894647790741      
   3.8018939632056131E-002   1122018.45430196343559103894647790741      
   5.1286138399136587E-002   1122018.45430196343559103894647790741      
   6.9183097091893617E-002   1122018.45430196343559103894647790741      
   9.3325430079699248E-002   1122018.45430196343559103894647790741      
  0.12589254117941662        1122018.45430196343559103894647790741      
  0.16982436524617459        1122018.45430196343559103894647790741      
  0.22908676527677702        1122018.45430196343559103894647790741      
  0.30902954325135917        1122018.45430196343559103894647790741      
  0.41686938347033636        1122018.45430196343559103894647790741      
  0.56234132519034918        1122018.45430196343559103894647790741      
  0.75857757502918510        1122018.45430196343559103894647790741      
   1.0232929922807537        1122018.45430196343559103894647790741      
   1.3803842646028868        1122018.45430196343559103894647790741      
   1.8620871366628655        1122018.45430196343559103894647790741      
   2.5118864315095824        1122018.45430196343559103894647790741      
   3.3884415613920345        1122018.45430196343559103894647790741      
   4.5708818961487516        1122018.45430196343559103894647790741      
   6.1659500186148355        1122018.45430196343559103894647790741      
   8.3176377110267090        1122018.45430196343559103894647790741      
   11.220184543019652        1122018.45430196343559103894647790741      
   15.135612484362071        1122018.45430196343559103894647790741      
   20.417379446695318        1122018.45430196343559103894647790741      
   27.542287033381744        1122018.45430196343559103894647790741      
   37.153522909717275        1122018.45430196343559103894647790741      
   50.118723362727351        1122018.45430196343559103894647790741      
   67.608297539198190        1122018.45430196343559103894647790741      
   91.201083935591143        1122018.45430196343559103894647790741      
   123.02687708123811        1122018.45430196343559103894647790741      
   165.95869074375631        1122018.45430196343559103894647790741      
   223.87211385683378        1122018.45430196343559103894647790741      
   301.99517204020191        1122018.45430196343559103894647790741      
   407.38027780411386        1122018.45430196343559103894647790741      
   549.54087385762477        1122018.45430196343559103894647790741      
   741.31024130091919        1122018.45430196343559103894647790741      
   1000.0000000000000        1122018.45430196343559103894647790741      
   1.0000000000000000E-010   1258925.41179416721042395410639579978      
   1.3489628825916532E-010   1258925.41179416721042395410639579978      
   1.8197008586099827E-010   1258925.41179416721042395410639579978      
   2.4547089156850315E-010   1258925.41179416721042395410639579978      
   3.3113112148259112E-010   1258925.41179416721042395410639579978      
   4.4668359215096305E-010   1258925.41179416721042395410639579978      
   6.0255958607435815E-010   1258925.41179416721042395410639579978      
   8.1283051616409944E-010   1258925.41179416721042395410639579978      
   1.0964781961431852E-009   1258925.41179416721042395410639579978      
   1.4791083881682072E-009   1258925.41179416721042395410639579978      
   1.9952623149688791E-009   1258925.41179416721042395410639579978      
   2.6915348039269167E-009   1258925.41179416721042395410639579978      
   3.6307805477010139E-009   1258925.41179416721042395410639579978      
   4.8977881936844609E-009   1258925.41179416721042395410639579978      
   6.6069344800759643E-009   1258925.41179416721042395410639579978      
   8.9125093813374596E-009   1258925.41179416721042395410639579978      
   1.2022644346174132E-008   1258925.41179416721042395410639579978      
   1.6218100973589300E-008   1258925.41179416721042395410639579978      
   2.1877616239495521E-008   1258925.41179416721042395410639579978      
   2.9512092266663871E-008   1258925.41179416721042395410639579978      
   3.9810717055349736E-008   1258925.41179416721042395410639579978      
   5.3703179637025271E-008   1258925.41179416721042395410639579978      
   7.2443596007499061E-008   1258925.41179416721042395410639579978      
   9.7723722095581110E-008   1258925.41179416721042395410639579978      
   1.3182567385564072E-007   1258925.41179416721042395410639579978      
   1.7782794100389230E-007   1258925.41179416721042395410639579978      
   2.3988329190194898E-007   1258925.41179416721042395410639579978      
   3.2359365692962843E-007   1258925.41179416721042395410639579978      
   4.3651583224016610E-007   1258925.41179416721042395410639579978      
   5.8884365535558903E-007   1258925.41179416721042395410639579978      
   7.9432823472428220E-007   1258925.41179416721042395410639579978      
   1.0715193052376070E-006   1258925.41179416721042395410639579978      
   1.4454397707459279E-006   1258925.41179416721042395410639579978      
   1.9498445997580454E-006   1258925.41179416721042395410639579978      
   2.6302679918953812E-006   1258925.41179416721042395410639579978      
   3.5481338923357534E-006   1258925.41179416721042395410639579978      
   4.7863009232263809E-006   1258925.41179416721042395410639579978      
   6.4565422903465625E-006   1258925.41179416721042395410639579978      
   8.7096358995608141E-006   1258925.41179416721042395410639579978      
   1.1748975549395302E-005   1258925.41179416721042395410639579978      
   1.5848931924611141E-005   1258925.41179416721042395410639579978      
   2.1379620895022323E-005   1258925.41179416721042395410639579978      
   2.8840315031266060E-005   1258925.41179416721042395410639579978      
   3.8904514499428046E-005   1258925.41179416721042395410639579978      
   5.2480746024977334E-005   1258925.41179416721042395410639579978      
   7.0794578438413880E-005   1258925.41179416721042395410639579978      
   9.5499258602143688E-005   1258925.41179416721042395410639579978      
   1.2882495516931347E-004   1258925.41179416721042395410639579978      
   1.7378008287493763E-004   1258925.41179416721042395410639579978      
   2.3442288153199226E-004   1258925.41179416721042395410639579978      
   3.1622776601683794E-004   1258925.41179416721042395410639579978      
   4.2657951880159252E-004   1258925.41179416721042395410639579978      
   5.7543993733715664E-004   1258925.41179416721042395410639579978      
   7.7624711662869280E-004   1258925.41179416721042395410639579978      
   1.0471285480509007E-003   1258925.41179416721042395410639579978      
   1.4125375446227555E-003   1258925.41179416721042395410639579978      
   1.9054607179632482E-003   1258925.41179416721042395410639579978      
   2.5703957827688645E-003   1258925.41179416721042395410639579978      
   3.4673685045253171E-003   1258925.41179416721042395410639579978      
   4.6773514128719811E-003   1258925.41179416721042395410639579978      
   6.3095734448019433E-003   1258925.41179416721042395410639579978      
   8.5113803820237779E-003   1258925.41179416721042395410639579978      
   1.1481536214968840E-002   1258925.41179416721042395410639579978      
   1.5488166189124795E-002   1258925.41179416721042395410639579978      
   2.0892961308540410E-002   1258925.41179416721042395410639579978      
   2.8183829312644609E-002   1258925.41179416721042395410639579978      
   3.8018939632056131E-002   1258925.41179416721042395410639579978      
   5.1286138399136587E-002   1258925.41179416721042395410639579978      
   6.9183097091893617E-002   1258925.41179416721042395410639579978      
   9.3325430079699248E-002   1258925.41179416721042395410639579978      
  0.12589254117941662        1258925.41179416721042395410639579978      
  0.16982436524617459        1258925.41179416721042395410639579978      
  0.22908676527677702        1258925.41179416721042395410639579978      
  0.30902954325135917        1258925.41179416721042395410639579978      
  0.41686938347033636        1258925.41179416721042395410639579978      
  0.56234132519034918        1258925.41179416721042395410639579978      
  0.75857757502918510        1258925.41179416721042395410639579978      
   1.0232929922807537        1258925.41179416721042395410639579978      
   1.3803842646028868        1258925.41179416721042395410639579978      
   1.8620871366628655        1258925.41179416721042395410639579978      
   2.5118864315095824        1258925.41179416721042395410639579978      
   3.3884415613920345        1258925.41179416721042395410639579978      
   4.5708818961487516        1258925.41179416721042395410639579978      
   6.1659500186148355        1258925.41179416721042395410639579978      
   8.3176377110267090        1258925.41179416721042395410639579978      
   11.220184543019652        1258925.41179416721042395410639579978      
   15.135612484362071        1258925.41179416721042395410639579978      
   20.417379446695318        1258925.41179416721042395410639579978      
   27.542287033381744        1258925.41179416721042395410639579978      
   37.153522909717275        1258925.41179416721042395410639579978      
   50.118723362727351        1258925.41179416721042395410639579978      
   67.608297539198190        1258925.41179416721042395410639579978      
   91.201083935591143        1258925.41179416721042395410639579978      
   123.02687708123811        1258925.41179416721042395410639579978      
   165.95869074375631        1258925.41179416721042395410639579978      
   223.87211385683378        1258925.41179416721042395410639579978      
   301.99517204020191        1258925.41179416721042395410639579978      
   407.38027780411386        1258925.41179416721042395410639579978      
   549.54087385762477        1258925.41179416721042395410639579978      
   741.31024130091919        1258925.41179416721042395410639579978      
   1000.0000000000000        1258925.41179416721042395410639579978      
   1.0000000000000000E-010   1412537.54462275430215560786393024202      
   1.3489628825916532E-010   1412537.54462275430215560786393024202      
   1.8197008586099827E-010   1412537.54462275430215560786393024202      
   2.4547089156850315E-010   1412537.54462275430215560786393024202      
   3.3113112148259112E-010   1412537.54462275430215560786393024202      
   4.4668359215096305E-010   1412537.54462275430215560786393024202      
   6.0255958607435815E-010   1412537.54462275430215560786393024202      
   8.1283051616409944E-010   1412537.54462275430215560786393024202      
   1.0964781961431852E-009   1412537.54462275430215560786393024202      
   1.4791083881682072E-009   1412537.54462275430215560786393024202      
   1.9952623149688791E-009   1412537.54462275430215560786393024202      
   2.6915348039269167E-009   1412537.54462275430215560786393024202      
   3.6307805477010139E-009   1412537.54462275430215560786393024202      
   4.8977881936844609E-009   1412537.54462275430215560786393024202      
   6.6069344800759643E-009   1412537.54462275430215560786393024202      
   8.9125093813374596E-009   1412537.54462275430215560786393024202      
   1.2022644346174132E-008   1412537.54462275430215560786393024202      
   1.6218100973589300E-008   1412537.54462275430215560786393024202      
   2.1877616239495521E-008   1412537.54462275430215560786393024202      
   2.9512092266663871E-008   1412537.54462275430215560786393024202      
   3.9810717055349736E-008   1412537.54462275430215560786393024202      
   5.3703179637025271E-008   1412537.54462275430215560786393024202      
   7.2443596007499061E-008   1412537.54462275430215560786393024202      
   9.7723722095581110E-008   1412537.54462275430215560786393024202      
   1.3182567385564072E-007   1412537.54462275430215560786393024202      
   1.7782794100389230E-007   1412537.54462275430215560786393024202      
   2.3988329190194898E-007   1412537.54462275430215560786393024202      
   3.2359365692962843E-007   1412537.54462275430215560786393024202      
   4.3651583224016610E-007   1412537.54462275430215560786393024202      
   5.8884365535558903E-007   1412537.54462275430215560786393024202      
   7.9432823472428220E-007   1412537.54462275430215560786393024202      
   1.0715193052376070E-006   1412537.54462275430215560786393024202      
   1.4454397707459279E-006   1412537.54462275430215560786393024202      
   1.9498445997580454E-006   1412537.54462275430215560786393024202      
   2.6302679918953812E-006   1412537.54462275430215560786393024202      
   3.5481338923357534E-006   1412537.54462275430215560786393024202      
   4.7863009232263809E-006   1412537.54462275430215560786393024202      
   6.4565422903465625E-006   1412537.54462275430215560786393024202      
   8.7096358995608141E-006   1412537.54462275430215560786393024202      
   1.1748975549395302E-005   1412537.54462275430215560786393024202      
   1.5848931924611141E-005   1412537.54462275430215560786393024202      
   2.1379620895022323E-005   1412537.54462275430215560786393024202      
   2.8840315031266060E-005   1412537.54462275430215560786393024202      
   3.8904514499428046E-005   1412537.54462275430215560786393024202      
   5.2480746024977334E-005   1412537.54462275430215560786393024202      
   7.0794578438413880E-005   1412537.54462275430215560786393024202      
   9.5499258602143688E-005   1412537.54462275430215560786393024202      
   1.2882495516931347E-004   1412537.54462275430215560786393024202      
   1.7378008287493763E-004   1412537.54462275430215560786393024202      
   2.3442288153199226E-004   1412537.54462275430215560786393024202      
   3.1622776601683794E-004   1412537.54462275430215560786393024202      
   4.2657951880159252E-004   1412537.54462275430215560786393024202      
   5.7543993733715664E-004   1412537.54462275430215560786393024202      
   7.7624711662869280E-004   1412537.54462275430215560786393024202      
   1.0471285480509007E-003   1412537.54462275430215560786393024202      
   1.4125375446227555E-003   1412537.54462275430215560786393024202      
   1.9054607179632482E-003   1412537.54462275430215560786393024202      
   2.5703957827688645E-003   1412537.54462275430215560786393024202      
   3.4673685045253171E-003   1412537.54462275430215560786393024202      
   4.6773514128719811E-003   1412537.54462275430215560786393024202      
   6.3095734448019433E-003   1412537.54462275430215560786393024202      
   8.5113803820237779E-003   1412537.54462275430215560786393024202      
   1.1481536214968840E-002   1412537.54462275430215560786393024202      
   1.5488166189124795E-002   1412537.54462275430215560786393024202      
   2.0892961308540410E-002   1412537.54462275430215560786393024202      
   2.8183829312644609E-002   1412537.54462275430215560786393024202      
   3.8018939632056131E-002   1412537.54462275430215560786393024202      
   5.1286138399136587E-002   1412537.54462275430215560786393024202      
   6.9183097091893617E-002   1412537.54462275430215560786393024202      
   9.3325430079699248E-002   1412537.54462275430215560786393024202      
  0.12589254117941662        1412537.54462275430215560786393024202      
  0.16982436524617459        1412537.54462275430215560786393024202      
  0.22908676527677702        1412537.54462275430215560786393024202      
  0.30902954325135917        1412537.54462275430215560786393024202      
  0.41686938347033636        1412537.54462275430215560786393024202      
  0.56234132519034918        1412537.54462275430215560786393024202      
  0.75857757502918510        1412537.54462275430215560786393024202      
   1.0232929922807537        1412537.54462275430215560786393024202      
   1.3803842646028868        1412537.54462275430215560786393024202      
   1.8620871366628655        1412537.54462275430215560786393024202      
   2.5118864315095824        1412537.54462275430215560786393024202      
   3.3884415613920345        1412537.54462275430215560786393024202      
   4.5708818961487516        1412537.54462275430215560786393024202      
   6.1659500186148355        1412537.54462275430215560786393024202      
   8.3176377110267090        1412537.54462275430215560786393024202      
   11.220184543019652        1412537.54462275430215560786393024202      
   15.135612484362071        1412537.54462275430215560786393024202      
   20.417379446695318        1412537.54462275430215560786393024202      
   27.542287033381744        1412537.54462275430215560786393024202      
   37.153522909717275        1412537.54462275430215560786393024202      
   50.118723362727351        1412537.54462275430215560786393024202      
   67.608297539198190        1412537.54462275430215560786393024202      
   91.201083935591143        1412537.54462275430215560786393024202      
   123.02687708123811        1412537.54462275430215560786393024202      
   165.95869074375631        1412537.54462275430215560786393024202      
   223.87211385683378        1412537.54462275430215560786393024202      
   301.99517204020191        1412537.54462275430215560786393024202      
   407.38027780411386        1412537.54462275430215560786393024202      
   549.54087385762477        1412537.54462275430215560786393024202      
   741.31024130091919        1412537.54462275430215560786393024202      
   1000.0000000000000        1412537.54462275430215560786393024202      
   1.0000000000000000E-010   1584893.19246111348520210137339150766      
   1.3489628825916532E-010   1584893.19246111348520210137339150766      
   1.8197008586099827E-010   1584893.19246111348520210137339150766      
   2.4547089156850315E-010   1584893.19246111348520210137339150766      
   3.3113112148259112E-010   1584893.19246111348520210137339150766      
   4.4668359215096305E-010   1584893.19246111348520210137339150766      
   6.0255958607435815E-010   1584893.19246111348520210137339150766      
   8.1283051616409944E-010   1584893.19246111348520210137339150766      
   1.0964781961431852E-009   1584893.19246111348520210137339150766      
   1.4791083881682072E-009   1584893.19246111348520210137339150766      
   1.9952623149688791E-009   1584893.19246111348520210137339150766      
   2.6915348039269167E-009   1584893.19246111348520210137339150766      
   3.6307805477010139E-009   1584893.19246111348520210137339150766      
   4.8977881936844609E-009   1584893.19246111348520210137339150766      
   6.6069344800759643E-009   1584893.19246111348520210137339150766      
   8.9125093813374596E-009   1584893.19246111348520210137339150766      
   1.2022644346174132E-008   1584893.19246111348520210137339150766      
   1.6218100973589300E-008   1584893.19246111348520210137339150766      
   2.1877616239495521E-008   1584893.19246111348520210137339150766      
   2.9512092266663871E-008   1584893.19246111348520210137339150766      
   3.9810717055349736E-008   1584893.19246111348520210137339150766      
   5.3703179637025271E-008   1584893.19246111348520210137339150766      
   7.2443596007499061E-008   1584893.19246111348520210137339150766      
   9.7723722095581110E-008   1584893.19246111348520210137339150766      
   1.3182567385564072E-007   1584893.19246111348520210137339150766      
   1.7782794100389230E-007   1584893.19246111348520210137339150766      
   2.3988329190194898E-007   1584893.19246111348520210137339150766      
   3.2359365692962843E-007   1584893.19246111348520210137339150766      
   4.3651583224016610E-007   1584893.19246111348520210137339150766      
   5.8884365535558903E-007   1584893.19246111348520210137339150766      
   7.9432823472428220E-007   1584893.19246111348520210137339150766      
   1.0715193052376070E-006   1584893.19246111348520210137339150766      
   1.4454397707459279E-006   1584893.19246111348520210137339150766      
   1.9498445997580454E-006   1584893.19246111348520210137339150766      
   2.6302679918953812E-006   1584893.19246111348520210137339150766      
   3.5481338923357534E-006   1584893.19246111348520210137339150766      
   4.7863009232263809E-006   1584893.19246111348520210137339150766      
   6.4565422903465625E-006   1584893.19246111348520210137339150766      
   8.7096358995608141E-006   1584893.19246111348520210137339150766      
   1.1748975549395302E-005   1584893.19246111348520210137339150766      
   1.5848931924611141E-005   1584893.19246111348520210137339150766      
   2.1379620895022323E-005   1584893.19246111348520210137339150766      
   2.8840315031266060E-005   1584893.19246111348520210137339150766      
   3.8904514499428046E-005   1584893.19246111348520210137339150766      
   5.2480746024977334E-005   1584893.19246111348520210137339150766      
   7.0794578438413880E-005   1584893.19246111348520210137339150766      
   9.5499258602143688E-005   1584893.19246111348520210137339150766      
   1.2882495516931347E-004   1584893.19246111348520210137339150766      
   1.7378008287493763E-004   1584893.19246111348520210137339150766      
   2.3442288153199226E-004   1584893.19246111348520210137339150766      
   3.1622776601683794E-004   1584893.19246111348520210137339150766      
   4.2657951880159252E-004   1584893.19246111348520210137339150766      
   5.7543993733715664E-004   1584893.19246111348520210137339150766      
   7.7624711662869280E-004   1584893.19246111348520210137339150766      
   1.0471285480509007E-003   1584893.19246111348520210137339150766      
   1.4125375446227555E-003   1584893.19246111348520210137339150766      
   1.9054607179632482E-003   1584893.19246111348520210137339150766      
   2.5703957827688645E-003   1584893.19246111348520210137339150766      
   3.4673685045253171E-003   1584893.19246111348520210137339150766      
   4.6773514128719811E-003   1584893.19246111348520210137339150766      
   6.3095734448019433E-003   1584893.19246111348520210137339150766      
   8.5113803820237779E-003   1584893.19246111348520210137339150766      
   1.1481536214968840E-002   1584893.19246111348520210137339150766      
   1.5488166189124795E-002   1584893.19246111348520210137339150766      
   2.0892961308540410E-002   1584893.19246111348520210137339150766      
   2.8183829312644609E-002   1584893.19246111348520210137339150766      
   3.8018939632056131E-002   1584893.19246111348520210137339150766      
   5.1286138399136587E-002   1584893.19246111348520210137339150766      
   6.9183097091893617E-002   1584893.19246111348520210137339150766      
   9.3325430079699248E-002   1584893.19246111348520210137339150766      
  0.12589254117941662        1584893.19246111348520210137339150766      
  0.16982436524617459        1584893.19246111348520210137339150766      
  0.22908676527677702        1584893.19246111348520210137339150766      
  0.30902954325135917        1584893.19246111348520210137339150766      
  0.41686938347033636        1584893.19246111348520210137339150766      
  0.56234132519034918        1584893.19246111348520210137339150766      
  0.75857757502918510        1584893.19246111348520210137339150766      
   1.0232929922807537        1584893.19246111348520210137339150766      
   1.3803842646028868        1584893.19246111348520210137339150766      
   1.8620871366628655        1584893.19246111348520210137339150766      
   2.5118864315095824        1584893.19246111348520210137339150766      
   3.3884415613920345        1584893.19246111348520210137339150766      
   4.5708818961487516        1584893.19246111348520210137339150766      
   6.1659500186148355        1584893.19246111348520210137339150766      
   8.3176377110267090        1584893.19246111348520210137339150766      
   11.220184543019652        1584893.19246111348520210137339150766      
   15.135612484362071        1584893.19246111348520210137339150766      
   20.417379446695318        1584893.19246111348520210137339150766      
   27.542287033381744        1584893.19246111348520210137339150766      
   37.153522909717275        1584893.19246111348520210137339150766      
   50.118723362727351        1584893.19246111348520210137339150766      
   67.608297539198190        1584893.19246111348520210137339150766      
   91.201083935591143        1584893.19246111348520210137339150766      
   123.02687708123811        1584893.19246111348520210137339150766      
   165.95869074375631        1584893.19246111348520210137339150766      
   223.87211385683378        1584893.19246111348520210137339150766      
   301.99517204020191        1584893.19246111348520210137339150766      
   407.38027780411386        1584893.19246111348520210137339150766      
   549.54087385762477        1584893.19246111348520210137339150766      
   741.31024130091919        1584893.19246111348520210137339150766      
   1000.0000000000000        1584893.19246111348520210137339150766      
   1.0000000000000000E-010   1778279.41003892280122542119519268493      
   1.3489628825916532E-010   1778279.41003892280122542119519268493      
   1.8197008586099827E-010   1778279.41003892280122542119519268493      
   2.4547089156850315E-010   1778279.41003892280122542119519268493      
   3.3113112148259112E-010   1778279.41003892280122542119519268493      
   4.4668359215096305E-010   1778279.41003892280122542119519268493      
   6.0255958607435815E-010   1778279.41003892280122542119519268493      
   8.1283051616409944E-010   1778279.41003892280122542119519268493      
   1.0964781961431852E-009   1778279.41003892280122542119519268493      
   1.4791083881682072E-009   1778279.41003892280122542119519268493      
   1.9952623149688791E-009   1778279.41003892280122542119519268493      
   2.6915348039269167E-009   1778279.41003892280122542119519268493      
   3.6307805477010139E-009   1778279.41003892280122542119519268493      
   4.8977881936844609E-009   1778279.41003892280122542119519268493      
   6.6069344800759643E-009   1778279.41003892280122542119519268493      
   8.9125093813374596E-009   1778279.41003892280122542119519268493      
   1.2022644346174132E-008   1778279.41003892280122542119519268493      
   1.6218100973589300E-008   1778279.41003892280122542119519268493      
   2.1877616239495521E-008   1778279.41003892280122542119519268493      
   2.9512092266663871E-008   1778279.41003892280122542119519268493      
   3.9810717055349736E-008   1778279.41003892280122542119519268493      
   5.3703179637025271E-008   1778279.41003892280122542119519268493      
   7.2443596007499061E-008   1778279.41003892280122542119519268493      
   9.7723722095581110E-008   1778279.41003892280122542119519268493      
   1.3182567385564072E-007   1778279.41003892280122542119519268493      
   1.7782794100389230E-007   1778279.41003892280122542119519268493      
   2.3988329190194898E-007   1778279.41003892280122542119519268493      
   3.2359365692962843E-007   1778279.41003892280122542119519268493      
   4.3651583224016610E-007   1778279.41003892280122542119519268493      
   5.8884365535558903E-007   1778279.41003892280122542119519268493      
   7.9432823472428220E-007   1778279.41003892280122542119519268493      
   1.0715193052376070E-006   1778279.41003892280122542119519268493      
   1.4454397707459279E-006   1778279.41003892280122542119519268493      
   1.9498445997580454E-006   1778279.41003892280122542119519268493      
   2.6302679918953812E-006   1778279.41003892280122542119519268493      
   3.5481338923357534E-006   1778279.41003892280122542119519268493      
   4.7863009232263809E-006   1778279.41003892280122542119519268493      
   6.4565422903465625E-006   1778279.41003892280122542119519268493      
   8.7096358995608141E-006   1778279.41003892280122542119519268493      
   1.1748975549395302E-005   1778279.41003892280122542119519268493      
   1.5848931924611141E-005   1778279.41003892280122542119519268493      
   2.1379620895022323E-005   1778279.41003892280122542119519268493      
   2.8840315031266060E-005   1778279.41003892280122542119519268493      
   3.8904514499428046E-005   1778279.41003892280122542119519268493      
   5.2480746024977334E-005   1778279.41003892280122542119519268493      
   7.0794578438413880E-005   1778279.41003892280122542119519268493      
   9.5499258602143688E-005   1778279.41003892280122542119519268493      
   1.2882495516931347E-004   1778279.41003892280122542119519268493      
   1.7378008287493763E-004   1778279.41003892280122542119519268493      
   2.3442288153199226E-004   1778279.41003892280122542119519268493      
   3.1622776601683794E-004   1778279.41003892280122542119519268493      
   4.2657951880159252E-004   1778279.41003892280122542119519268493      
   5.7543993733715664E-004   1778279.41003892280122542119519268493      
   7.7624711662869280E-004   1778279.41003892280122542119519268493      
   1.0471285480509007E-003   1778279.41003892280122542119519268493      
   1.4125375446227555E-003   1778279.41003892280122542119519268493      
   1.9054607179632482E-003   1778279.41003892280122542119519268493      
   2.5703957827688645E-003   1778279.41003892280122542119519268493      
   3.4673685045253171E-003   1778279.41003892280122542119519268493      
   4.6773514128719811E-003   1778279.41003892280122542119519268493      
   6.3095734448019433E-003   1778279.41003892280122542119519268493      
   8.5113803820237779E-003   1778279.41003892280122542119519268493      
   1.1481536214968840E-002   1778279.41003892280122542119519268493      
   1.5488166189124795E-002   1778279.41003892280122542119519268493      
   2.0892961308540410E-002   1778279.41003892280122542119519268493      
   2.8183829312644609E-002   1778279.41003892280122542119519268493      
   3.8018939632056131E-002   1778279.41003892280122542119519268493      
   5.1286138399136587E-002   1778279.41003892280122542119519268493      
   6.9183097091893617E-002   1778279.41003892280122542119519268493      
   9.3325430079699248E-002   1778279.41003892280122542119519268493      
  0.12589254117941662        1778279.41003892280122542119519268493      
  0.16982436524617459        1778279.41003892280122542119519268493      
  0.22908676527677702        1778279.41003892280122542119519268493      
  0.30902954325135917        1778279.41003892280122542119519268493      
  0.41686938347033636        1778279.41003892280122542119519268493      
  0.56234132519034918        1778279.41003892280122542119519268493      
  0.75857757502918510        1778279.41003892280122542119519268493      
   1.0232929922807537        1778279.41003892280122542119519268493      
   1.3803842646028868        1778279.41003892280122542119519268493      
   1.8620871366628655        1778279.41003892280122542119519268493      
   2.5118864315095824        1778279.41003892280122542119519268493      
   3.3884415613920345        1778279.41003892280122542119519268493      
   4.5708818961487516        1778279.41003892280122542119519268493      
   6.1659500186148355        1778279.41003892280122542119519268493      
   8.3176377110267090        1778279.41003892280122542119519268493      
   11.220184543019652        1778279.41003892280122542119519268493      
   15.135612484362071        1778279.41003892280122542119519268493      
   20.417379446695318        1778279.41003892280122542119519268493      
   27.542287033381744        1778279.41003892280122542119519268493      
   37.153522909717275        1778279.41003892280122542119519268493      
   50.118723362727351        1778279.41003892280122542119519268493      
   67.608297539198190        1778279.41003892280122542119519268493      
   91.201083935591143        1778279.41003892280122542119519268493      
   123.02687708123811        1778279.41003892280122542119519268493      
   165.95869074375631        1778279.41003892280122542119519268493      
   223.87211385683378        1778279.41003892280122542119519268493      
   301.99517204020191        1778279.41003892280122542119519268493      
   407.38027780411386        1778279.41003892280122542119519268493      
   549.54087385762477        1778279.41003892280122542119519268493      
   741.31024130091919        1778279.41003892280122542119519268493      
   1000.0000000000000        1778279.41003892280122542119519268493      
   1.0000000000000000E-010   1995262.31496887960135245539673953833      
   1.3489628825916532E-010   1995262.31496887960135245539673953833      
   1.8197008586099827E-010   1995262.31496887960135245539673953833      
   2.4547089156850315E-010   1995262.31496887960135245539673953833      
   3.3113112148259112E-010   1995262.31496887960135245539673953833      
   4.4668359215096305E-010   1995262.31496887960135245539673953833      
   6.0255958607435815E-010   1995262.31496887960135245539673953833      
   8.1283051616409944E-010   1995262.31496887960135245539673953833      
   1.0964781961431852E-009   1995262.31496887960135245539673953833      
   1.4791083881682072E-009   1995262.31496887960135245539673953833      
   1.9952623149688791E-009   1995262.31496887960135245539673953833      
   2.6915348039269167E-009   1995262.31496887960135245539673953833      
   3.6307805477010139E-009   1995262.31496887960135245539673953833      
   4.8977881936844609E-009   1995262.31496887960135245539673953833      
   6.6069344800759643E-009   1995262.31496887960135245539673953833      
   8.9125093813374596E-009   1995262.31496887960135245539673953833      
   1.2022644346174132E-008   1995262.31496887960135245539673953833      
   1.6218100973589300E-008   1995262.31496887960135245539673953833      
   2.1877616239495521E-008   1995262.31496887960135245539673953833      
   2.9512092266663871E-008   1995262.31496887960135245539673953833      
   3.9810717055349736E-008   1995262.31496887960135245539673953833      
   5.3703179637025271E-008   1995262.31496887960135245539673953833      
   7.2443596007499061E-008   1995262.31496887960135245539673953833      
   9.7723722095581110E-008   1995262.31496887960135245539673953833      
   1.3182567385564072E-007   1995262.31496887960135245539673953833      
   1.7782794100389230E-007   1995262.31496887960135245539673953833      
   2.3988329190194898E-007   1995262.31496887960135245539673953833      
   3.2359365692962843E-007   1995262.31496887960135245539673953833      
   4.3651583224016610E-007   1995262.31496887960135245539673953833      
   5.8884365535558903E-007   1995262.31496887960135245539673953833      
   7.9432823472428220E-007   1995262.31496887960135245539673953833      
   1.0715193052376070E-006   1995262.31496887960135245539673953833      
   1.4454397707459279E-006   1995262.31496887960135245539673953833      
   1.9498445997580454E-006   1995262.31496887960135245539673953833      
   2.6302679918953812E-006   1995262.31496887960135245539673953833      
   3.5481338923357534E-006   1995262.31496887960135245539673953833      
   4.7863009232263809E-006   1995262.31496887960135245539673953833      
   6.4565422903465625E-006   1995262.31496887960135245539673953833      
   8.7096358995608141E-006   1995262.31496887960135245539673953833      
   1.1748975549395302E-005   1995262.31496887960135245539673953833      
   1.5848931924611141E-005   1995262.31496887960135245539673953833      
   2.1379620895022323E-005   1995262.31496887960135245539673953833      
   2.8840315031266060E-005   1995262.31496887960135245539673953833      
   3.8904514499428046E-005   1995262.31496887960135245539673953833      
   5.2480746024977334E-005   1995262.31496887960135245539673953833      
   7.0794578438413880E-005   1995262.31496887960135245539673953833      
   9.5499258602143688E-005   1995262.31496887960135245539673953833      
   1.2882495516931347E-004   1995262.31496887960135245539673953833      
   1.7378008287493763E-004   1995262.31496887960135245539673953833      
   2.3442288153199226E-004   1995262.31496887960135245539673953833      
   3.1622776601683794E-004   1995262.31496887960135245539673953833      
   4.2657951880159252E-004   1995262.31496887960135245539673953833      
   5.7543993733715664E-004   1995262.31496887960135245539673953833      
   7.7624711662869280E-004   1995262.31496887960135245539673953833      
   1.0471285480509007E-003   1995262.31496887960135245539673953833      
   1.4125375446227555E-003   1995262.31496887960135245539673953833      
   1.9054607179632482E-003   1995262.31496887960135245539673953833      
   2.5703957827688645E-003   1995262.31496887960135245539673953833      
   3.4673685045253171E-003   1995262.31496887960135245539673953833      
   4.6773514128719811E-003   1995262.31496887960135245539673953833      
   6.3095734448019433E-003   1995262.31496887960135245539673953833      
   8.5113803820237779E-003   1995262.31496887960135245539673953833      
   1.1481536214968840E-002   1995262.31496887960135245539673953833      
   1.5488166189124795E-002   1995262.31496887960135245539673953833      
   2.0892961308540410E-002   1995262.31496887960135245539673953833      
   2.8183829312644609E-002   1995262.31496887960135245539673953833      
   3.8018939632056131E-002   1995262.31496887960135245539673953833      
   5.1286138399136587E-002   1995262.31496887960135245539673953833      
   6.9183097091893617E-002   1995262.31496887960135245539673953833      
   9.3325430079699248E-002   1995262.31496887960135245539673953833      
  0.12589254117941662        1995262.31496887960135245539673953833      
  0.16982436524617459        1995262.31496887960135245539673953833      
  0.22908676527677702        1995262.31496887960135245539673953833      
  0.30902954325135917        1995262.31496887960135245539673953833      
  0.41686938347033636        1995262.31496887960135245539673953833      
  0.56234132519034918        1995262.31496887960135245539673953833      
  0.75857757502918510        1995262.31496887960135245539673953833      
   1.0232929922807537        1995262.31496887960135245539673953833      
   1.3803842646028868        1995262.31496887960135245539673953833      
   1.8620871366628655        1995262.31496887960135245539673953833      
   2.5118864315095824        1995262.31496887960135245539673953833      
   3.3884415613920345        1995262.31496887960135245539673953833      
   4.5708818961487516        1995262.31496887960135245539673953833      
   6.1659500186148355        1995262.31496887960135245539673953833      
   8.3176377110267090        1995262.31496887960135245539673953833      
   11.220184543019652        1995262.31496887960135245539673953833      
   15.135612484362071        1995262.31496887960135245539673953833      
   20.417379446695318        1995262.31496887960135245539673953833      
   27.542287033381744        1995262.31496887960135245539673953833      
   37.153522909717275        1995262.31496887960135245539673953833      
   50.118723362727351        1995262.31496887960135245539673953833      
   67.608297539198190        1995262.31496887960135245539673953833      
   91.201083935591143        1995262.31496887960135245539673953833      
   123.02687708123811        1995262.31496887960135245539673953833      
   165.95869074375631        1995262.31496887960135245539673953833      
   223.87211385683378        1995262.31496887960135245539673953833      
   301.99517204020191        1995262.31496887960135245539673953833      
   407.38027780411386        1995262.31496887960135245539673953833      
   549.54087385762477        1995262.31496887960135245539673953833      
   741.31024130091919        1995262.31496887960135245539673953833      
   1000.0000000000000        1995262.31496887960135245539673953833      
   1.0000000000000000E-010   2238721.13856833961195495085246574057      
   1.3489628825916532E-010   2238721.13856833961195495085246574057      
   1.8197008586099827E-010   2238721.13856833961195495085246574057      
   2.4547089156850315E-010   2238721.13856833961195495085246574057      
   3.3113112148259112E-010   2238721.13856833961195495085246574057      
   4.4668359215096305E-010   2238721.13856833961195495085246574057      
   6.0255958607435815E-010   2238721.13856833961195495085246574057      
   8.1283051616409944E-010   2238721.13856833961195495085246574057      
   1.0964781961431852E-009   2238721.13856833961195495085246574057      
   1.4791083881682072E-009   2238721.13856833961195495085246574057      
   1.9952623149688791E-009   2238721.13856833961195495085246574057      
   2.6915348039269167E-009   2238721.13856833961195495085246574057      
   3.6307805477010139E-009   2238721.13856833961195495085246574057      
   4.8977881936844609E-009   2238721.13856833961195495085246574057      
   6.6069344800759643E-009   2238721.13856833961195495085246574057      
   8.9125093813374596E-009   2238721.13856833961195495085246574057      
   1.2022644346174132E-008   2238721.13856833961195495085246574057      
   1.6218100973589300E-008   2238721.13856833961195495085246574057      
   2.1877616239495521E-008   2238721.13856833961195495085246574057      
   2.9512092266663871E-008   2238721.13856833961195495085246574057      
   3.9810717055349736E-008   2238721.13856833961195495085246574057      
   5.3703179637025271E-008   2238721.13856833961195495085246574057      
   7.2443596007499061E-008   2238721.13856833961195495085246574057      
   9.7723722095581110E-008   2238721.13856833961195495085246574057      
   1.3182567385564072E-007   2238721.13856833961195495085246574057      
   1.7782794100389230E-007   2238721.13856833961195495085246574057      
   2.3988329190194898E-007   2238721.13856833961195495085246574057      
   3.2359365692962843E-007   2238721.13856833961195495085246574057      
   4.3651583224016610E-007   2238721.13856833961195495085246574057      
   5.8884365535558903E-007   2238721.13856833961195495085246574057      
   7.9432823472428220E-007   2238721.13856833961195495085246574057      
   1.0715193052376070E-006   2238721.13856833961195495085246574057      
   1.4454397707459279E-006   2238721.13856833961195495085246574057      
   1.9498445997580454E-006   2238721.13856833961195495085246574057      
   2.6302679918953812E-006   2238721.13856833961195495085246574057      
   3.5481338923357534E-006   2238721.13856833961195495085246574057      
   4.7863009232263809E-006   2238721.13856833961195495085246574057      
   6.4565422903465625E-006   2238721.13856833961195495085246574057      
   8.7096358995608141E-006   2238721.13856833961195495085246574057      
   1.1748975549395302E-005   2238721.13856833961195495085246574057      
   1.5848931924611141E-005   2238721.13856833961195495085246574057      
   2.1379620895022323E-005   2238721.13856833961195495085246574057      
   2.8840315031266060E-005   2238721.13856833961195495085246574057      
   3.8904514499428046E-005   2238721.13856833961195495085246574057      
   5.2480746024977334E-005   2238721.13856833961195495085246574057      
   7.0794578438413880E-005   2238721.13856833961195495085246574057      
   9.5499258602143688E-005   2238721.13856833961195495085246574057      
   1.2882495516931347E-004   2238721.13856833961195495085246574057      
   1.7378008287493763E-004   2238721.13856833961195495085246574057      
   2.3442288153199226E-004   2238721.13856833961195495085246574057      
   3.1622776601683794E-004   2238721.13856833961195495085246574057      
   4.2657951880159252E-004   2238721.13856833961195495085246574057      
   5.7543993733715664E-004   2238721.13856833961195495085246574057      
   7.7624711662869280E-004   2238721.13856833961195495085246574057      
   1.0471285480509007E-003   2238721.13856833961195495085246574057      
   1.4125375446227555E-003   2238721.13856833961195495085246574057      
   1.9054607179632482E-003   2238721.13856833961195495085246574057      
   2.5703957827688645E-003   2238721.13856833961195495085246574057      
   3.4673685045253171E-003   2238721.13856833961195495085246574057      
   4.6773514128719811E-003   2238721.13856833961195495085246574057      
   6.3095734448019433E-003   2238721.13856833961195495085246574057      
   8.5113803820237779E-003   2238721.13856833961195495085246574057      
   1.1481536214968840E-002   2238721.13856833961195495085246574057      
   1.5488166189124795E-002   2238721.13856833961195495085246574057      
   2.0892961308540410E-002   2238721.13856833961195495085246574057      
   2.8183829312644609E-002   2238721.13856833961195495085246574057      
   3.8018939632056131E-002   2238721.13856833961195495085246574057      
   5.1286138399136587E-002   2238721.13856833961195495085246574057      
   6.9183097091893617E-002   2238721.13856833961195495085246574057      
   9.3325430079699248E-002   2238721.13856833961195495085246574057      
  0.12589254117941662        2238721.13856833961195495085246574057      
  0.16982436524617459        2238721.13856833961195495085246574057      
  0.22908676527677702        2238721.13856833961195495085246574057      
  0.30902954325135917        2238721.13856833961195495085246574057      
  0.41686938347033636        2238721.13856833961195495085246574057      
  0.56234132519034918        2238721.13856833961195495085246574057      
  0.75857757502918510        2238721.13856833961195495085246574057      
   1.0232929922807537        2238721.13856833961195495085246574057      
   1.3803842646028868        2238721.13856833961195495085246574057      
   1.8620871366628655        2238721.13856833961195495085246574057      
   2.5118864315095824        2238721.13856833961195495085246574057      
   3.3884415613920345        2238721.13856833961195495085246574057      
   4.5708818961487516        2238721.13856833961195495085246574057      
   6.1659500186148355        2238721.13856833961195495085246574057      
   8.3176377110267090        2238721.13856833961195495085246574057      
   11.220184543019652        2238721.13856833961195495085246574057      
   15.135612484362071        2238721.13856833961195495085246574057      
   20.417379446695318        2238721.13856833961195495085246574057      
   27.542287033381744        2238721.13856833961195495085246574057      
   37.153522909717275        2238721.13856833961195495085246574057      
   50.118723362727351        2238721.13856833961195495085246574057      
   67.608297539198190        2238721.13856833961195495085246574057      
   91.201083935591143        2238721.13856833961195495085246574057      
   123.02687708123811        2238721.13856833961195495085246574057      
   165.95869074375631        2238721.13856833961195495085246574057      
   223.87211385683378        2238721.13856833961195495085246574057      
   301.99517204020191        2238721.13856833961195495085246574057      
   407.38027780411386        2238721.13856833961195495085246574057      
   549.54087385762477        2238721.13856833961195495085246574057      
   741.31024130091919        2238721.13856833961195495085246574057      
   1000.0000000000000        2238721.13856833961195495085246574057      
   1.0000000000000000E-010   2511886.43150958011108503206779932921      
   1.3489628825916532E-010   2511886.43150958011108503206779932921      
   1.8197008586099827E-010   2511886.43150958011108503206779932921      
   2.4547089156850315E-010   2511886.43150958011108503206779932921      
   3.3113112148259112E-010   2511886.43150958011108503206779932921      
   4.4668359215096305E-010   2511886.43150958011108503206779932921      
   6.0255958607435815E-010   2511886.43150958011108503206779932921      
   8.1283051616409944E-010   2511886.43150958011108503206779932921      
   1.0964781961431852E-009   2511886.43150958011108503206779932921      
   1.4791083881682072E-009   2511886.43150958011108503206779932921      
   1.9952623149688791E-009   2511886.43150958011108503206779932921      
   2.6915348039269167E-009   2511886.43150958011108503206779932921      
   3.6307805477010139E-009   2511886.43150958011108503206779932921      
   4.8977881936844609E-009   2511886.43150958011108503206779932921      
   6.6069344800759643E-009   2511886.43150958011108503206779932921      
   8.9125093813374596E-009   2511886.43150958011108503206779932921      
   1.2022644346174132E-008   2511886.43150958011108503206779932921      
   1.6218100973589300E-008   2511886.43150958011108503206779932921      
   2.1877616239495521E-008   2511886.43150958011108503206779932921      
   2.9512092266663871E-008   2511886.43150958011108503206779932921      
   3.9810717055349736E-008   2511886.43150958011108503206779932921      
   5.3703179637025271E-008   2511886.43150958011108503206779932921      
   7.2443596007499061E-008   2511886.43150958011108503206779932921      
   9.7723722095581110E-008   2511886.43150958011108503206779932921      
   1.3182567385564072E-007   2511886.43150958011108503206779932921      
   1.7782794100389230E-007   2511886.43150958011108503206779932921      
   2.3988329190194898E-007   2511886.43150958011108503206779932921      
   3.2359365692962843E-007   2511886.43150958011108503206779932921      
   4.3651583224016610E-007   2511886.43150958011108503206779932921      
   5.8884365535558903E-007   2511886.43150958011108503206779932921      
   7.9432823472428220E-007   2511886.43150958011108503206779932921      
   1.0715193052376070E-006   2511886.43150958011108503206779932921      
   1.4454397707459279E-006   2511886.43150958011108503206779932921      
   1.9498445997580454E-006   2511886.43150958011108503206779932921      
   2.6302679918953812E-006   2511886.43150958011108503206779932921      
   3.5481338923357534E-006   2511886.43150958011108503206779932921      
   4.7863009232263809E-006   2511886.43150958011108503206779932921      
   6.4565422903465625E-006   2511886.43150958011108503206779932921      
   8.7096358995608141E-006   2511886.43150958011108503206779932921      
   1.1748975549395302E-005   2511886.43150958011108503206779932921      
   1.5848931924611141E-005   2511886.43150958011108503206779932921      
   2.1379620895022323E-005   2511886.43150958011108503206779932921      
   2.8840315031266060E-005   2511886.43150958011108503206779932921      
   3.8904514499428046E-005   2511886.43150958011108503206779932921      
   5.2480746024977334E-005   2511886.43150958011108503206779932921      
   7.0794578438413880E-005   2511886.43150958011108503206779932921      
   9.5499258602143688E-005   2511886.43150958011108503206779932921      
   1.2882495516931347E-004   2511886.43150958011108503206779932921      
   1.7378008287493763E-004   2511886.43150958011108503206779932921      
   2.3442288153199226E-004   2511886.43150958011108503206779932921      
   3.1622776601683794E-004   2511886.43150958011108503206779932921      
   4.2657951880159252E-004   2511886.43150958011108503206779932921      
   5.7543993733715664E-004   2511886.43150958011108503206779932921      
   7.7624711662869280E-004   2511886.43150958011108503206779932921      
   1.0471285480509007E-003   2511886.43150958011108503206779932921      
   1.4125375446227555E-003   2511886.43150958011108503206779932921      
   1.9054607179632482E-003   2511886.43150958011108503206779932921      
   2.5703957827688645E-003   2511886.43150958011108503206779932921      
   3.4673685045253171E-003   2511886.43150958011108503206779932921      
   4.6773514128719811E-003   2511886.43150958011108503206779932921      
   6.3095734448019433E-003   2511886.43150958011108503206779932921      
   8.5113803820237779E-003   2511886.43150958011108503206779932921      
   1.1481536214968840E-002   2511886.43150958011108503206779932921      
   1.5488166189124795E-002   2511886.43150958011108503206779932921      
   2.0892961308540410E-002   2511886.43150958011108503206779932921      
   2.8183829312644609E-002   2511886.43150958011108503206779932921      
   3.8018939632056131E-002   2511886.43150958011108503206779932921      
   5.1286138399136587E-002   2511886.43150958011108503206779932921      
   6.9183097091893617E-002   2511886.43150958011108503206779932921      
   9.3325430079699248E-002   2511886.43150958011108503206779932921      
  0.12589254117941662        2511886.43150958011108503206779932921      
  0.16982436524617459        2511886.43150958011108503206779932921      
  0.22908676527677702        2511886.43150958011108503206779932921      
  0.30902954325135917        2511886.43150958011108503206779932921      
  0.41686938347033636        2511886.43150958011108503206779932921      
  0.56234132519034918        2511886.43150958011108503206779932921      
  0.75857757502918510        2511886.43150958011108503206779932921      
   1.0232929922807537        2511886.43150958011108503206779932921      
   1.3803842646028868        2511886.43150958011108503206779932921      
   1.8620871366628655        2511886.43150958011108503206779932921      
   2.5118864315095824        2511886.43150958011108503206779932921      
   3.3884415613920345        2511886.43150958011108503206779932921      
   4.5708818961487516        2511886.43150958011108503206779932921      
   6.1659500186148355        2511886.43150958011108503206779932921      
   8.3176377110267090        2511886.43150958011108503206779932921      
   11.220184543019652        2511886.43150958011108503206779932921      
   15.135612484362071        2511886.43150958011108503206779932921      
   20.417379446695318        2511886.43150958011108503206779932921      
   27.542287033381744        2511886.43150958011108503206779932921      
   37.153522909717275        2511886.43150958011108503206779932921      
   50.118723362727351        2511886.43150958011108503206779932921      
   67.608297539198190        2511886.43150958011108503206779932921      
   91.201083935591143        2511886.43150958011108503206779932921      
   123.02687708123811        2511886.43150958011108503206779932921      
   165.95869074375631        2511886.43150958011108503206779932921      
   223.87211385683378        2511886.43150958011108503206779932921      
   301.99517204020191        2511886.43150958011108503206779932921      
   407.38027780411386        2511886.43150958011108503206779932921      
   549.54087385762477        2511886.43150958011108503206779932921      
   741.31024130091919        2511886.43150958011108503206779932921      
   1000.0000000000000        2511886.43150958011108503206779932921      
   1.0000000000000000E-010   2818382.93126445381910192369915511167      
   1.3489628825916532E-010   2818382.93126445381910192369915511167      
   1.8197008586099827E-010   2818382.93126445381910192369915511167      
   2.4547089156850315E-010   2818382.93126445381910192369915511167      
   3.3113112148259112E-010   2818382.93126445381910192369915511167      
   4.4668359215096305E-010   2818382.93126445381910192369915511167      
   6.0255958607435815E-010   2818382.93126445381910192369915511167      
   8.1283051616409944E-010   2818382.93126445381910192369915511167      
   1.0964781961431852E-009   2818382.93126445381910192369915511167      
   1.4791083881682072E-009   2818382.93126445381910192369915511167      
   1.9952623149688791E-009   2818382.93126445381910192369915511167      
   2.6915348039269167E-009   2818382.93126445381910192369915511167      
   3.6307805477010139E-009   2818382.93126445381910192369915511167      
   4.8977881936844609E-009   2818382.93126445381910192369915511167      
   6.6069344800759643E-009   2818382.93126445381910192369915511167      
   8.9125093813374596E-009   2818382.93126445381910192369915511167      
   1.2022644346174132E-008   2818382.93126445381910192369915511167      
   1.6218100973589300E-008   2818382.93126445381910192369915511167      
   2.1877616239495521E-008   2818382.93126445381910192369915511167      
   2.9512092266663871E-008   2818382.93126445381910192369915511167      
   3.9810717055349736E-008   2818382.93126445381910192369915511167      
   5.3703179637025271E-008   2818382.93126445381910192369915511167      
   7.2443596007499061E-008   2818382.93126445381910192369915511167      
   9.7723722095581110E-008   2818382.93126445381910192369915511167      
   1.3182567385564072E-007   2818382.93126445381910192369915511167      
   1.7782794100389230E-007   2818382.93126445381910192369915511167      
   2.3988329190194898E-007   2818382.93126445381910192369915511167      
   3.2359365692962843E-007   2818382.93126445381910192369915511167      
   4.3651583224016610E-007   2818382.93126445381910192369915511167      
   5.8884365535558903E-007   2818382.93126445381910192369915511167      
   7.9432823472428220E-007   2818382.93126445381910192369915511167      
   1.0715193052376070E-006   2818382.93126445381910192369915511167      
   1.4454397707459279E-006   2818382.93126445381910192369915511167      
   1.9498445997580454E-006   2818382.93126445381910192369915511167      
   2.6302679918953812E-006   2818382.93126445381910192369915511167      
   3.5481338923357534E-006   2818382.93126445381910192369915511167      
   4.7863009232263809E-006   2818382.93126445381910192369915511167      
   6.4565422903465625E-006   2818382.93126445381910192369915511167      
   8.7096358995608141E-006   2818382.93126445381910192369915511167      
   1.1748975549395302E-005   2818382.93126445381910192369915511167      
   1.5848931924611141E-005   2818382.93126445381910192369915511167      
   2.1379620895022323E-005   2818382.93126445381910192369915511167      
   2.8840315031266060E-005   2818382.93126445381910192369915511167      
   3.8904514499428046E-005   2818382.93126445381910192369915511167      
   5.2480746024977334E-005   2818382.93126445381910192369915511167      
   7.0794578438413880E-005   2818382.93126445381910192369915511167      
   9.5499258602143688E-005   2818382.93126445381910192369915511167      
   1.2882495516931347E-004   2818382.93126445381910192369915511167      
   1.7378008287493763E-004   2818382.93126445381910192369915511167      
   2.3442288153199226E-004   2818382.93126445381910192369915511167      
   3.1622776601683794E-004   2818382.93126445381910192369915511167      
   4.2657951880159252E-004   2818382.93126445381910192369915511167      
   5.7543993733715664E-004   2818382.93126445381910192369915511167      
   7.7624711662869280E-004   2818382.93126445381910192369915511167      
   1.0471285480509007E-003   2818382.93126445381910192369915511167      
   1.4125375446227555E-003   2818382.93126445381910192369915511167      
   1.9054607179632482E-003   2818382.93126445381910192369915511167      
   2.5703957827688645E-003   2818382.93126445381910192369915511167      
   3.4673685045253171E-003   2818382.93126445381910192369915511167      
   4.6773514128719811E-003   2818382.93126445381910192369915511167      
   6.3095734448019433E-003   2818382.93126445381910192369915511167      
   8.5113803820237779E-003   2818382.93126445381910192369915511167      
   1.1481536214968840E-002   2818382.93126445381910192369915511167      
   1.5488166189124795E-002   2818382.93126445381910192369915511167      
   2.0892961308540410E-002   2818382.93126445381910192369915511167      
   2.8183829312644609E-002   2818382.93126445381910192369915511167      
   3.8018939632056131E-002   2818382.93126445381910192369915511167      
   5.1286138399136587E-002   2818382.93126445381910192369915511167      
   6.9183097091893617E-002   2818382.93126445381910192369915511167      
   9.3325430079699248E-002   2818382.93126445381910192369915511167      
  0.12589254117941662        2818382.93126445381910192369915511167      
  0.16982436524617459        2818382.93126445381910192369915511167      
  0.22908676527677702        2818382.93126445381910192369915511167      
  0.30902954325135917        2818382.93126445381910192369915511167      
  0.41686938347033636        2818382.93126445381910192369915511167      
  0.56234132519034918        2818382.93126445381910192369915511167      
  0.75857757502918510        2818382.93126445381910192369915511167      
   1.0232929922807537        2818382.93126445381910192369915511167      
   1.3803842646028868        2818382.93126445381910192369915511167      
   1.8620871366628655        2818382.93126445381910192369915511167      
   2.5118864315095824        2818382.93126445381910192369915511167      
   3.3884415613920345        2818382.93126445381910192369915511167      
   4.5708818961487516        2818382.93126445381910192369915511167      
   6.1659500186148355        2818382.93126445381910192369915511167      
   8.3176377110267090        2818382.93126445381910192369915511167      
   11.220184543019652        2818382.93126445381910192369915511167      
   15.135612484362071        2818382.93126445381910192369915511167      
   20.417379446695318        2818382.93126445381910192369915511167      
   27.542287033381744        2818382.93126445381910192369915511167      
   37.153522909717275        2818382.93126445381910192369915511167      
   50.118723362727351        2818382.93126445381910192369915511167      
   67.608297539198190        2818382.93126445381910192369915511167      
   91.201083935591143        2818382.93126445381910192369915511167      
   123.02687708123811        2818382.93126445381910192369915511167      
   165.95869074375631        2818382.93126445381910192369915511167      
   223.87211385683378        2818382.93126445381910192369915511167      
   301.99517204020191        2818382.93126445381910192369915511167      
   407.38027780411386        2818382.93126445381910192369915511167      
   549.54087385762477        2818382.93126445381910192369915511167      
   741.31024130091919        2818382.93126445381910192369915511167      
   1000.0000000000000        2818382.93126445381910192369915511167      
   1.0000000000000000E-010   3162277.66016837933199889354443271870      
   1.3489628825916532E-010   3162277.66016837933199889354443271870      
   1.8197008586099827E-010   3162277.66016837933199889354443271870      
   2.4547089156850315E-010   3162277.66016837933199889354443271870      
   3.3113112148259112E-010   3162277.66016837933199889354443271870      
   4.4668359215096305E-010   3162277.66016837933199889354443271870      
   6.0255958607435815E-010   3162277.66016837933199889354443271870      
   8.1283051616409944E-010   3162277.66016837933199889354443271870      
   1.0964781961431852E-009   3162277.66016837933199889354443271870      
   1.4791083881682072E-009   3162277.66016837933199889354443271870      
   1.9952623149688791E-009   3162277.66016837933199889354443271870      
   2.6915348039269167E-009   3162277.66016837933199889354443271870      
   3.6307805477010139E-009   3162277.66016837933199889354443271870      
   4.8977881936844609E-009   3162277.66016837933199889354443271870      
   6.6069344800759643E-009   3162277.66016837933199889354443271870      
   8.9125093813374596E-009   3162277.66016837933199889354443271870      
   1.2022644346174132E-008   3162277.66016837933199889354443271870      
   1.6218100973589300E-008   3162277.66016837933199889354443271870      
   2.1877616239495521E-008   3162277.66016837933199889354443271870      
   2.9512092266663871E-008   3162277.66016837933199889354443271870      
   3.9810717055349736E-008   3162277.66016837933199889354443271870      
   5.3703179637025271E-008   3162277.66016837933199889354443271870      
   7.2443596007499061E-008   3162277.66016837933199889354443271870      
   9.7723722095581110E-008   3162277.66016837933199889354443271870      
   1.3182567385564072E-007   3162277.66016837933199889354443271870      
   1.7782794100389230E-007   3162277.66016837933199889354443271870      
   2.3988329190194898E-007   3162277.66016837933199889354443271870      
   3.2359365692962843E-007   3162277.66016837933199889354443271870      
   4.3651583224016610E-007   3162277.66016837933199889354443271870      
   5.8884365535558903E-007   3162277.66016837933199889354443271870      
   7.9432823472428220E-007   3162277.66016837933199889354443271870      
   1.0715193052376070E-006   3162277.66016837933199889354443271870      
   1.4454397707459279E-006   3162277.66016837933199889354443271870      
   1.9498445997580454E-006   3162277.66016837933199889354443271870      
   2.6302679918953812E-006   3162277.66016837933199889354443271870      
   3.5481338923357534E-006   3162277.66016837933199889354443271870      
   4.7863009232263809E-006   3162277.66016837933199889354443271870      
   6.4565422903465625E-006   3162277.66016837933199889354443271870      
   8.7096358995608141E-006   3162277.66016837933199889354443271870      
   1.1748975549395302E-005   3162277.66016837933199889354443271870      
   1.5848931924611141E-005   3162277.66016837933199889354443271870      
   2.1379620895022323E-005   3162277.66016837933199889354443271870      
   2.8840315031266060E-005   3162277.66016837933199889354443271870      
   3.8904514499428046E-005   3162277.66016837933199889354443271870      
   5.2480746024977334E-005   3162277.66016837933199889354443271870      
   7.0794578438413880E-005   3162277.66016837933199889354443271870      
   9.5499258602143688E-005   3162277.66016837933199889354443271870      
   1.2882495516931347E-004   3162277.66016837933199889354443271870      
   1.7378008287493763E-004   3162277.66016837933199889354443271870      
   2.3442288153199226E-004   3162277.66016837933199889354443271870      
   3.1622776601683794E-004   3162277.66016837933199889354443271870      
   4.2657951880159252E-004   3162277.66016837933199889354443271870      
   5.7543993733715664E-004   3162277.66016837933199889354443271870      
   7.7624711662869280E-004   3162277.66016837933199889354443271870      
   1.0471285480509007E-003   3162277.66016837933199889354443271870      
   1.4125375446227555E-003   3162277.66016837933199889354443271870      
   1.9054607179632482E-003   3162277.66016837933199889354443271870      
   2.5703957827688645E-003   3162277.66016837933199889354443271870      
   3.4673685045253171E-003   3162277.66016837933199889354443271870      
   4.6773514128719811E-003   3162277.66016837933199889354443271870      
   6.3095734448019433E-003   3162277.66016837933199889354443271870      
   8.5113803820237779E-003   3162277.66016837933199889354443271870      
   1.1481536214968840E-002   3162277.66016837933199889354443271870      
   1.5488166189124795E-002   3162277.66016837933199889354443271870      
   2.0892961308540410E-002   3162277.66016837933199889354443271870      
   2.8183829312644609E-002   3162277.66016837933199889354443271870      
   3.8018939632056131E-002   3162277.66016837933199889354443271870      
   5.1286138399136587E-002   3162277.66016837933199889354443271870      
   6.9183097091893617E-002   3162277.66016837933199889354443271870      
   9.3325430079699248E-002   3162277.66016837933199889354443271870      
  0.12589254117941662        3162277.66016837933199889354443271870      
  0.16982436524617459        3162277.66016837933199889354443271870      
  0.22908676527677702        3162277.66016837933199889354443271870      
  0.30902954325135917        3162277.66016837933199889354443271870      
  0.41686938347033636        3162277.66016837933199889354443271870      
  0.56234132519034918        3162277.66016837933199889354443271870      
  0.75857757502918510        3162277.66016837933199889354443271870      
   1.0232929922807537        3162277.66016837933199889354443271870      
   1.3803842646028868        3162277.66016837933199889354443271870      
   1.8620871366628655        3162277.66016837933199889354443271870      
   2.5118864315095824        3162277.66016837933199889354443271870      
   3.3884415613920345        3162277.66016837933199889354443271870      
   4.5708818961487516        3162277.66016837933199889354443271870      
   6.1659500186148355        3162277.66016837933199889354443271870      
   8.3176377110267090        3162277.66016837933199889354443271870      
   11.220184543019652        3162277.66016837933199889354443271870      
   15.135612484362071        3162277.66016837933199889354443271870      
   20.417379446695318        3162277.66016837933199889354443271870      
   27.542287033381744        3162277.66016837933199889354443271870      
   37.153522909717275        3162277.66016837933199889354443271870      
   50.118723362727351        3162277.66016837933199889354443271870      
   67.608297539198190        3162277.66016837933199889354443271870      
   91.201083935591143        3162277.66016837933199889354443271870      
   123.02687708123811        3162277.66016837933199889354443271870      
   165.95869074375631        3162277.66016837933199889354443271870      
   223.87211385683378        3162277.66016837933199889354443271870      
   301.99517204020191        3162277.66016837933199889354443271870      
   407.38027780411386        3162277.66016837933199889354443271870      
   549.54087385762477        3162277.66016837933199889354443271870      
   741.31024130091919        3162277.66016837933199889354443271870      
   1000.0000000000000        3162277.66016837933199889354443271870      
   1.0000000000000000E-010   3548133.89233575458433218702264490491      
   1.3489628825916532E-010   3548133.89233575458433218702264490491      
   1.8197008586099827E-010   3548133.89233575458433218702264490491      
   2.4547089156850315E-010   3548133.89233575458433218702264490491      
   3.3113112148259112E-010   3548133.89233575458433218702264490491      
   4.4668359215096305E-010   3548133.89233575458433218702264490491      
   6.0255958607435815E-010   3548133.89233575458433218702264490491      
   8.1283051616409944E-010   3548133.89233575458433218702264490491      
   1.0964781961431852E-009   3548133.89233575458433218702264490491      
   1.4791083881682072E-009   3548133.89233575458433218702264490491      
   1.9952623149688791E-009   3548133.89233575458433218702264490491      
   2.6915348039269167E-009   3548133.89233575458433218702264490491      
   3.6307805477010139E-009   3548133.89233575458433218702264490491      
   4.8977881936844609E-009   3548133.89233575458433218702264490491      
   6.6069344800759643E-009   3548133.89233575458433218702264490491      
   8.9125093813374596E-009   3548133.89233575458433218702264490491      
   1.2022644346174132E-008   3548133.89233575458433218702264490491      
   1.6218100973589300E-008   3548133.89233575458433218702264490491      
   2.1877616239495521E-008   3548133.89233575458433218702264490491      
   2.9512092266663871E-008   3548133.89233575458433218702264490491      
   3.9810717055349736E-008   3548133.89233575458433218702264490491      
   5.3703179637025271E-008   3548133.89233575458433218702264490491      
   7.2443596007499061E-008   3548133.89233575458433218702264490491      
   9.7723722095581110E-008   3548133.89233575458433218702264490491      
   1.3182567385564072E-007   3548133.89233575458433218702264490491      
   1.7782794100389230E-007   3548133.89233575458433218702264490491      
   2.3988329190194898E-007   3548133.89233575458433218702264490491      
   3.2359365692962843E-007   3548133.89233575458433218702264490491      
   4.3651583224016610E-007   3548133.89233575458433218702264490491      
   5.8884365535558903E-007   3548133.89233575458433218702264490491      
   7.9432823472428220E-007   3548133.89233575458433218702264490491      
   1.0715193052376070E-006   3548133.89233575458433218702264490491      
   1.4454397707459279E-006   3548133.89233575458433218702264490491      
   1.9498445997580454E-006   3548133.89233575458433218702264490491      
   2.6302679918953812E-006   3548133.89233575458433218702264490491      
   3.5481338923357534E-006   3548133.89233575458433218702264490491      
   4.7863009232263809E-006   3548133.89233575458433218702264490491      
   6.4565422903465625E-006   3548133.89233575458433218702264490491      
   8.7096358995608141E-006   3548133.89233575458433218702264490491      
   1.1748975549395302E-005   3548133.89233575458433218702264490491      
   1.5848931924611141E-005   3548133.89233575458433218702264490491      
   2.1379620895022323E-005   3548133.89233575458433218702264490491      
   2.8840315031266060E-005   3548133.89233575458433218702264490491      
   3.8904514499428046E-005   3548133.89233575458433218702264490491      
   5.2480746024977334E-005   3548133.89233575458433218702264490491      
   7.0794578438413880E-005   3548133.89233575458433218702264490491      
   9.5499258602143688E-005   3548133.89233575458433218702264490491      
   1.2882495516931347E-004   3548133.89233575458433218702264490491      
   1.7378008287493763E-004   3548133.89233575458433218702264490491      
   2.3442288153199226E-004   3548133.89233575458433218702264490491      
   3.1622776601683794E-004   3548133.89233575458433218702264490491      
   4.2657951880159252E-004   3548133.89233575458433218702264490491      
   5.7543993733715664E-004   3548133.89233575458433218702264490491      
   7.7624711662869280E-004   3548133.89233575458433218702264490491      
   1.0471285480509007E-003   3548133.89233575458433218702264490491      
   1.4125375446227555E-003   3548133.89233575458433218702264490491      
   1.9054607179632482E-003   3548133.89233575458433218702264490491      
   2.5703957827688645E-003   3548133.89233575458433218702264490491      
   3.4673685045253171E-003   3548133.89233575458433218702264490491      
   4.6773514128719811E-003   3548133.89233575458433218702264490491      
   6.3095734448019433E-003   3548133.89233575458433218702264490491      
   8.5113803820237779E-003   3548133.89233575458433218702264490491      
   1.1481536214968840E-002   3548133.89233575458433218702264490491      
   1.5488166189124795E-002   3548133.89233575458433218702264490491      
   2.0892961308540410E-002   3548133.89233575458433218702264490491      
   2.8183829312644609E-002   3548133.89233575458433218702264490491      
   3.8018939632056131E-002   3548133.89233575458433218702264490491      
   5.1286138399136587E-002   3548133.89233575458433218702264490491      
   6.9183097091893617E-002   3548133.89233575458433218702264490491      
   9.3325430079699248E-002   3548133.89233575458433218702264490491      
  0.12589254117941662        3548133.89233575458433218702264490491      
  0.16982436524617459        3548133.89233575458433218702264490491      
  0.22908676527677702        3548133.89233575458433218702264490491      
  0.30902954325135917        3548133.89233575458433218702264490491      
  0.41686938347033636        3548133.89233575458433218702264490491      
  0.56234132519034918        3548133.89233575458433218702264490491      
  0.75857757502918510        3548133.89233575458433218702264490491      
   1.0232929922807537        3548133.89233575458433218702264490491      
   1.3803842646028868        3548133.89233575458433218702264490491      
   1.8620871366628655        3548133.89233575458433218702264490491      
   2.5118864315095824        3548133.89233575458433218702264490491      
   3.3884415613920345        3548133.89233575458433218702264490491      
   4.5708818961487516        3548133.89233575458433218702264490491      
   6.1659500186148355        3548133.89233575458433218702264490491      
   8.3176377110267090        3548133.89233575458433218702264490491      
   11.220184543019652        3548133.89233575458433218702264490491      
   15.135612484362071        3548133.89233575458433218702264490491      
   20.417379446695318        3548133.89233575458433218702264490491      
   27.542287033381744        3548133.89233575458433218702264490491      
   37.153522909717275        3548133.89233575458433218702264490491      
   50.118723362727351        3548133.89233575458433218702264490491      
   67.608297539198190        3548133.89233575458433218702264490491      
   91.201083935591143        3548133.89233575458433218702264490491      
   123.02687708123811        3548133.89233575458433218702264490491      
   165.95869074375631        3548133.89233575458433218702264490491      
   223.87211385683378        3548133.89233575458433218702264490491      
   301.99517204020191        3548133.89233575458433218702264490491      
   407.38027780411386        3548133.89233575458433218702264490491      
   549.54087385762477        3548133.89233575458433218702264490491      
   741.31024130091919        3548133.89233575458433218702264490491      
   1000.0000000000000        3548133.89233575458433218702264490491      
   1.0000000000000000E-010   3981071.70553497250770252305087752453      
   1.3489628825916532E-010   3981071.70553497250770252305087752453      
   1.8197008586099827E-010   3981071.70553497250770252305087752453      
   2.4547089156850315E-010   3981071.70553497250770252305087752453      
   3.3113112148259112E-010   3981071.70553497250770252305087752453      
   4.4668359215096305E-010   3981071.70553497250770252305087752453      
   6.0255958607435815E-010   3981071.70553497250770252305087752453      
   8.1283051616409944E-010   3981071.70553497250770252305087752453      
   1.0964781961431852E-009   3981071.70553497250770252305087752453      
   1.4791083881682072E-009   3981071.70553497250770252305087752453      
   1.9952623149688791E-009   3981071.70553497250770252305087752453      
   2.6915348039269167E-009   3981071.70553497250770252305087752453      
   3.6307805477010139E-009   3981071.70553497250770252305087752453      
   4.8977881936844609E-009   3981071.70553497250770252305087752453      
   6.6069344800759643E-009   3981071.70553497250770252305087752453      
   8.9125093813374596E-009   3981071.70553497250770252305087752453      
   1.2022644346174132E-008   3981071.70553497250770252305087752453      
   1.6218100973589300E-008   3981071.70553497250770252305087752453      
   2.1877616239495521E-008   3981071.70553497250770252305087752453      
   2.9512092266663871E-008   3981071.70553497250770252305087752453      
   3.9810717055349736E-008   3981071.70553497250770252305087752453      
   5.3703179637025271E-008   3981071.70553497250770252305087752453      
   7.2443596007499061E-008   3981071.70553497250770252305087752453      
   9.7723722095581110E-008   3981071.70553497250770252305087752453      
   1.3182567385564072E-007   3981071.70553497250770252305087752453      
   1.7782794100389230E-007   3981071.70553497250770252305087752453      
   2.3988329190194898E-007   3981071.70553497250770252305087752453      
   3.2359365692962843E-007   3981071.70553497250770252305087752453      
   4.3651583224016610E-007   3981071.70553497250770252305087752453      
   5.8884365535558903E-007   3981071.70553497250770252305087752453      
   7.9432823472428220E-007   3981071.70553497250770252305087752453      
   1.0715193052376070E-006   3981071.70553497250770252305087752453      
   1.4454397707459279E-006   3981071.70553497250770252305087752453      
   1.9498445997580454E-006   3981071.70553497250770252305087752453      
   2.6302679918953812E-006   3981071.70553497250770252305087752453      
   3.5481338923357534E-006   3981071.70553497250770252305087752453      
   4.7863009232263809E-006   3981071.70553497250770252305087752453      
   6.4565422903465625E-006   3981071.70553497250770252305087752453      
   8.7096358995608141E-006   3981071.70553497250770252305087752453      
   1.1748975549395302E-005   3981071.70553497250770252305087752453      
   1.5848931924611141E-005   3981071.70553497250770252305087752453      
   2.1379620895022323E-005   3981071.70553497250770252305087752453      
   2.8840315031266060E-005   3981071.70553497250770252305087752453      
   3.8904514499428046E-005   3981071.70553497250770252305087752453      
   5.2480746024977334E-005   3981071.70553497250770252305087752453      
   7.0794578438413880E-005   3981071.70553497250770252305087752453      
   9.5499258602143688E-005   3981071.70553497250770252305087752453      
   1.2882495516931347E-004   3981071.70553497250770252305087752453      
   1.7378008287493763E-004   3981071.70553497250770252305087752453      
   2.3442288153199226E-004   3981071.70553497250770252305087752453      
   3.1622776601683794E-004   3981071.70553497250770252305087752453      
   4.2657951880159252E-004   3981071.70553497250770252305087752453      
   5.7543993733715664E-004   3981071.70553497250770252305087752453      
   7.7624711662869280E-004   3981071.70553497250770252305087752453      
   1.0471285480509007E-003   3981071.70553497250770252305087752453      
   1.4125375446227555E-003   3981071.70553497250770252305087752453      
   1.9054607179632482E-003   3981071.70553497250770252305087752453      
   2.5703957827688645E-003   3981071.70553497250770252305087752453      
   3.4673685045253171E-003   3981071.70553497250770252305087752453      
   4.6773514128719811E-003   3981071.70553497250770252305087752453      
   6.3095734448019433E-003   3981071.70553497250770252305087752453      
   8.5113803820237779E-003   3981071.70553497250770252305087752453      
   1.1481536214968840E-002   3981071.70553497250770252305087752453      
   1.5488166189124795E-002   3981071.70553497250770252305087752453      
   2.0892961308540410E-002   3981071.70553497250770252305087752453      
   2.8183829312644609E-002   3981071.70553497250770252305087752453      
   3.8018939632056131E-002   3981071.70553497250770252305087752453      
   5.1286138399136587E-002   3981071.70553497250770252305087752453      
   6.9183097091893617E-002   3981071.70553497250770252305087752453      
   9.3325430079699248E-002   3981071.70553497250770252305087752453      
  0.12589254117941662        3981071.70553497250770252305087752453      
  0.16982436524617459        3981071.70553497250770252305087752453      
  0.22908676527677702        3981071.70553497250770252305087752453      
  0.30902954325135917        3981071.70553497250770252305087752453      
  0.41686938347033636        3981071.70553497250770252305087752453      
  0.56234132519034918        3981071.70553497250770252305087752453      
  0.75857757502918510        3981071.70553497250770252305087752453      
   1.0232929922807537        3981071.70553497250770252305087752453      
   1.3803842646028868        3981071.70553497250770252305087752453      
   1.8620871366628655        3981071.70553497250770252305087752453      
   2.5118864315095824        3981071.70553497250770252305087752453      
   3.3884415613920345        3981071.70553497250770252305087752453      
   4.5708818961487516        3981071.70553497250770252305087752453      
   6.1659500186148355        3981071.70553497250770252305087752453      
   8.3176377110267090        3981071.70553497250770252305087752453      
   11.220184543019652        3981071.70553497250770252305087752453      
   15.135612484362071        3981071.70553497250770252305087752453      
   20.417379446695318        3981071.70553497250770252305087752453      
   27.542287033381744        3981071.70553497250770252305087752453      
   37.153522909717275        3981071.70553497250770252305087752453      
   50.118723362727351        3981071.70553497250770252305087752453      
   67.608297539198190        3981071.70553497250770252305087752453      
   91.201083935591143        3981071.70553497250770252305087752453      
   123.02687708123811        3981071.70553497250770252305087752453      
   165.95869074375631        3981071.70553497250770252305087752453      
   223.87211385683378        3981071.70553497250770252305087752453      
   301.99517204020191        3981071.70553497250770252305087752453      
   407.38027780411386        3981071.70553497250770252305087752453      
   549.54087385762477        3981071.70553497250770252305087752453      
   741.31024130091919        3981071.70553497250770252305087752453      
   1000.0000000000000        3981071.70553497250770252305087752453      
   1.0000000000000000E-010   4466835.92150963118556250524319376939      
   1.3489628825916532E-010   4466835.92150963118556250524319376939      
   1.8197008586099827E-010   4466835.92150963118556250524319376939      
   2.4547089156850315E-010   4466835.92150963118556250524319376939      
   3.3113112148259112E-010   4466835.92150963118556250524319376939      
   4.4668359215096305E-010   4466835.92150963118556250524319376939      
   6.0255958607435815E-010   4466835.92150963118556250524319376939      
   8.1283051616409944E-010   4466835.92150963118556250524319376939      
   1.0964781961431852E-009   4466835.92150963118556250524319376939      
   1.4791083881682072E-009   4466835.92150963118556250524319376939      
   1.9952623149688791E-009   4466835.92150963118556250524319376939      
   2.6915348039269167E-009   4466835.92150963118556250524319376939      
   3.6307805477010139E-009   4466835.92150963118556250524319376939      
   4.8977881936844609E-009   4466835.92150963118556250524319376939      
   6.6069344800759643E-009   4466835.92150963118556250524319376939      
   8.9125093813374596E-009   4466835.92150963118556250524319376939      
   1.2022644346174132E-008   4466835.92150963118556250524319376939      
   1.6218100973589300E-008   4466835.92150963118556250524319376939      
   2.1877616239495521E-008   4466835.92150963118556250524319376939      
   2.9512092266663871E-008   4466835.92150963118556250524319376939      
   3.9810717055349736E-008   4466835.92150963118556250524319376939      
   5.3703179637025271E-008   4466835.92150963118556250524319376939      
   7.2443596007499061E-008   4466835.92150963118556250524319376939      
   9.7723722095581110E-008   4466835.92150963118556250524319376939      
   1.3182567385564072E-007   4466835.92150963118556250524319376939      
   1.7782794100389230E-007   4466835.92150963118556250524319376939      
   2.3988329190194898E-007   4466835.92150963118556250524319376939      
   3.2359365692962843E-007   4466835.92150963118556250524319376939      
   4.3651583224016610E-007   4466835.92150963118556250524319376939      
   5.8884365535558903E-007   4466835.92150963118556250524319376939      
   7.9432823472428220E-007   4466835.92150963118556250524319376939      
   1.0715193052376070E-006   4466835.92150963118556250524319376939      
   1.4454397707459279E-006   4466835.92150963118556250524319376939      
   1.9498445997580454E-006   4466835.92150963118556250524319376939      
   2.6302679918953812E-006   4466835.92150963118556250524319376939      
   3.5481338923357534E-006   4466835.92150963118556250524319376939      
   4.7863009232263809E-006   4466835.92150963118556250524319376939      
   6.4565422903465625E-006   4466835.92150963118556250524319376939      
   8.7096358995608141E-006   4466835.92150963118556250524319376939      
   1.1748975549395302E-005   4466835.92150963118556250524319376939      
   1.5848931924611141E-005   4466835.92150963118556250524319376939      
   2.1379620895022323E-005   4466835.92150963118556250524319376939      
   2.8840315031266060E-005   4466835.92150963118556250524319376939      
   3.8904514499428046E-005   4466835.92150963118556250524319376939      
   5.2480746024977334E-005   4466835.92150963118556250524319376939      
   7.0794578438413880E-005   4466835.92150963118556250524319376939      
   9.5499258602143688E-005   4466835.92150963118556250524319376939      
   1.2882495516931347E-004   4466835.92150963118556250524319376939      
   1.7378008287493763E-004   4466835.92150963118556250524319376939      
   2.3442288153199226E-004   4466835.92150963118556250524319376939      
   3.1622776601683794E-004   4466835.92150963118556250524319376939      
   4.2657951880159252E-004   4466835.92150963118556250524319376939      
   5.7543993733715664E-004   4466835.92150963118556250524319376939      
   7.7624711662869280E-004   4466835.92150963118556250524319376939      
   1.0471285480509007E-003   4466835.92150963118556250524319376939      
   1.4125375446227555E-003   4466835.92150963118556250524319376939      
   1.9054607179632482E-003   4466835.92150963118556250524319376939      
   2.5703957827688645E-003   4466835.92150963118556250524319376939      
   3.4673685045253171E-003   4466835.92150963118556250524319376939      
   4.6773514128719811E-003   4466835.92150963118556250524319376939      
   6.3095734448019433E-003   4466835.92150963118556250524319376939      
   8.5113803820237779E-003   4466835.92150963118556250524319376939      
   1.1481536214968840E-002   4466835.92150963118556250524319376939      
   1.5488166189124795E-002   4466835.92150963118556250524319376939      
   2.0892961308540410E-002   4466835.92150963118556250524319376939      
   2.8183829312644609E-002   4466835.92150963118556250524319376939      
   3.8018939632056131E-002   4466835.92150963118556250524319376939      
   5.1286138399136587E-002   4466835.92150963118556250524319376939      
   6.9183097091893617E-002   4466835.92150963118556250524319376939      
   9.3325430079699248E-002   4466835.92150963118556250524319376939      
  0.12589254117941662        4466835.92150963118556250524319376939      
  0.16982436524617459        4466835.92150963118556250524319376939      
  0.22908676527677702        4466835.92150963118556250524319376939      
  0.30902954325135917        4466835.92150963118556250524319376939      
  0.41686938347033636        4466835.92150963118556250524319376939      
  0.56234132519034918        4466835.92150963118556250524319376939      
  0.75857757502918510        4466835.92150963118556250524319376939      
   1.0232929922807537        4466835.92150963118556250524319376939      
   1.3803842646028868        4466835.92150963118556250524319376939      
   1.8620871366628655        4466835.92150963118556250524319376939      
   2.5118864315095824        4466835.92150963118556250524319376939      
   3.3884415613920345        4466835.92150963118556250524319376939      
   4.5708818961487516        4466835.92150963118556250524319376939      
   6.1659500186148355        4466835.92150963118556250524319376939      
   8.3176377110267090        4466835.92150963118556250524319376939      
   11.220184543019652        4466835.92150963118556250524319376939      
   15.135612484362071        4466835.92150963118556250524319376939      
   20.417379446695318        4466835.92150963118556250524319376939      
   27.542287033381744        4466835.92150963118556250524319376939      
   37.153522909717275        4466835.92150963118556250524319376939      
   50.118723362727351        4466835.92150963118556250524319376939      
   67.608297539198190        4466835.92150963118556250524319376939      
   91.201083935591143        4466835.92150963118556250524319376939      
   123.02687708123811        4466835.92150963118556250524319376939      
   165.95869074375631        4466835.92150963118556250524319376939      
   223.87211385683378        4466835.92150963118556250524319376939      
   301.99517204020191        4466835.92150963118556250524319376939      
   407.38027780411386        4466835.92150963118556250524319376939      
   549.54087385762477        4466835.92150963118556250524319376939      
   741.31024130091919        4466835.92150963118556250524319376939      
   1000.0000000000000        4466835.92150963118556250524319376939      
   1.0000000000000000E-010   5011872.33627272285001554186884945949      
   1.3489628825916532E-010   5011872.33627272285001554186884945949      
   1.8197008586099827E-010   5011872.33627272285001554186884945949      
   2.4547089156850315E-010   5011872.33627272285001554186884945949      
   3.3113112148259112E-010   5011872.33627272285001554186884945949      
   4.4668359215096305E-010   5011872.33627272285001554186884945949      
   6.0255958607435815E-010   5011872.33627272285001554186884945949      
   8.1283051616409944E-010   5011872.33627272285001554186884945949      
   1.0964781961431852E-009   5011872.33627272285001554186884945949      
   1.4791083881682072E-009   5011872.33627272285001554186884945949      
   1.9952623149688791E-009   5011872.33627272285001554186884945949      
   2.6915348039269167E-009   5011872.33627272285001554186884945949      
   3.6307805477010139E-009   5011872.33627272285001554186884945949      
   4.8977881936844609E-009   5011872.33627272285001554186884945949      
   6.6069344800759643E-009   5011872.33627272285001554186884945949      
   8.9125093813374596E-009   5011872.33627272285001554186884945949      
   1.2022644346174132E-008   5011872.33627272285001554186884945949      
   1.6218100973589300E-008   5011872.33627272285001554186884945949      
   2.1877616239495521E-008   5011872.33627272285001554186884945949      
   2.9512092266663871E-008   5011872.33627272285001554186884945949      
   3.9810717055349736E-008   5011872.33627272285001554186884945949      
   5.3703179637025271E-008   5011872.33627272285001554186884945949      
   7.2443596007499061E-008   5011872.33627272285001554186884945949      
   9.7723722095581110E-008   5011872.33627272285001554186884945949      
   1.3182567385564072E-007   5011872.33627272285001554186884945949      
   1.7782794100389230E-007   5011872.33627272285001554186884945949      
   2.3988329190194898E-007   5011872.33627272285001554186884945949      
   3.2359365692962843E-007   5011872.33627272285001554186884945949      
   4.3651583224016610E-007   5011872.33627272285001554186884945949      
   5.8884365535558903E-007   5011872.33627272285001554186884945949      
   7.9432823472428220E-007   5011872.33627272285001554186884945949      
   1.0715193052376070E-006   5011872.33627272285001554186884945949      
   1.4454397707459279E-006   5011872.33627272285001554186884945949      
   1.9498445997580454E-006   5011872.33627272285001554186884945949      
   2.6302679918953812E-006   5011872.33627272285001554186884945949      
   3.5481338923357534E-006   5011872.33627272285001554186884945949      
   4.7863009232263809E-006   5011872.33627272285001554186884945949      
   6.4565422903465625E-006   5011872.33627272285001554186884945949      
   8.7096358995608141E-006   5011872.33627272285001554186884945949      
   1.1748975549395302E-005   5011872.33627272285001554186884945949      
   1.5848931924611141E-005   5011872.33627272285001554186884945949      
   2.1379620895022323E-005   5011872.33627272285001554186884945949      
   2.8840315031266060E-005   5011872.33627272285001554186884945949      
   3.8904514499428046E-005   5011872.33627272285001554186884945949      
   5.2480746024977334E-005   5011872.33627272285001554186884945949      
   7.0794578438413880E-005   5011872.33627272285001554186884945949      
   9.5499258602143688E-005   5011872.33627272285001554186884945949      
   1.2882495516931347E-004   5011872.33627272285001554186884945949      
   1.7378008287493763E-004   5011872.33627272285001554186884945949      
   2.3442288153199226E-004   5011872.33627272285001554186884945949      
   3.1622776601683794E-004   5011872.33627272285001554186884945949      
   4.2657951880159252E-004   5011872.33627272285001554186884945949      
   5.7543993733715664E-004   5011872.33627272285001554186884945949      
   7.7624711662869280E-004   5011872.33627272285001554186884945949      
   1.0471285480509007E-003   5011872.33627272285001554186884945949      
   1.4125375446227555E-003   5011872.33627272285001554186884945949      
   1.9054607179632482E-003   5011872.33627272285001554186884945949      
   2.5703957827688645E-003   5011872.33627272285001554186884945949      
   3.4673685045253171E-003   5011872.33627272285001554186884945949      
   4.6773514128719811E-003   5011872.33627272285001554186884945949      
   6.3095734448019433E-003   5011872.33627272285001554186884945949      
   8.5113803820237779E-003   5011872.33627272285001554186884945949      
   1.1481536214968840E-002   5011872.33627272285001554186884945949      
   1.5488166189124795E-002   5011872.33627272285001554186884945949      
   2.0892961308540410E-002   5011872.33627272285001554186884945949      
   2.8183829312644609E-002   5011872.33627272285001554186884945949      
   3.8018939632056131E-002   5011872.33627272285001554186884945949      
   5.1286138399136587E-002   5011872.33627272285001554186884945949      
   6.9183097091893617E-002   5011872.33627272285001554186884945949      
   9.3325430079699248E-002   5011872.33627272285001554186884945949      
  0.12589254117941662        5011872.33627272285001554186884945949      
  0.16982436524617459        5011872.33627272285001554186884945949      
  0.22908676527677702        5011872.33627272285001554186884945949      
  0.30902954325135917        5011872.33627272285001554186884945949      
  0.41686938347033636        5011872.33627272285001554186884945949      
  0.56234132519034918        5011872.33627272285001554186884945949      
  0.75857757502918510        5011872.33627272285001554186884945949      
   1.0232929922807537        5011872.33627272285001554186884945949      
   1.3803842646028868        5011872.33627272285001554186884945949      
   1.8620871366628655        5011872.33627272285001554186884945949      
   2.5118864315095824        5011872.33627272285001554186884945949      
   3.3884415613920345        5011872.33627272285001554186884945949      
   4.5708818961487516        5011872.33627272285001554186884945949      
   6.1659500186148355        5011872.33627272285001554186884945949      
   8.3176377110267090        5011872.33627272285001554186884945949      
   11.220184543019652        5011872.33627272285001554186884945949      
   15.135612484362071        5011872.33627272285001554186884945949      
   20.417379446695318        5011872.33627272285001554186884945949      
   27.542287033381744        5011872.33627272285001554186884945949      
   37.153522909717275        5011872.33627272285001554186884945949      
   50.118723362727351        5011872.33627272285001554186884945949      
   67.608297539198190        5011872.33627272285001554186884945949      
   91.201083935591143        5011872.33627272285001554186884945949      
   123.02687708123811        5011872.33627272285001554186884945949      
   165.95869074375631        5011872.33627272285001554186884945949      
   223.87211385683378        5011872.33627272285001554186884945949      
   301.99517204020191        5011872.33627272285001554186884945949      
   407.38027780411386        5011872.33627272285001554186884945949      
   549.54087385762477        5011872.33627272285001554186884945949      
   741.31024130091919        5011872.33627272285001554186884945949      
   1000.0000000000000        5011872.33627272285001554186884945949      
   1.0000000000000000E-010   5623413.25190349080394951039776481270      
   1.3489628825916532E-010   5623413.25190349080394951039776481270      
   1.8197008586099827E-010   5623413.25190349080394951039776481270      
   2.4547089156850315E-010   5623413.25190349080394951039776481270      
   3.3113112148259112E-010   5623413.25190349080394951039776481270      
   4.4668359215096305E-010   5623413.25190349080394951039776481270      
   6.0255958607435815E-010   5623413.25190349080394951039776481270      
   8.1283051616409944E-010   5623413.25190349080394951039776481270      
   1.0964781961431852E-009   5623413.25190349080394951039776481270      
   1.4791083881682072E-009   5623413.25190349080394951039776481270      
   1.9952623149688791E-009   5623413.25190349080394951039776481270      
   2.6915348039269167E-009   5623413.25190349080394951039776481270      
   3.6307805477010139E-009   5623413.25190349080394951039776481270      
   4.8977881936844609E-009   5623413.25190349080394951039776481270      
   6.6069344800759643E-009   5623413.25190349080394951039776481270      
   8.9125093813374596E-009   5623413.25190349080394951039776481270      
   1.2022644346174132E-008   5623413.25190349080394951039776481270      
   1.6218100973589300E-008   5623413.25190349080394951039776481270      
   2.1877616239495521E-008   5623413.25190349080394951039776481270      
   2.9512092266663871E-008   5623413.25190349080394951039776481270      
   3.9810717055349736E-008   5623413.25190349080394951039776481270      
   5.3703179637025271E-008   5623413.25190349080394951039776481270      
   7.2443596007499061E-008   5623413.25190349080394951039776481270      
   9.7723722095581110E-008   5623413.25190349080394951039776481270      
   1.3182567385564072E-007   5623413.25190349080394951039776481270      
   1.7782794100389230E-007   5623413.25190349080394951039776481270      
   2.3988329190194898E-007   5623413.25190349080394951039776481270      
   3.2359365692962843E-007   5623413.25190349080394951039776481270      
   4.3651583224016610E-007   5623413.25190349080394951039776481270      
   5.8884365535558903E-007   5623413.25190349080394951039776481270      
   7.9432823472428220E-007   5623413.25190349080394951039776481270      
   1.0715193052376070E-006   5623413.25190349080394951039776481270      
   1.4454397707459279E-006   5623413.25190349080394951039776481270      
   1.9498445997580454E-006   5623413.25190349080394951039776481270      
   2.6302679918953812E-006   5623413.25190349080394951039776481270      
   3.5481338923357534E-006   5623413.25190349080394951039776481270      
   4.7863009232263809E-006   5623413.25190349080394951039776481270      
   6.4565422903465625E-006   5623413.25190349080394951039776481270      
   8.7096358995608141E-006   5623413.25190349080394951039776481270      
   1.1748975549395302E-005   5623413.25190349080394951039776481270      
   1.5848931924611141E-005   5623413.25190349080394951039776481270      
   2.1379620895022323E-005   5623413.25190349080394951039776481270      
   2.8840315031266060E-005   5623413.25190349080394951039776481270      
   3.8904514499428046E-005   5623413.25190349080394951039776481270      
   5.2480746024977334E-005   5623413.25190349080394951039776481270      
   7.0794578438413880E-005   5623413.25190349080394951039776481270      
   9.5499258602143688E-005   5623413.25190349080394951039776481270      
   1.2882495516931347E-004   5623413.25190349080394951039776481270      
   1.7378008287493763E-004   5623413.25190349080394951039776481270      
   2.3442288153199226E-004   5623413.25190349080394951039776481270      
   3.1622776601683794E-004   5623413.25190349080394951039776481270      
   4.2657951880159252E-004   5623413.25190349080394951039776481270      
   5.7543993733715664E-004   5623413.25190349080394951039776481270      
   7.7624711662869280E-004   5623413.25190349080394951039776481270      
   1.0471285480509007E-003   5623413.25190349080394951039776481270      
   1.4125375446227555E-003   5623413.25190349080394951039776481270      
   1.9054607179632482E-003   5623413.25190349080394951039776481270      
   2.5703957827688645E-003   5623413.25190349080394951039776481270      
   3.4673685045253171E-003   5623413.25190349080394951039776481270      
   4.6773514128719811E-003   5623413.25190349080394951039776481270      
   6.3095734448019433E-003   5623413.25190349080394951039776481270      
   8.5113803820237779E-003   5623413.25190349080394951039776481270      
   1.1481536214968840E-002   5623413.25190349080394951039776481270      
   1.5488166189124795E-002   5623413.25190349080394951039776481270      
   2.0892961308540410E-002   5623413.25190349080394951039776481270      
   2.8183829312644609E-002   5623413.25190349080394951039776481270      
   3.8018939632056131E-002   5623413.25190349080394951039776481270      
   5.1286138399136587E-002   5623413.25190349080394951039776481270      
   6.9183097091893617E-002   5623413.25190349080394951039776481270      
   9.3325430079699248E-002   5623413.25190349080394951039776481270      
  0.12589254117941662        5623413.25190349080394951039776481270      
  0.16982436524617459        5623413.25190349080394951039776481270      
  0.22908676527677702        5623413.25190349080394951039776481270      
  0.30902954325135917        5623413.25190349080394951039776481270      
  0.41686938347033636        5623413.25190349080394951039776481270      
  0.56234132519034918        5623413.25190349080394951039776481270      
  0.75857757502918510        5623413.25190349080394951039776481270      
   1.0232929922807537        5623413.25190349080394951039776481270      
   1.3803842646028868        5623413.25190349080394951039776481270      
   1.8620871366628655        5623413.25190349080394951039776481270      
   2.5118864315095824        5623413.25190349080394951039776481270      
   3.3884415613920345        5623413.25190349080394951039776481270      
   4.5708818961487516        5623413.25190349080394951039776481270      
   6.1659500186148355        5623413.25190349080394951039776481270      
   8.3176377110267090        5623413.25190349080394951039776481270      
   11.220184543019652        5623413.25190349080394951039776481270      
   15.135612484362071        5623413.25190349080394951039776481270      
   20.417379446695318        5623413.25190349080394951039776481270      
   27.542287033381744        5623413.25190349080394951039776481270      
   37.153522909717275        5623413.25190349080394951039776481270      
   50.118723362727351        5623413.25190349080394951039776481270      
   67.608297539198190        5623413.25190349080394951039776481270      
   91.201083935591143        5623413.25190349080394951039776481270      
   123.02687708123811        5623413.25190349080394951039776481270      
   165.95869074375631        5623413.25190349080394951039776481270      
   223.87211385683378        5623413.25190349080394951039776481270      
   301.99517204020191        5623413.25190349080394951039776481270      
   407.38027780411386        5623413.25190349080394951039776481270      
   549.54087385762477        5623413.25190349080394951039776481270      
   741.31024130091919        5623413.25190349080394951039776481270      
   1000.0000000000000        5623413.25190349080394951039776481270      
   1.0000000000000000E-010   6309573.44480193249434360136622343645      
   1.3489628825916532E-010   6309573.44480193249434360136622343645      
   1.8197008586099827E-010   6309573.44480193249434360136622343645      
   2.4547089156850315E-010   6309573.44480193249434360136622343645      
   3.3113112148259112E-010   6309573.44480193249434360136622343645      
   4.4668359215096305E-010   6309573.44480193249434360136622343645      
   6.0255958607435815E-010   6309573.44480193249434360136622343645      
   8.1283051616409944E-010   6309573.44480193249434360136622343645      
   1.0964781961431852E-009   6309573.44480193249434360136622343645      
   1.4791083881682072E-009   6309573.44480193249434360136622343645      
   1.9952623149688791E-009   6309573.44480193249434360136622343645      
   2.6915348039269167E-009   6309573.44480193249434360136622343645      
   3.6307805477010139E-009   6309573.44480193249434360136622343645      
   4.8977881936844609E-009   6309573.44480193249434360136622343645      
   6.6069344800759643E-009   6309573.44480193249434360136622343645      
   8.9125093813374596E-009   6309573.44480193249434360136622343645      
   1.2022644346174132E-008   6309573.44480193249434360136622343645      
   1.6218100973589300E-008   6309573.44480193249434360136622343645      
   2.1877616239495521E-008   6309573.44480193249434360136622343645      
   2.9512092266663871E-008   6309573.44480193249434360136622343645      
   3.9810717055349736E-008   6309573.44480193249434360136622343645      
   5.3703179637025271E-008   6309573.44480193249434360136622343645      
   7.2443596007499061E-008   6309573.44480193249434360136622343645      
   9.7723722095581110E-008   6309573.44480193249434360136622343645      
   1.3182567385564072E-007   6309573.44480193249434360136622343645      
   1.7782794100389230E-007   6309573.44480193249434360136622343645      
   2.3988329190194898E-007   6309573.44480193249434360136622343645      
   3.2359365692962843E-007   6309573.44480193249434360136622343645      
   4.3651583224016610E-007   6309573.44480193249434360136622343645      
   5.8884365535558903E-007   6309573.44480193249434360136622343645      
   7.9432823472428220E-007   6309573.44480193249434360136622343645      
   1.0715193052376070E-006   6309573.44480193249434360136622343645      
   1.4454397707459279E-006   6309573.44480193249434360136622343645      
   1.9498445997580454E-006   6309573.44480193249434360136622343645      
   2.6302679918953812E-006   6309573.44480193249434360136622343645      
   3.5481338923357534E-006   6309573.44480193249434360136622343645      
   4.7863009232263809E-006   6309573.44480193249434360136622343645      
   6.4565422903465625E-006   6309573.44480193249434360136622343645      
   8.7096358995608141E-006   6309573.44480193249434360136622343645      
   1.1748975549395302E-005   6309573.44480193249434360136622343645      
   1.5848931924611141E-005   6309573.44480193249434360136622343645      
   2.1379620895022323E-005   6309573.44480193249434360136622343645      
   2.8840315031266060E-005   6309573.44480193249434360136622343645      
   3.8904514499428046E-005   6309573.44480193249434360136622343645      
   5.2480746024977334E-005   6309573.44480193249434360136622343645      
   7.0794578438413880E-005   6309573.44480193249434360136622343645      
   9.5499258602143688E-005   6309573.44480193249434360136622343645      
   1.2882495516931347E-004   6309573.44480193249434360136622343645      
   1.7378008287493763E-004   6309573.44480193249434360136622343645      
   2.3442288153199226E-004   6309573.44480193249434360136622343645      
   3.1622776601683794E-004   6309573.44480193249434360136622343645      
   4.2657951880159252E-004   6309573.44480193249434360136622343645      
   5.7543993733715664E-004   6309573.44480193249434360136622343645      
   7.7624711662869280E-004   6309573.44480193249434360136622343645      
   1.0471285480509007E-003   6309573.44480193249434360136622343645      
   1.4125375446227555E-003   6309573.44480193249434360136622343645      
   1.9054607179632482E-003   6309573.44480193249434360136622343645      
   2.5703957827688645E-003   6309573.44480193249434360136622343645      
   3.4673685045253171E-003   6309573.44480193249434360136622343645      
   4.6773514128719811E-003   6309573.44480193249434360136622343645      
   6.3095734448019433E-003   6309573.44480193249434360136622343645      
   8.5113803820237779E-003   6309573.44480193249434360136622343645      
   1.1481536214968840E-002   6309573.44480193249434360136622343645      
   1.5488166189124795E-002   6309573.44480193249434360136622343645      
   2.0892961308540410E-002   6309573.44480193249434360136622343645      
   2.8183829312644609E-002   6309573.44480193249434360136622343645      
   3.8018939632056131E-002   6309573.44480193249434360136622343645      
   5.1286138399136587E-002   6309573.44480193249434360136622343645      
   6.9183097091893617E-002   6309573.44480193249434360136622343645      
   9.3325430079699248E-002   6309573.44480193249434360136622343645      
  0.12589254117941662        6309573.44480193249434360136622343645      
  0.16982436524617459        6309573.44480193249434360136622343645      
  0.22908676527677702        6309573.44480193249434360136622343645      
  0.30902954325135917        6309573.44480193249434360136622343645      
  0.41686938347033636        6309573.44480193249434360136622343645      
  0.56234132519034918        6309573.44480193249434360136622343645      
  0.75857757502918510        6309573.44480193249434360136622343645      
   1.0232929922807537        6309573.44480193249434360136622343645      
   1.3803842646028868        6309573.44480193249434360136622343645      
   1.8620871366628655        6309573.44480193249434360136622343645      
   2.5118864315095824        6309573.44480193249434360136622343645      
   3.3884415613920345        6309573.44480193249434360136622343645      
   4.5708818961487516        6309573.44480193249434360136622343645      
   6.1659500186148355        6309573.44480193249434360136622343645      
   8.3176377110267090        6309573.44480193249434360136622343645      
   11.220184543019652        6309573.44480193249434360136622343645      
   15.135612484362071        6309573.44480193249434360136622343645      
   20.417379446695318        6309573.44480193249434360136622343645      
   27.542287033381744        6309573.44480193249434360136622343645      
   37.153522909717275        6309573.44480193249434360136622343645      
   50.118723362727351        6309573.44480193249434360136622343645      
   67.608297539198190        6309573.44480193249434360136622343645      
   91.201083935591143        6309573.44480193249434360136622343645      
   123.02687708123811        6309573.44480193249434360136622343645      
   165.95869074375631        6309573.44480193249434360136622343645      
   223.87211385683378        6309573.44480193249434360136622343645      
   301.99517204020191        6309573.44480193249434360136622343645      
   407.38027780411386        6309573.44480193249434360136622343645      
   549.54087385762477        6309573.44480193249434360136622343645      
   741.31024130091919        6309573.44480193249434360136622343645      
   1000.0000000000000        6309573.44480193249434360136622343645      
   1.0000000000000000E-010   7079457.84384137910802214942189313438      
   1.3489628825916532E-010   7079457.84384137910802214942189313438      
   1.8197008586099827E-010   7079457.84384137910802214942189313438      
   2.4547089156850315E-010   7079457.84384137910802214942189313438      
   3.3113112148259112E-010   7079457.84384137910802214942189313438      
   4.4668359215096305E-010   7079457.84384137910802214942189313438      
   6.0255958607435815E-010   7079457.84384137910802214942189313438      
   8.1283051616409944E-010   7079457.84384137910802214942189313438      
   1.0964781961431852E-009   7079457.84384137910802214942189313438      
   1.4791083881682072E-009   7079457.84384137910802214942189313438      
   1.9952623149688791E-009   7079457.84384137910802214942189313438      
   2.6915348039269167E-009   7079457.84384137910802214942189313438      
   3.6307805477010139E-009   7079457.84384137910802214942189313438      
   4.8977881936844609E-009   7079457.84384137910802214942189313438      
   6.6069344800759643E-009   7079457.84384137910802214942189313438      
   8.9125093813374596E-009   7079457.84384137910802214942189313438      
   1.2022644346174132E-008   7079457.84384137910802214942189313438      
   1.6218100973589300E-008   7079457.84384137910802214942189313438      
   2.1877616239495521E-008   7079457.84384137910802214942189313438      
   2.9512092266663871E-008   7079457.84384137910802214942189313438      
   3.9810717055349736E-008   7079457.84384137910802214942189313438      
   5.3703179637025271E-008   7079457.84384137910802214942189313438      
   7.2443596007499061E-008   7079457.84384137910802214942189313438      
   9.7723722095581110E-008   7079457.84384137910802214942189313438      
   1.3182567385564072E-007   7079457.84384137910802214942189313438      
   1.7782794100389230E-007   7079457.84384137910802214942189313438      
   2.3988329190194898E-007   7079457.84384137910802214942189313438      
   3.2359365692962843E-007   7079457.84384137910802214942189313438      
   4.3651583224016610E-007   7079457.84384137910802214942189313438      
   5.8884365535558903E-007   7079457.84384137910802214942189313438      
   7.9432823472428220E-007   7079457.84384137910802214942189313438      
   1.0715193052376070E-006   7079457.84384137910802214942189313438      
   1.4454397707459279E-006   7079457.84384137910802214942189313438      
   1.9498445997580454E-006   7079457.84384137910802214942189313438      
   2.6302679918953812E-006   7079457.84384137910802214942189313438      
   3.5481338923357534E-006   7079457.84384137910802214942189313438      
   4.7863009232263809E-006   7079457.84384137910802214942189313438      
   6.4565422903465625E-006   7079457.84384137910802214942189313438      
   8.7096358995608141E-006   7079457.84384137910802214942189313438      
   1.1748975549395302E-005   7079457.84384137910802214942189313438      
   1.5848931924611141E-005   7079457.84384137910802214942189313438      
   2.1379620895022323E-005   7079457.84384137910802214942189313438      
   2.8840315031266060E-005   7079457.84384137910802214942189313438      
   3.8904514499428046E-005   7079457.84384137910802214942189313438      
   5.2480746024977334E-005   7079457.84384137910802214942189313438      
   7.0794578438413880E-005   7079457.84384137910802214942189313438      
   9.5499258602143688E-005   7079457.84384137910802214942189313438      
   1.2882495516931347E-004   7079457.84384137910802214942189313438      
   1.7378008287493763E-004   7079457.84384137910802214942189313438      
   2.3442288153199226E-004   7079457.84384137910802214942189313438      
   3.1622776601683794E-004   7079457.84384137910802214942189313438      
   4.2657951880159252E-004   7079457.84384137910802214942189313438      
   5.7543993733715664E-004   7079457.84384137910802214942189313438      
   7.7624711662869280E-004   7079457.84384137910802214942189313438      
   1.0471285480509007E-003   7079457.84384137910802214942189313438      
   1.4125375446227555E-003   7079457.84384137910802214942189313438      
   1.9054607179632482E-003   7079457.84384137910802214942189313438      
   2.5703957827688645E-003   7079457.84384137910802214942189313438      
   3.4673685045253171E-003   7079457.84384137910802214942189313438      
   4.6773514128719811E-003   7079457.84384137910802214942189313438      
   6.3095734448019433E-003   7079457.84384137910802214942189313438      
   8.5113803820237779E-003   7079457.84384137910802214942189313438      
   1.1481536214968840E-002   7079457.84384137910802214942189313438      
   1.5488166189124795E-002   7079457.84384137910802214942189313438      
   2.0892961308540410E-002   7079457.84384137910802214942189313438      
   2.8183829312644609E-002   7079457.84384137910802214942189313438      
   3.8018939632056131E-002   7079457.84384137910802214942189313438      
   5.1286138399136587E-002   7079457.84384137910802214942189313438      
   6.9183097091893617E-002   7079457.84384137910802214942189313438      
   9.3325430079699248E-002   7079457.84384137910802214942189313438      
  0.12589254117941662        7079457.84384137910802214942189313438      
  0.16982436524617459        7079457.84384137910802214942189313438      
  0.22908676527677702        7079457.84384137910802214942189313438      
  0.30902954325135917        7079457.84384137910802214942189313438      
  0.41686938347033636        7079457.84384137910802214942189313438      
  0.56234132519034918        7079457.84384137910802214942189313438      
  0.75857757502918510        7079457.84384137910802214942189313438      
   1.0232929922807537        7079457.84384137910802214942189313438      
   1.3803842646028868        7079457.84384137910802214942189313438      
   1.8620871366628655        7079457.84384137910802214942189313438      
   2.5118864315095824        7079457.84384137910802214942189313438      
   3.3884415613920345        7079457.84384137910802214942189313438      
   4.5708818961487516        7079457.84384137910802214942189313438      
   6.1659500186148355        7079457.84384137910802214942189313438      
   8.3176377110267090        7079457.84384137910802214942189313438      
   11.220184543019652        7079457.84384137910802214942189313438      
   15.135612484362071        7079457.84384137910802214942189313438      
   20.417379446695318        7079457.84384137910802214942189313438      
   27.542287033381744        7079457.84384137910802214942189313438      
   37.153522909717275        7079457.84384137910802214942189313438      
   50.118723362727351        7079457.84384137910802214942189313438      
   67.608297539198190        7079457.84384137910802214942189313438      
   91.201083935591143        7079457.84384137910802214942189313438      
   123.02687708123811        7079457.84384137910802214942189313438      
   165.95869074375631        7079457.84384137910802214942189313438      
   223.87211385683378        7079457.84384137910802214942189313438      
   301.99517204020191        7079457.84384137910802214942189313438      
   407.38027780411386        7079457.84384137910802214942189313438      
   549.54087385762477        7079457.84384137910802214942189313438      
   741.31024130091919        7079457.84384137910802214942189313438      
   1000.0000000000000        7079457.84384137910802214942189313438      
   1.0000000000000000E-010   7943282.34724281502065918282836388504      
   1.3489628825916532E-010   7943282.34724281502065918282836388504      
   1.8197008586099827E-010   7943282.34724281502065918282836388504      
   2.4547089156850315E-010   7943282.34724281502065918282836388504      
   3.3113112148259112E-010   7943282.34724281502065918282836388504      
   4.4668359215096305E-010   7943282.34724281502065918282836388504      
   6.0255958607435815E-010   7943282.34724281502065918282836388504      
   8.1283051616409944E-010   7943282.34724281502065918282836388504      
   1.0964781961431852E-009   7943282.34724281502065918282836388504      
   1.4791083881682072E-009   7943282.34724281502065918282836388504      
   1.9952623149688791E-009   7943282.34724281502065918282836388504      
   2.6915348039269167E-009   7943282.34724281502065918282836388504      
   3.6307805477010139E-009   7943282.34724281502065918282836388504      
   4.8977881936844609E-009   7943282.34724281502065918282836388504      
   6.6069344800759643E-009   7943282.34724281502065918282836388504      
   8.9125093813374596E-009   7943282.34724281502065918282836388504      
   1.2022644346174132E-008   7943282.34724281502065918282836388504      
   1.6218100973589300E-008   7943282.34724281502065918282836388504      
   2.1877616239495521E-008   7943282.34724281502065918282836388504      
   2.9512092266663871E-008   7943282.34724281502065918282836388504      
   3.9810717055349736E-008   7943282.34724281502065918282836388504      
   5.3703179637025271E-008   7943282.34724281502065918282836388504      
   7.2443596007499061E-008   7943282.34724281502065918282836388504      
   9.7723722095581110E-008   7943282.34724281502065918282836388504      
   1.3182567385564072E-007   7943282.34724281502065918282836388504      
   1.7782794100389230E-007   7943282.34724281502065918282836388504      
   2.3988329190194898E-007   7943282.34724281502065918282836388504      
   3.2359365692962843E-007   7943282.34724281502065918282836388504      
   4.3651583224016610E-007   7943282.34724281502065918282836388504      
   5.8884365535558903E-007   7943282.34724281502065918282836388504      
   7.9432823472428220E-007   7943282.34724281502065918282836388504      
   1.0715193052376070E-006   7943282.34724281502065918282836388504      
   1.4454397707459279E-006   7943282.34724281502065918282836388504      
   1.9498445997580454E-006   7943282.34724281502065918282836388504      
   2.6302679918953812E-006   7943282.34724281502065918282836388504      
   3.5481338923357534E-006   7943282.34724281502065918282836388504      
   4.7863009232263809E-006   7943282.34724281502065918282836388504      
   6.4565422903465625E-006   7943282.34724281502065918282836388504      
   8.7096358995608141E-006   7943282.34724281502065918282836388504      
   1.1748975549395302E-005   7943282.34724281502065918282836388504      
   1.5848931924611141E-005   7943282.34724281502065918282836388504      
   2.1379620895022323E-005   7943282.34724281502065918282836388504      
   2.8840315031266060E-005   7943282.34724281502065918282836388504      
   3.8904514499428046E-005   7943282.34724281502065918282836388504      
   5.2480746024977334E-005   7943282.34724281502065918282836388504      
   7.0794578438413880E-005   7943282.34724281502065918282836388504      
   9.5499258602143688E-005   7943282.34724281502065918282836388504      
   1.2882495516931347E-004   7943282.34724281502065918282836388504      
   1.7378008287493763E-004   7943282.34724281502065918282836388504      
   2.3442288153199226E-004   7943282.34724281502065918282836388504      
   3.1622776601683794E-004   7943282.34724281502065918282836388504      
   4.2657951880159252E-004   7943282.34724281502065918282836388504      
   5.7543993733715664E-004   7943282.34724281502065918282836388504      
   7.7624711662869280E-004   7943282.34724281502065918282836388504      
   1.0471285480509007E-003   7943282.34724281502065918282836388504      
   1.4125375446227555E-003   7943282.34724281502065918282836388504      
   1.9054607179632482E-003   7943282.34724281502065918282836388504      
   2.5703957827688645E-003   7943282.34724281502065918282836388504      
   3.4673685045253171E-003   7943282.34724281502065918282836388504      
   4.6773514128719811E-003   7943282.34724281502065918282836388504      
   6.3095734448019433E-003   7943282.34724281502065918282836388504      
   8.5113803820237779E-003   7943282.34724281502065918282836388504      
   1.1481536214968840E-002   7943282.34724281502065918282836388504      
   1.5488166189124795E-002   7943282.34724281502065918282836388504      
   2.0892961308540410E-002   7943282.34724281502065918282836388504      
   2.8183829312644609E-002   7943282.34724281502065918282836388504      
   3.8018939632056131E-002   7943282.34724281502065918282836388504      
   5.1286138399136587E-002   7943282.34724281502065918282836388504      
   6.9183097091893617E-002   7943282.34724281502065918282836388504      
   9.3325430079699248E-002   7943282.34724281502065918282836388504      
  0.12589254117941662        7943282.34724281502065918282836388504      
  0.16982436524617459        7943282.34724281502065918282836388504      
  0.22908676527677702        7943282.34724281502065918282836388504      
  0.30902954325135917        7943282.34724281502065918282836388504      
  0.41686938347033636        7943282.34724281502065918282836388504      
  0.56234132519034918        7943282.34724281502065918282836388504      
  0.75857757502918510        7943282.34724281502065918282836388504      
   1.0232929922807537        7943282.34724281502065918282836388504      
   1.3803842646028868        7943282.34724281502065918282836388504      
   1.8620871366628655        7943282.34724281502065918282836388504      
   2.5118864315095824        7943282.34724281502065918282836388504      
   3.3884415613920345        7943282.34724281502065918282836388504      
   4.5708818961487516        7943282.34724281502065918282836388504      
   6.1659500186148355        7943282.34724281502065918282836388504      
   8.3176377110267090        7943282.34724281502065918282836388504      
   11.220184543019652        7943282.34724281502065918282836388504      
   15.135612484362071        7943282.34724281502065918282836388504      
   20.417379446695318        7943282.34724281502065918282836388504      
   27.542287033381744        7943282.34724281502065918282836388504      
   37.153522909717275        7943282.34724281502065918282836388504      
   50.118723362727351        7943282.34724281502065918282836388504      
   67.608297539198190        7943282.34724281502065918282836388504      
   91.201083935591143        7943282.34724281502065918282836388504      
   123.02687708123811        7943282.34724281502065918282836388504      
   165.95869074375631        7943282.34724281502065918282836388504      
   223.87211385683378        7943282.34724281502065918282836388504      
   301.99517204020191        7943282.34724281502065918282836388504      
   407.38027780411386        7943282.34724281502065918282836388504      
   549.54087385762477        7943282.34724281502065918282836388504      
   741.31024130091919        7943282.34724281502065918282836388504      
   1000.0000000000000        7943282.34724281502065918282836388504      
   1.0000000000000000E-010   8912509.38133745529953108681078297266      
   1.3489628825916532E-010   8912509.38133745529953108681078297266      
   1.8197008586099827E-010   8912509.38133745529953108681078297266      
   2.4547089156850315E-010   8912509.38133745529953108681078297266      
   3.3113112148259112E-010   8912509.38133745529953108681078297266      
   4.4668359215096305E-010   8912509.38133745529953108681078297266      
   6.0255958607435815E-010   8912509.38133745529953108681078297266      
   8.1283051616409944E-010   8912509.38133745529953108681078297266      
   1.0964781961431852E-009   8912509.38133745529953108681078297266      
   1.4791083881682072E-009   8912509.38133745529953108681078297266      
   1.9952623149688791E-009   8912509.38133745529953108681078297266      
   2.6915348039269167E-009   8912509.38133745529953108681078297266      
   3.6307805477010139E-009   8912509.38133745529953108681078297266      
   4.8977881936844609E-009   8912509.38133745529953108681078297266      
   6.6069344800759643E-009   8912509.38133745529953108681078297266      
   8.9125093813374596E-009   8912509.38133745529953108681078297266      
   1.2022644346174132E-008   8912509.38133745529953108681078297266      
   1.6218100973589300E-008   8912509.38133745529953108681078297266      
   2.1877616239495521E-008   8912509.38133745529953108681078297266      
   2.9512092266663871E-008   8912509.38133745529953108681078297266      
   3.9810717055349736E-008   8912509.38133745529953108681078297266      
   5.3703179637025271E-008   8912509.38133745529953108681078297266      
   7.2443596007499061E-008   8912509.38133745529953108681078297266      
   9.7723722095581110E-008   8912509.38133745529953108681078297266      
   1.3182567385564072E-007   8912509.38133745529953108681078297266      
   1.7782794100389230E-007   8912509.38133745529953108681078297266      
   2.3988329190194898E-007   8912509.38133745529953108681078297266      
   3.2359365692962843E-007   8912509.38133745529953108681078297266      
   4.3651583224016610E-007   8912509.38133745529953108681078297266      
   5.8884365535558903E-007   8912509.38133745529953108681078297266      
   7.9432823472428220E-007   8912509.38133745529953108681078297266      
   1.0715193052376070E-006   8912509.38133745529953108681078297266      
   1.4454397707459279E-006   8912509.38133745529953108681078297266      
   1.9498445997580454E-006   8912509.38133745529953108681078297266      
   2.6302679918953812E-006   8912509.38133745529953108681078297266      
   3.5481338923357534E-006   8912509.38133745529953108681078297266      
   4.7863009232263809E-006   8912509.38133745529953108681078297266      
   6.4565422903465625E-006   8912509.38133745529953108681078297266      
   8.7096358995608141E-006   8912509.38133745529953108681078297266      
   1.1748975549395302E-005   8912509.38133745529953108681078297266      
   1.5848931924611141E-005   8912509.38133745529953108681078297266      
   2.1379620895022323E-005   8912509.38133745529953108681078297266      
   2.8840315031266060E-005   8912509.38133745529953108681078297266      
   3.8904514499428046E-005   8912509.38133745529953108681078297266      
   5.2480746024977334E-005   8912509.38133745529953108681078297266      
   7.0794578438413880E-005   8912509.38133745529953108681078297266      
   9.5499258602143688E-005   8912509.38133745529953108681078297266      
   1.2882495516931347E-004   8912509.38133745529953108681078297266      
   1.7378008287493763E-004   8912509.38133745529953108681078297266      
   2.3442288153199226E-004   8912509.38133745529953108681078297266      
   3.1622776601683794E-004   8912509.38133745529953108681078297266      
   4.2657951880159252E-004   8912509.38133745529953108681078297266      
   5.7543993733715664E-004   8912509.38133745529953108681078297266      
   7.7624711662869280E-004   8912509.38133745529953108681078297266      
   1.0471285480509007E-003   8912509.38133745529953108681078297266      
   1.4125375446227555E-003   8912509.38133745529953108681078297266      
   1.9054607179632482E-003   8912509.38133745529953108681078297266      
   2.5703957827688645E-003   8912509.38133745529953108681078297266      
   3.4673685045253171E-003   8912509.38133745529953108681078297266      
   4.6773514128719811E-003   8912509.38133745529953108681078297266      
   6.3095734448019433E-003   8912509.38133745529953108681078297266      
   8.5113803820237779E-003   8912509.38133745529953108681078297266      
   1.1481536214968840E-002   8912509.38133745529953108681078297266      
   1.5488166189124795E-002   8912509.38133745529953108681078297266      
   2.0892961308540410E-002   8912509.38133745529953108681078297266      
   2.8183829312644609E-002   8912509.38133745529953108681078297266      
   3.8018939632056131E-002   8912509.38133745529953108681078297266      
   5.1286138399136587E-002   8912509.38133745529953108681078297266      
   6.9183097091893617E-002   8912509.38133745529953108681078297266      
   9.3325430079699248E-002   8912509.38133745529953108681078297266      
  0.12589254117941662        8912509.38133745529953108681078297266      
  0.16982436524617459        8912509.38133745529953108681078297266      
  0.22908676527677702        8912509.38133745529953108681078297266      
  0.30902954325135917        8912509.38133745529953108681078297266      
  0.41686938347033636        8912509.38133745529953108681078297266      
  0.56234132519034918        8912509.38133745529953108681078297266      
  0.75857757502918510        8912509.38133745529953108681078297266      
   1.0232929922807537        8912509.38133745529953108681078297266      
   1.3803842646028868        8912509.38133745529953108681078297266      
   1.8620871366628655        8912509.38133745529953108681078297266      
   2.5118864315095824        8912509.38133745529953108681078297266      
   3.3884415613920345        8912509.38133745529953108681078297266      
   4.5708818961487516        8912509.38133745529953108681078297266      
   6.1659500186148355        8912509.38133745529953108681078297266      
   8.3176377110267090        8912509.38133745529953108681078297266      
   11.220184543019652        8912509.38133745529953108681078297266      
   15.135612484362071        8912509.38133745529953108681078297266      
   20.417379446695318        8912509.38133745529953108681078297266      
   27.542287033381744        8912509.38133745529953108681078297266      
   37.153522909717275        8912509.38133745529953108681078297266      
   50.118723362727351        8912509.38133745529953108681078297266      
   67.608297539198190        8912509.38133745529953108681078297266      
   91.201083935591143        8912509.38133745529953108681078297266      
   123.02687708123811        8912509.38133745529953108681078297266      
   165.95869074375631        8912509.38133745529953108681078297266      
   223.87211385683378        8912509.38133745529953108681078297266      
   301.99517204020191        8912509.38133745529953108681078297266      
   407.38027780411386        8912509.38133745529953108681078297266      
   549.54087385762477        8912509.38133745529953108681078297266      
   741.31024130091919        8912509.38133745529953108681078297266      
   1000.0000000000000        8912509.38133745529953108681078297266      
   1.0000000000000000E-010   10000000.0000000000000000000000000000      
   1.3489628825916532E-010   10000000.0000000000000000000000000000      
   1.8197008586099827E-010   10000000.0000000000000000000000000000      
   2.4547089156850315E-010   10000000.0000000000000000000000000000      
   3.3113112148259112E-010   10000000.0000000000000000000000000000      
   4.4668359215096305E-010   10000000.0000000000000000000000000000      
   6.0255958607435815E-010   10000000.0000000000000000000000000000      
   8.1283051616409944E-010   10000000.0000000000000000000000000000      
   1.0964781961431852E-009   10000000.0000000000000000000000000000      
   1.4791083881682072E-009   10000000.0000000000000000000000000000      
   1.9952623149688791E-009   10000000.0000000000000000000000000000      
   2.6915348039269167E-009   10000000.0000000000000000000000000000      
   3.6307805477010139E-009   10000000.0000000000000000000000000000      
   4.8977881936844609E-009   10000000.0000000000000000000000000000      
   6.6069344800759643E-009   10000000.0000000000000000000000000000      
   8.9125093813374596E-009   10000000.0000000000000000000000000000      
   1.2022644346174132E-008   10000000.0000000000000000000000000000      
   1.6218100973589300E-008   10000000.0000000000000000000000000000      
   2.1877616239495521E-008   10000000.0000000000000000000000000000      
   2.9512092266663871E-008   10000000.0000000000000000000000000000      
   3.9810717055349736E-008   10000000.0000000000000000000000000000      
   5.3703179637025271E-008   10000000.0000000000000000000000000000      
   7.2443596007499061E-008   10000000.0000000000000000000000000000      
   9.7723722095581110E-008   10000000.0000000000000000000000000000      
   1.3182567385564072E-007   10000000.0000000000000000000000000000      
   1.7782794100389230E-007   10000000.0000000000000000000000000000      
   2.3988329190194898E-007   10000000.0000000000000000000000000000      
   3.2359365692962843E-007   10000000.0000000000000000000000000000      
   4.3651583224016610E-007   10000000.0000000000000000000000000000      
   5.8884365535558903E-007   10000000.0000000000000000000000000000      
   7.9432823472428220E-007   10000000.0000000000000000000000000000      
   1.0715193052376070E-006   10000000.0000000000000000000000000000      
   1.4454397707459279E-006   10000000.0000000000000000000000000000      
   1.9498445997580454E-006   10000000.0000000000000000000000000000      
   2.6302679918953812E-006   10000000.0000000000000000000000000000      
   3.5481338923357534E-006   10000000.0000000000000000000000000000      
   4.7863009232263809E-006   10000000.0000000000000000000000000000      
   6.4565422903465625E-006   10000000.0000000000000000000000000000      
   8.7096358995608141E-006   10000000.0000000000000000000000000000      
   1.1748975549395302E-005   10000000.0000000000000000000000000000      
   1.5848931924611141E-005   10000000.0000000000000000000000000000      
   2.1379620895022323E-005   10000000.0000000000000000000000000000      
   2.8840315031266060E-005   10000000.0000000000000000000000000000      
   3.8904514499428046E-005   10000000.0000000000000000000000000000      
   5.2480746024977334E-005   10000000.0000000000000000000000000000      
   7.0794578438413880E-005   10000000.0000000000000000000000000000      
   9.5499258602143688E-005   10000000.0000000000000000000000000000      
   1.2882495516931347E-004   10000000.0000000000000000000000000000      
   1.7378008287493763E-004   10000000.0000000000000000000000000000      
   2.3442288153199226E-004   10000000.0000000000000000000000000000      
   3.1622776601683794E-004   10000000.0000000000000000000000000000      
   4.2657951880159252E-004   10000000.0000000000000000000000000000      
   5.7543993733715664E-004   10000000.0000000000000000000000000000      
   7.7624711662869280E-004   10000000.0000000000000000000000000000      
   1.0471285480509007E-003   10000000.0000000000000000000000000000      
   1.4125375446227555E-003   10000000.0000000000000000000000000000      
   1.9054607179632482E-003   10000000.0000000000000000000000000000      
   2.5703957827688645E-003   10000000.0000000000000000000000000000      
   3.4673685045253171E-003   10000000.0000000000000000000000000000      
   4.6773514128719811E-003   10000000.0000000000000000000000000000      
   6.3095734448019433E-003   10000000.0000000000000000000000000000      
   8.5113803820237779E-003   10000000.0000000000000000000000000000      
   1.1481536214968840E-002   10000000.0000000000000000000000000000      
   1.5488166189124795E-002   10000000.0000000000000000000000000000      
   2.0892961308540410E-002   10000000.0000000000000000000000000000      
   2.8183829312644609E-002   10000000.0000000000000000000000000000      
   3.8018939632056131E-002   10000000.0000000000000000000000000000      
   5.1286138399136587E-002   10000000.0000000000000000000000000000      
   6.9183097091893617E-002   10000000.0000000000000000000000000000      
   9.3325430079699248E-002   10000000.0000000000000000000000000000      
  0.12589254117941662        10000000.0000000000000000000000000000      
  0.16982436524617459        10000000.0000000000000000000000000000      
  0.22908676527677702        10000000.0000000000000000000000000000      
  0.30902954325135917        10000000.0000000000000000000000000000      
  0.41686938347033636        10000000.0000000000000000000000000000      
  0.56234132519034918        10000000.0000000000000000000000000000      
  0.75857757502918510        10000000.0000000000000000000000000000      
   1.0232929922807537        10000000.0000000000000000000000000000      
   1.3803842646028868        10000000.0000000000000000000000000000      
   1.8620871366628655        10000000.0000000000000000000000000000      
   2.5118864315095824        10000000.0000000000000000000000000000      
   3.3884415613920345        10000000.0000000000000000000000000000      
   4.5708818961487516        10000000.0000000000000000000000000000      
   6.1659500186148355        10000000.0000000000000000000000000000      
   8.3176377110267090        10000000.0000000000000000000000000000      
   11.220184543019652        10000000.0000000000000000000000000000      
   15.135612484362071        10000000.0000000000000000000000000000      
   20.417379446695318        10000000.0000000000000000000000000000      
   27.542287033381744        10000000.0000000000000000000000000000      
   37.153522909717275        10000000.0000000000000000000000000000      
   50.118723362727351        10000000.0000000000000000000000000000      
   67.608297539198190        10000000.0000000000000000000000000000      
   91.201083935591143        10000000.0000000000000000000000000000      
   123.02687708123811        10000000.0000000000000000000000000000      
   165.95869074375631        10000000.0000000000000000000000000000      
   223.87211385683378        10000000.0000000000000000000000000000      
   301.99517204020191        10000000.0000000000000000000000000000      
   407.38027780411386        10000000.0000000000000000000000000000      
   549.54087385762477        10000000.0000000000000000000000000000      
   741.31024130091919        10000000.0000000000000000000000000000      
   1000.0000000000000        10000000.0000000000000000000000000000      
   1.0000000000000000E-010   11220184.5430196343559103894647790531      
   1.3489628825916532E-010   11220184.5430196343559103894647790531      
   1.8197008586099827E-010   11220184.5430196343559103894647790531      
   2.4547089156850315E-010   11220184.5430196343559103894647790531      
   3.3113112148259112E-010   11220184.5430196343559103894647790531      
   4.4668359215096305E-010   11220184.5430196343559103894647790531      
   6.0255958607435815E-010   11220184.5430196343559103894647790531      
   8.1283051616409944E-010   11220184.5430196343559103894647790531      
   1.0964781961431852E-009   11220184.5430196343559103894647790531      
   1.4791083881682072E-009   11220184.5430196343559103894647790531      
   1.9952623149688791E-009   11220184.5430196343559103894647790531      
   2.6915348039269167E-009   11220184.5430196343559103894647790531      
   3.6307805477010139E-009   11220184.5430196343559103894647790531      
   4.8977881936844609E-009   11220184.5430196343559103894647790531      
   6.6069344800759643E-009   11220184.5430196343559103894647790531      
   8.9125093813374596E-009   11220184.5430196343559103894647790531      
   1.2022644346174132E-008   11220184.5430196343559103894647790531      
   1.6218100973589300E-008   11220184.5430196343559103894647790531      
   2.1877616239495521E-008   11220184.5430196343559103894647790531      
   2.9512092266663871E-008   11220184.5430196343559103894647790531      
   3.9810717055349736E-008   11220184.5430196343559103894647790531      
   5.3703179637025271E-008   11220184.5430196343559103894647790531      
   7.2443596007499061E-008   11220184.5430196343559103894647790531      
   9.7723722095581110E-008   11220184.5430196343559103894647790531      
   1.3182567385564072E-007   11220184.5430196343559103894647790531      
   1.7782794100389230E-007   11220184.5430196343559103894647790531      
   2.3988329190194898E-007   11220184.5430196343559103894647790531      
   3.2359365692962843E-007   11220184.5430196343559103894647790531      
   4.3651583224016610E-007   11220184.5430196343559103894647790531      
   5.8884365535558903E-007   11220184.5430196343559103894647790531      
   7.9432823472428220E-007   11220184.5430196343559103894647790531      
   1.0715193052376070E-006   11220184.5430196343559103894647790531      
   1.4454397707459279E-006   11220184.5430196343559103894647790531      
   1.9498445997580454E-006   11220184.5430196343559103894647790531      
   2.6302679918953812E-006   11220184.5430196343559103894647790531      
   3.5481338923357534E-006   11220184.5430196343559103894647790531      
   4.7863009232263809E-006   11220184.5430196343559103894647790531      
   6.4565422903465625E-006   11220184.5430196343559103894647790531      
   8.7096358995608141E-006   11220184.5430196343559103894647790531      
   1.1748975549395302E-005   11220184.5430196343559103894647790531      
   1.5848931924611141E-005   11220184.5430196343559103894647790531      
   2.1379620895022323E-005   11220184.5430196343559103894647790531      
   2.8840315031266060E-005   11220184.5430196343559103894647790531      
   3.8904514499428046E-005   11220184.5430196343559103894647790531      
   5.2480746024977334E-005   11220184.5430196343559103894647790531      
   7.0794578438413880E-005   11220184.5430196343559103894647790531      
   9.5499258602143688E-005   11220184.5430196343559103894647790531      
   1.2882495516931347E-004   11220184.5430196343559103894647790531      
   1.7378008287493763E-004   11220184.5430196343559103894647790531      
   2.3442288153199226E-004   11220184.5430196343559103894647790531      
   3.1622776601683794E-004   11220184.5430196343559103894647790531      
   4.2657951880159252E-004   11220184.5430196343559103894647790531      
   5.7543993733715664E-004   11220184.5430196343559103894647790531      
   7.7624711662869280E-004   11220184.5430196343559103894647790531      
   1.0471285480509007E-003   11220184.5430196343559103894647790531      
   1.4125375446227555E-003   11220184.5430196343559103894647790531      
   1.9054607179632482E-003   11220184.5430196343559103894647790531      
   2.5703957827688645E-003   11220184.5430196343559103894647790531      
   3.4673685045253171E-003   11220184.5430196343559103894647790531      
   4.6773514128719811E-003   11220184.5430196343559103894647790531      
   6.3095734448019433E-003   11220184.5430196343559103894647790531      
   8.5113803820237779E-003   11220184.5430196343559103894647790531      
   1.1481536214968840E-002   11220184.5430196343559103894647790531      
   1.5488166189124795E-002   11220184.5430196343559103894647790531      
   2.0892961308540410E-002   11220184.5430196343559103894647790531      
   2.8183829312644609E-002   11220184.5430196343559103894647790531      
   3.8018939632056131E-002   11220184.5430196343559103894647790531      
   5.1286138399136587E-002   11220184.5430196343559103894647790531      
   6.9183097091893617E-002   11220184.5430196343559103894647790531      
   9.3325430079699248E-002   11220184.5430196343559103894647790531      
  0.12589254117941662        11220184.5430196343559103894647790531      
  0.16982436524617459        11220184.5430196343559103894647790531      
  0.22908676527677702        11220184.5430196343559103894647790531      
  0.30902954325135917        11220184.5430196343559103894647790531      
  0.41686938347033636        11220184.5430196343559103894647790531      
  0.56234132519034918        11220184.5430196343559103894647790531      
  0.75857757502918510        11220184.5430196343559103894647790531      
   1.0232929922807537        11220184.5430196343559103894647790531      
   1.3803842646028868        11220184.5430196343559103894647790531      
   1.8620871366628655        11220184.5430196343559103894647790531      
   2.5118864315095824        11220184.5430196343559103894647790531      
   3.3884415613920345        11220184.5430196343559103894647790531      
   4.5708818961487516        11220184.5430196343559103894647790531      
   6.1659500186148355        11220184.5430196343559103894647790531      
   8.3176377110267090        11220184.5430196343559103894647790531      
   11.220184543019652        11220184.5430196343559103894647790531      
   15.135612484362071        11220184.5430196343559103894647790531      
   20.417379446695318        11220184.5430196343559103894647790531      
   27.542287033381744        11220184.5430196343559103894647790531      
   37.153522909717275        11220184.5430196343559103894647790531      
   50.118723362727351        11220184.5430196343559103894647790531      
   67.608297539198190        11220184.5430196343559103894647790531      
   91.201083935591143        11220184.5430196343559103894647790531      
   123.02687708123811        11220184.5430196343559103894647790531      
   165.95869074375631        11220184.5430196343559103894647790531      
   223.87211385683378        11220184.5430196343559103894647790531      
   301.99517204020191        11220184.5430196343559103894647790531      
   407.38027780411386        11220184.5430196343559103894647790531      
   549.54087385762477        11220184.5430196343559103894647790531      
   741.31024130091919        11220184.5430196343559103894647790531      
   1000.0000000000000        11220184.5430196343559103894647790531      
   1.0000000000000000E-010   12589254.1179416721042395410639580200      
   1.3489628825916532E-010   12589254.1179416721042395410639580200      
   1.8197008586099827E-010   12589254.1179416721042395410639580200      
   2.4547089156850315E-010   12589254.1179416721042395410639580200      
   3.3113112148259112E-010   12589254.1179416721042395410639580200      
   4.4668359215096305E-010   12589254.1179416721042395410639580200      
   6.0255958607435815E-010   12589254.1179416721042395410639580200      
   8.1283051616409944E-010   12589254.1179416721042395410639580200      
   1.0964781961431852E-009   12589254.1179416721042395410639580200      
   1.4791083881682072E-009   12589254.1179416721042395410639580200      
   1.9952623149688791E-009   12589254.1179416721042395410639580200      
   2.6915348039269167E-009   12589254.1179416721042395410639580200      
   3.6307805477010139E-009   12589254.1179416721042395410639580200      
   4.8977881936844609E-009   12589254.1179416721042395410639580200      
   6.6069344800759643E-009   12589254.1179416721042395410639580200      
   8.9125093813374596E-009   12589254.1179416721042395410639580200      
   1.2022644346174132E-008   12589254.1179416721042395410639580200      
   1.6218100973589300E-008   12589254.1179416721042395410639580200      
   2.1877616239495521E-008   12589254.1179416721042395410639580200      
   2.9512092266663871E-008   12589254.1179416721042395410639580200      
   3.9810717055349736E-008   12589254.1179416721042395410639580200      
   5.3703179637025271E-008   12589254.1179416721042395410639580200      
   7.2443596007499061E-008   12589254.1179416721042395410639580200      
   9.7723722095581110E-008   12589254.1179416721042395410639580200      
   1.3182567385564072E-007   12589254.1179416721042395410639580200      
   1.7782794100389230E-007   12589254.1179416721042395410639580200      
   2.3988329190194898E-007   12589254.1179416721042395410639580200      
   3.2359365692962843E-007   12589254.1179416721042395410639580200      
   4.3651583224016610E-007   12589254.1179416721042395410639580200      
   5.8884365535558903E-007   12589254.1179416721042395410639580200      
   7.9432823472428220E-007   12589254.1179416721042395410639580200      
   1.0715193052376070E-006   12589254.1179416721042395410639580200      
   1.4454397707459279E-006   12589254.1179416721042395410639580200      
   1.9498445997580454E-006   12589254.1179416721042395410639580200      
   2.6302679918953812E-006   12589254.1179416721042395410639580200      
   3.5481338923357534E-006   12589254.1179416721042395410639580200      
   4.7863009232263809E-006   12589254.1179416721042395410639580200      
   6.4565422903465625E-006   12589254.1179416721042395410639580200      
   8.7096358995608141E-006   12589254.1179416721042395410639580200      
   1.1748975549395302E-005   12589254.1179416721042395410639580200      
   1.5848931924611141E-005   12589254.1179416721042395410639580200      
   2.1379620895022323E-005   12589254.1179416721042395410639580200      
   2.8840315031266060E-005   12589254.1179416721042395410639580200      
   3.8904514499428046E-005   12589254.1179416721042395410639580200      
   5.2480746024977334E-005   12589254.1179416721042395410639580200      
   7.0794578438413880E-005   12589254.1179416721042395410639580200      
   9.5499258602143688E-005   12589254.1179416721042395410639580200      
   1.2882495516931347E-004   12589254.1179416721042395410639580200      
   1.7378008287493763E-004   12589254.1179416721042395410639580200      
   2.3442288153199226E-004   12589254.1179416721042395410639580200      
   3.1622776601683794E-004   12589254.1179416721042395410639580200      
   4.2657951880159252E-004   12589254.1179416721042395410639580200      
   5.7543993733715664E-004   12589254.1179416721042395410639580200      
   7.7624711662869280E-004   12589254.1179416721042395410639580200      
   1.0471285480509007E-003   12589254.1179416721042395410639580200      
   1.4125375446227555E-003   12589254.1179416721042395410639580200      
   1.9054607179632482E-003   12589254.1179416721042395410639580200      
   2.5703957827688645E-003   12589254.1179416721042395410639580200      
   3.4673685045253171E-003   12589254.1179416721042395410639580200      
   4.6773514128719811E-003   12589254.1179416721042395410639580200      
   6.3095734448019433E-003   12589254.1179416721042395410639580200      
   8.5113803820237779E-003   12589254.1179416721042395410639580200      
   1.1481536214968840E-002   12589254.1179416721042395410639580200      
   1.5488166189124795E-002   12589254.1179416721042395410639580200      
   2.0892961308540410E-002   12589254.1179416721042395410639580200      
   2.8183829312644609E-002   12589254.1179416721042395410639580200      
   3.8018939632056131E-002   12589254.1179416721042395410639580200      
   5.1286138399136587E-002   12589254.1179416721042395410639580200      
   6.9183097091893617E-002   12589254.1179416721042395410639580200      
   9.3325430079699248E-002   12589254.1179416721042395410639580200      
  0.12589254117941662        12589254.1179416721042395410639580200      
  0.16982436524617459        12589254.1179416721042395410639580200      
  0.22908676527677702        12589254.1179416721042395410639580200      
  0.30902954325135917        12589254.1179416721042395410639580200      
  0.41686938347033636        12589254.1179416721042395410639580200      
  0.56234132519034918        12589254.1179416721042395410639580200      
  0.75857757502918510        12589254.1179416721042395410639580200      
   1.0232929922807537        12589254.1179416721042395410639580200      
   1.3803842646028868        12589254.1179416721042395410639580200      
   1.8620871366628655        12589254.1179416721042395410639580200      
   2.5118864315095824        12589254.1179416721042395410639580200      
   3.3884415613920345        12589254.1179416721042395410639580200      
   4.5708818961487516        12589254.1179416721042395410639580200      
   6.1659500186148355        12589254.1179416721042395410639580200      
   8.3176377110267090        12589254.1179416721042395410639580200      
   11.220184543019652        12589254.1179416721042395410639580200      
   15.135612484362071        12589254.1179416721042395410639580200      
   20.417379446695318        12589254.1179416721042395410639580200      
   27.542287033381744        12589254.1179416721042395410639580200      
   37.153522909717275        12589254.1179416721042395410639580200      
   50.118723362727351        12589254.1179416721042395410639580200      
   67.608297539198190        12589254.1179416721042395410639580200      
   91.201083935591143        12589254.1179416721042395410639580200      
   123.02687708123811        12589254.1179416721042395410639580200      
   165.95869074375631        12589254.1179416721042395410639580200      
   223.87211385683378        12589254.1179416721042395410639580200      
   301.99517204020191        12589254.1179416721042395410639580200      
   407.38027780411386        12589254.1179416721042395410639580200      
   549.54087385762477        12589254.1179416721042395410639580200      
   741.31024130091919        12589254.1179416721042395410639580200      
   1000.0000000000000        12589254.1179416721042395410639580200      
   1.0000000000000000E-010   14125375.4462275430215560786393024202      
   1.3489628825916532E-010   14125375.4462275430215560786393024202      
   1.8197008586099827E-010   14125375.4462275430215560786393024202      
   2.4547089156850315E-010   14125375.4462275430215560786393024202      
   3.3113112148259112E-010   14125375.4462275430215560786393024202      
   4.4668359215096305E-010   14125375.4462275430215560786393024202      
   6.0255958607435815E-010   14125375.4462275430215560786393024202      
   8.1283051616409944E-010   14125375.4462275430215560786393024202      
   1.0964781961431852E-009   14125375.4462275430215560786393024202      
   1.4791083881682072E-009   14125375.4462275430215560786393024202      
   1.9952623149688791E-009   14125375.4462275430215560786393024202      
   2.6915348039269167E-009   14125375.4462275430215560786393024202      
   3.6307805477010139E-009   14125375.4462275430215560786393024202      
   4.8977881936844609E-009   14125375.4462275430215560786393024202      
   6.6069344800759643E-009   14125375.4462275430215560786393024202      
   8.9125093813374596E-009   14125375.4462275430215560786393024202      
   1.2022644346174132E-008   14125375.4462275430215560786393024202      
   1.6218100973589300E-008   14125375.4462275430215560786393024202      
   2.1877616239495521E-008   14125375.4462275430215560786393024202      
   2.9512092266663871E-008   14125375.4462275430215560786393024202      
   3.9810717055349736E-008   14125375.4462275430215560786393024202      
   5.3703179637025271E-008   14125375.4462275430215560786393024202      
   7.2443596007499061E-008   14125375.4462275430215560786393024202      
   9.7723722095581110E-008   14125375.4462275430215560786393024202      
   1.3182567385564072E-007   14125375.4462275430215560786393024202      
   1.7782794100389230E-007   14125375.4462275430215560786393024202      
   2.3988329190194898E-007   14125375.4462275430215560786393024202      
   3.2359365692962843E-007   14125375.4462275430215560786393024202      
   4.3651583224016610E-007   14125375.4462275430215560786393024202      
   5.8884365535558903E-007   14125375.4462275430215560786393024202      
   7.9432823472428220E-007   14125375.4462275430215560786393024202      
   1.0715193052376070E-006   14125375.4462275430215560786393024202      
   1.4454397707459279E-006   14125375.4462275430215560786393024202      
   1.9498445997580454E-006   14125375.4462275430215560786393024202      
   2.6302679918953812E-006   14125375.4462275430215560786393024202      
   3.5481338923357534E-006   14125375.4462275430215560786393024202      
   4.7863009232263809E-006   14125375.4462275430215560786393024202      
   6.4565422903465625E-006   14125375.4462275430215560786393024202      
   8.7096358995608141E-006   14125375.4462275430215560786393024202      
   1.1748975549395302E-005   14125375.4462275430215560786393024202      
   1.5848931924611141E-005   14125375.4462275430215560786393024202      
   2.1379620895022323E-005   14125375.4462275430215560786393024202      
   2.8840315031266060E-005   14125375.4462275430215560786393024202      
   3.8904514499428046E-005   14125375.4462275430215560786393024202      
   5.2480746024977334E-005   14125375.4462275430215560786393024202      
   7.0794578438413880E-005   14125375.4462275430215560786393024202      
   9.5499258602143688E-005   14125375.4462275430215560786393024202      
   1.2882495516931347E-004   14125375.4462275430215560786393024202      
   1.7378008287493763E-004   14125375.4462275430215560786393024202      
   2.3442288153199226E-004   14125375.4462275430215560786393024202      
   3.1622776601683794E-004   14125375.4462275430215560786393024202      
   4.2657951880159252E-004   14125375.4462275430215560786393024202      
   5.7543993733715664E-004   14125375.4462275430215560786393024202      
   7.7624711662869280E-004   14125375.4462275430215560786393024202      
   1.0471285480509007E-003   14125375.4462275430215560786393024202      
   1.4125375446227555E-003   14125375.4462275430215560786393024202      
   1.9054607179632482E-003   14125375.4462275430215560786393024202      
   2.5703957827688645E-003   14125375.4462275430215560786393024202      
   3.4673685045253171E-003   14125375.4462275430215560786393024202      
   4.6773514128719811E-003   14125375.4462275430215560786393024202      
   6.3095734448019433E-003   14125375.4462275430215560786393024202      
   8.5113803820237779E-003   14125375.4462275430215560786393024202      
   1.1481536214968840E-002   14125375.4462275430215560786393024202      
   1.5488166189124795E-002   14125375.4462275430215560786393024202      
   2.0892961308540410E-002   14125375.4462275430215560786393024202      
   2.8183829312644609E-002   14125375.4462275430215560786393024202      
   3.8018939632056131E-002   14125375.4462275430215560786393024202      
   5.1286138399136587E-002   14125375.4462275430215560786393024202      
   6.9183097091893617E-002   14125375.4462275430215560786393024202      
   9.3325430079699248E-002   14125375.4462275430215560786393024202      
  0.12589254117941662        14125375.4462275430215560786393024202      
  0.16982436524617459        14125375.4462275430215560786393024202      
  0.22908676527677702        14125375.4462275430215560786393024202      
  0.30902954325135917        14125375.4462275430215560786393024202      
  0.41686938347033636        14125375.4462275430215560786393024202      
  0.56234132519034918        14125375.4462275430215560786393024202      
  0.75857757502918510        14125375.4462275430215560786393024202      
   1.0232929922807537        14125375.4462275430215560786393024202      
   1.3803842646028868        14125375.4462275430215560786393024202      
   1.8620871366628655        14125375.4462275430215560786393024202      
   2.5118864315095824        14125375.4462275430215560786393024202      
   3.3884415613920345        14125375.4462275430215560786393024202      
   4.5708818961487516        14125375.4462275430215560786393024202      
   6.1659500186148355        14125375.4462275430215560786393024202      
   8.3176377110267090        14125375.4462275430215560786393024202      
   11.220184543019652        14125375.4462275430215560786393024202      
   15.135612484362071        14125375.4462275430215560786393024202      
   20.417379446695318        14125375.4462275430215560786393024202      
   27.542287033381744        14125375.4462275430215560786393024202      
   37.153522909717275        14125375.4462275430215560786393024202      
   50.118723362727351        14125375.4462275430215560786393024202      
   67.608297539198190        14125375.4462275430215560786393024202      
   91.201083935591143        14125375.4462275430215560786393024202      
   123.02687708123811        14125375.4462275430215560786393024202      
   165.95869074375631        14125375.4462275430215560786393024202      
   223.87211385683378        14125375.4462275430215560786393024202      
   301.99517204020191        14125375.4462275430215560786393024202      
   407.38027780411386        14125375.4462275430215560786393024202      
   549.54087385762477        14125375.4462275430215560786393024202      
   741.31024130091919        14125375.4462275430215560786393024202      
   1000.0000000000000        14125375.4462275430215560786393024202      
   1.0000000000000000E-010   15848931.9246111348520210137339150758      
   1.3489628825916532E-010   15848931.9246111348520210137339150758      
   1.8197008586099827E-010   15848931.9246111348520210137339150758      
   2.4547089156850315E-010   15848931.9246111348520210137339150758      
   3.3113112148259112E-010   15848931.9246111348520210137339150758      
   4.4668359215096305E-010   15848931.9246111348520210137339150758      
   6.0255958607435815E-010   15848931.9246111348520210137339150758      
   8.1283051616409944E-010   15848931.9246111348520210137339150758      
   1.0964781961431852E-009   15848931.9246111348520210137339150758      
   1.4791083881682072E-009   15848931.9246111348520210137339150758      
   1.9952623149688791E-009   15848931.9246111348520210137339150758      
   2.6915348039269167E-009   15848931.9246111348520210137339150758      
   3.6307805477010139E-009   15848931.9246111348520210137339150758      
   4.8977881936844609E-009   15848931.9246111348520210137339150758      
   6.6069344800759643E-009   15848931.9246111348520210137339150758      
   8.9125093813374596E-009   15848931.9246111348520210137339150758      
   1.2022644346174132E-008   15848931.9246111348520210137339150758      
   1.6218100973589300E-008   15848931.9246111348520210137339150758      
   2.1877616239495521E-008   15848931.9246111348520210137339150758      
   2.9512092266663871E-008   15848931.9246111348520210137339150758      
   3.9810717055349736E-008   15848931.9246111348520210137339150758      
   5.3703179637025271E-008   15848931.9246111348520210137339150758      
   7.2443596007499061E-008   15848931.9246111348520210137339150758      
   9.7723722095581110E-008   15848931.9246111348520210137339150758      
   1.3182567385564072E-007   15848931.9246111348520210137339150758      
   1.7782794100389230E-007   15848931.9246111348520210137339150758      
   2.3988329190194898E-007   15848931.9246111348520210137339150758      
   3.2359365692962843E-007   15848931.9246111348520210137339150758      
   4.3651583224016610E-007   15848931.9246111348520210137339150758      
   5.8884365535558903E-007   15848931.9246111348520210137339150758      
   7.9432823472428220E-007   15848931.9246111348520210137339150758      
   1.0715193052376070E-006   15848931.9246111348520210137339150758      
   1.4454397707459279E-006   15848931.9246111348520210137339150758      
   1.9498445997580454E-006   15848931.9246111348520210137339150758      
   2.6302679918953812E-006   15848931.9246111348520210137339150758      
   3.5481338923357534E-006   15848931.9246111348520210137339150758      
   4.7863009232263809E-006   15848931.9246111348520210137339150758      
   6.4565422903465625E-006   15848931.9246111348520210137339150758      
   8.7096358995608141E-006   15848931.9246111348520210137339150758      
   1.1748975549395302E-005   15848931.9246111348520210137339150758      
   1.5848931924611141E-005   15848931.9246111348520210137339150758      
   2.1379620895022323E-005   15848931.9246111348520210137339150758      
   2.8840315031266060E-005   15848931.9246111348520210137339150758      
   3.8904514499428046E-005   15848931.9246111348520210137339150758      
   5.2480746024977334E-005   15848931.9246111348520210137339150758      
   7.0794578438413880E-005   15848931.9246111348520210137339150758      
   9.5499258602143688E-005   15848931.9246111348520210137339150758      
   1.2882495516931347E-004   15848931.9246111348520210137339150758      
   1.7378008287493763E-004   15848931.9246111348520210137339150758      
   2.3442288153199226E-004   15848931.9246111348520210137339150758      
   3.1622776601683794E-004   15848931.9246111348520210137339150758      
   4.2657951880159252E-004   15848931.9246111348520210137339150758      
   5.7543993733715664E-004   15848931.9246111348520210137339150758      
   7.7624711662869280E-004   15848931.9246111348520210137339150758      
   1.0471285480509007E-003   15848931.9246111348520210137339150758      
   1.4125375446227555E-003   15848931.9246111348520210137339150758      
   1.9054607179632482E-003   15848931.9246111348520210137339150758      
   2.5703957827688645E-003   15848931.9246111348520210137339150758      
   3.4673685045253171E-003   15848931.9246111348520210137339150758      
   4.6773514128719811E-003   15848931.9246111348520210137339150758      
   6.3095734448019433E-003   15848931.9246111348520210137339150758      
   8.5113803820237779E-003   15848931.9246111348520210137339150758      
   1.1481536214968840E-002   15848931.9246111348520210137339150758      
   1.5488166189124795E-002   15848931.9246111348520210137339150758      
   2.0892961308540410E-002   15848931.9246111348520210137339150758      
   2.8183829312644609E-002   15848931.9246111348520210137339150758      
   3.8018939632056131E-002   15848931.9246111348520210137339150758      
   5.1286138399136587E-002   15848931.9246111348520210137339150758      
   6.9183097091893617E-002   15848931.9246111348520210137339150758      
   9.3325430079699248E-002   15848931.9246111348520210137339150758      
  0.12589254117941662        15848931.9246111348520210137339150758      
  0.16982436524617459        15848931.9246111348520210137339150758      
  0.22908676527677702        15848931.9246111348520210137339150758      
  0.30902954325135917        15848931.9246111348520210137339150758      
  0.41686938347033636        15848931.9246111348520210137339150758      
  0.56234132519034918        15848931.9246111348520210137339150758      
  0.75857757502918510        15848931.9246111348520210137339150758      
   1.0232929922807537        15848931.9246111348520210137339150758      
   1.3803842646028868        15848931.9246111348520210137339150758      
   1.8620871366628655        15848931.9246111348520210137339150758      
   2.5118864315095824        15848931.9246111348520210137339150758      
   3.3884415613920345        15848931.9246111348520210137339150758      
   4.5708818961487516        15848931.9246111348520210137339150758      
   6.1659500186148355        15848931.9246111348520210137339150758      
   8.3176377110267090        15848931.9246111348520210137339150758      
   11.220184543019652        15848931.9246111348520210137339150758      
   15.135612484362071        15848931.9246111348520210137339150758      
   20.417379446695318        15848931.9246111348520210137339150758      
   27.542287033381744        15848931.9246111348520210137339150758      
   37.153522909717275        15848931.9246111348520210137339150758      
   50.118723362727351        15848931.9246111348520210137339150758      
   67.608297539198190        15848931.9246111348520210137339150758      
   91.201083935591143        15848931.9246111348520210137339150758      
   123.02687708123811        15848931.9246111348520210137339150758      
   165.95869074375631        15848931.9246111348520210137339150758      
   223.87211385683378        15848931.9246111348520210137339150758      
   301.99517204020191        15848931.9246111348520210137339150758      
   407.38027780411386        15848931.9246111348520210137339150758      
   549.54087385762477        15848931.9246111348520210137339150758      
   741.31024130091919        15848931.9246111348520210137339150758      
   1000.0000000000000        15848931.9246111348520210137339150758      
   1.0000000000000000E-010   17782794.1003892280122542119519268501      
   1.3489628825916532E-010   17782794.1003892280122542119519268501      
   1.8197008586099827E-010   17782794.1003892280122542119519268501      
   2.4547089156850315E-010   17782794.1003892280122542119519268501      
   3.3113112148259112E-010   17782794.1003892280122542119519268501      
   4.4668359215096305E-010   17782794.1003892280122542119519268501      
   6.0255958607435815E-010   17782794.1003892280122542119519268501      
   8.1283051616409944E-010   17782794.1003892280122542119519268501      
   1.0964781961431852E-009   17782794.1003892280122542119519268501      
   1.4791083881682072E-009   17782794.1003892280122542119519268501      
   1.9952623149688791E-009   17782794.1003892280122542119519268501      
   2.6915348039269167E-009   17782794.1003892280122542119519268501      
   3.6307805477010139E-009   17782794.1003892280122542119519268501      
   4.8977881936844609E-009   17782794.1003892280122542119519268501      
   6.6069344800759643E-009   17782794.1003892280122542119519268501      
   8.9125093813374596E-009   17782794.1003892280122542119519268501      
   1.2022644346174132E-008   17782794.1003892280122542119519268501      
   1.6218100973589300E-008   17782794.1003892280122542119519268501      
   2.1877616239495521E-008   17782794.1003892280122542119519268501      
   2.9512092266663871E-008   17782794.1003892280122542119519268501      
   3.9810717055349736E-008   17782794.1003892280122542119519268501      
   5.3703179637025271E-008   17782794.1003892280122542119519268501      
   7.2443596007499061E-008   17782794.1003892280122542119519268501      
   9.7723722095581110E-008   17782794.1003892280122542119519268501      
   1.3182567385564072E-007   17782794.1003892280122542119519268501      
   1.7782794100389230E-007   17782794.1003892280122542119519268501      
   2.3988329190194898E-007   17782794.1003892280122542119519268501      
   3.2359365692962843E-007   17782794.1003892280122542119519268501      
   4.3651583224016610E-007   17782794.1003892280122542119519268501      
   5.8884365535558903E-007   17782794.1003892280122542119519268501      
   7.9432823472428220E-007   17782794.1003892280122542119519268501      
   1.0715193052376070E-006   17782794.1003892280122542119519268501      
   1.4454397707459279E-006   17782794.1003892280122542119519268501      
   1.9498445997580454E-006   17782794.1003892280122542119519268501      
   2.6302679918953812E-006   17782794.1003892280122542119519268501      
   3.5481338923357534E-006   17782794.1003892280122542119519268501      
   4.7863009232263809E-006   17782794.1003892280122542119519268501      
   6.4565422903465625E-006   17782794.1003892280122542119519268501      
   8.7096358995608141E-006   17782794.1003892280122542119519268501      
   1.1748975549395302E-005   17782794.1003892280122542119519268501      
   1.5848931924611141E-005   17782794.1003892280122542119519268501      
   2.1379620895022323E-005   17782794.1003892280122542119519268501      
   2.8840315031266060E-005   17782794.1003892280122542119519268501      
   3.8904514499428046E-005   17782794.1003892280122542119519268501      
   5.2480746024977334E-005   17782794.1003892280122542119519268501      
   7.0794578438413880E-005   17782794.1003892280122542119519268501      
   9.5499258602143688E-005   17782794.1003892280122542119519268501      
   1.2882495516931347E-004   17782794.1003892280122542119519268501      
   1.7378008287493763E-004   17782794.1003892280122542119519268501      
   2.3442288153199226E-004   17782794.1003892280122542119519268501      
   3.1622776601683794E-004   17782794.1003892280122542119519268501      
   4.2657951880159252E-004   17782794.1003892280122542119519268501      
   5.7543993733715664E-004   17782794.1003892280122542119519268501      
   7.7624711662869280E-004   17782794.1003892280122542119519268501      
   1.0471285480509007E-003   17782794.1003892280122542119519268501      
   1.4125375446227555E-003   17782794.1003892280122542119519268501      
   1.9054607179632482E-003   17782794.1003892280122542119519268501      
   2.5703957827688645E-003   17782794.1003892280122542119519268501      
   3.4673685045253171E-003   17782794.1003892280122542119519268501      
   4.6773514128719811E-003   17782794.1003892280122542119519268501      
   6.3095734448019433E-003   17782794.1003892280122542119519268501      
   8.5113803820237779E-003   17782794.1003892280122542119519268501      
   1.1481536214968840E-002   17782794.1003892280122542119519268501      
   1.5488166189124795E-002   17782794.1003892280122542119519268501      
   2.0892961308540410E-002   17782794.1003892280122542119519268501      
   2.8183829312644609E-002   17782794.1003892280122542119519268501      
   3.8018939632056131E-002   17782794.1003892280122542119519268501      
   5.1286138399136587E-002   17782794.1003892280122542119519268501      
   6.9183097091893617E-002   17782794.1003892280122542119519268501      
   9.3325430079699248E-002   17782794.1003892280122542119519268501      
  0.12589254117941662        17782794.1003892280122542119519268501      
  0.16982436524617459        17782794.1003892280122542119519268501      
  0.22908676527677702        17782794.1003892280122542119519268501      
  0.30902954325135917        17782794.1003892280122542119519268501      
  0.41686938347033636        17782794.1003892280122542119519268501      
  0.56234132519034918        17782794.1003892280122542119519268501      
  0.75857757502918510        17782794.1003892280122542119519268501      
   1.0232929922807537        17782794.1003892280122542119519268501      
   1.3803842646028868        17782794.1003892280122542119519268501      
   1.8620871366628655        17782794.1003892280122542119519268501      
   2.5118864315095824        17782794.1003892280122542119519268501      
   3.3884415613920345        17782794.1003892280122542119519268501      
   4.5708818961487516        17782794.1003892280122542119519268501      
   6.1659500186148355        17782794.1003892280122542119519268501      
   8.3176377110267090        17782794.1003892280122542119519268501      
   11.220184543019652        17782794.1003892280122542119519268501      
   15.135612484362071        17782794.1003892280122542119519268501      
   20.417379446695318        17782794.1003892280122542119519268501      
   27.542287033381744        17782794.1003892280122542119519268501      
   37.153522909717275        17782794.1003892280122542119519268501      
   50.118723362727351        17782794.1003892280122542119519268501      
   67.608297539198190        17782794.1003892280122542119519268501      
   91.201083935591143        17782794.1003892280122542119519268501      
   123.02687708123811        17782794.1003892280122542119519268501      
   165.95869074375631        17782794.1003892280122542119519268501      
   223.87211385683378        17782794.1003892280122542119519268501      
   301.99517204020191        17782794.1003892280122542119519268501      
   407.38027780411386        17782794.1003892280122542119519268501      
   549.54087385762477        17782794.1003892280122542119519268501      
   741.31024130091919        17782794.1003892280122542119519268501      
   1000.0000000000000        17782794.1003892280122542119519268501      
   1.0000000000000000E-010   19952623.1496887960135245539673953857      
   1.3489628825916532E-010   19952623.1496887960135245539673953857      
   1.8197008586099827E-010   19952623.1496887960135245539673953857      
   2.4547089156850315E-010   19952623.1496887960135245539673953857      
   3.3113112148259112E-010   19952623.1496887960135245539673953857      
   4.4668359215096305E-010   19952623.1496887960135245539673953857      
   6.0255958607435815E-010   19952623.1496887960135245539673953857      
   8.1283051616409944E-010   19952623.1496887960135245539673953857      
   1.0964781961431852E-009   19952623.1496887960135245539673953857      
   1.4791083881682072E-009   19952623.1496887960135245539673953857      
   1.9952623149688791E-009   19952623.1496887960135245539673953857      
   2.6915348039269167E-009   19952623.1496887960135245539673953857      
   3.6307805477010139E-009   19952623.1496887960135245539673953857      
   4.8977881936844609E-009   19952623.1496887960135245539673953857      
   6.6069344800759643E-009   19952623.1496887960135245539673953857      
   8.9125093813374596E-009   19952623.1496887960135245539673953857      
   1.2022644346174132E-008   19952623.1496887960135245539673953857      
   1.6218100973589300E-008   19952623.1496887960135245539673953857      
   2.1877616239495521E-008   19952623.1496887960135245539673953857      
   2.9512092266663871E-008   19952623.1496887960135245539673953857      
   3.9810717055349736E-008   19952623.1496887960135245539673953857      
   5.3703179637025271E-008   19952623.1496887960135245539673953857      
   7.2443596007499061E-008   19952623.1496887960135245539673953857      
   9.7723722095581110E-008   19952623.1496887960135245539673953857      
   1.3182567385564072E-007   19952623.1496887960135245539673953857      
   1.7782794100389230E-007   19952623.1496887960135245539673953857      
   2.3988329190194898E-007   19952623.1496887960135245539673953857      
   3.2359365692962843E-007   19952623.1496887960135245539673953857      
   4.3651583224016610E-007   19952623.1496887960135245539673953857      
   5.8884365535558903E-007   19952623.1496887960135245539673953857      
   7.9432823472428220E-007   19952623.1496887960135245539673953857      
   1.0715193052376070E-006   19952623.1496887960135245539673953857      
   1.4454397707459279E-006   19952623.1496887960135245539673953857      
   1.9498445997580454E-006   19952623.1496887960135245539673953857      
   2.6302679918953812E-006   19952623.1496887960135245539673953857      
   3.5481338923357534E-006   19952623.1496887960135245539673953857      
   4.7863009232263809E-006   19952623.1496887960135245539673953857      
   6.4565422903465625E-006   19952623.1496887960135245539673953857      
   8.7096358995608141E-006   19952623.1496887960135245539673953857      
   1.1748975549395302E-005   19952623.1496887960135245539673953857      
   1.5848931924611141E-005   19952623.1496887960135245539673953857      
   2.1379620895022323E-005   19952623.1496887960135245539673953857      
   2.8840315031266060E-005   19952623.1496887960135245539673953857      
   3.8904514499428046E-005   19952623.1496887960135245539673953857      
   5.2480746024977334E-005   19952623.1496887960135245539673953857      
   7.0794578438413880E-005   19952623.1496887960135245539673953857      
   9.5499258602143688E-005   19952623.1496887960135245539673953857      
   1.2882495516931347E-004   19952623.1496887960135245539673953857      
   1.7378008287493763E-004   19952623.1496887960135245539673953857      
   2.3442288153199226E-004   19952623.1496887960135245539673953857      
   3.1622776601683794E-004   19952623.1496887960135245539673953857      
   4.2657951880159252E-004   19952623.1496887960135245539673953857      
   5.7543993733715664E-004   19952623.1496887960135245539673953857      
   7.7624711662869280E-004   19952623.1496887960135245539673953857      
   1.0471285480509007E-003   19952623.1496887960135245539673953857      
   1.4125375446227555E-003   19952623.1496887960135245539673953857      
   1.9054607179632482E-003   19952623.1496887960135245539673953857      
   2.5703957827688645E-003   19952623.1496887960135245539673953857      
   3.4673685045253171E-003   19952623.1496887960135245539673953857      
   4.6773514128719811E-003   19952623.1496887960135245539673953857      
   6.3095734448019433E-003   19952623.1496887960135245539673953857      
   8.5113803820237779E-003   19952623.1496887960135245539673953857      
   1.1481536214968840E-002   19952623.1496887960135245539673953857      
   1.5488166189124795E-002   19952623.1496887960135245539673953857      
   2.0892961308540410E-002   19952623.1496887960135245539673953857      
   2.8183829312644609E-002   19952623.1496887960135245539673953857      
   3.8018939632056131E-002   19952623.1496887960135245539673953857      
   5.1286138399136587E-002   19952623.1496887960135245539673953857      
   6.9183097091893617E-002   19952623.1496887960135245539673953857      
   9.3325430079699248E-002   19952623.1496887960135245539673953857      
  0.12589254117941662        19952623.1496887960135245539673953857      
  0.16982436524617459        19952623.1496887960135245539673953857      
  0.22908676527677702        19952623.1496887960135245539673953857      
  0.30902954325135917        19952623.1496887960135245539673953857      
  0.41686938347033636        19952623.1496887960135245539673953857      
  0.56234132519034918        19952623.1496887960135245539673953857      
  0.75857757502918510        19952623.1496887960135245539673953857      
   1.0232929922807537        19952623.1496887960135245539673953857      
   1.3803842646028868        19952623.1496887960135245539673953857      
   1.8620871366628655        19952623.1496887960135245539673953857      
   2.5118864315095824        19952623.1496887960135245539673953857      
   3.3884415613920345        19952623.1496887960135245539673953857      
   4.5708818961487516        19952623.1496887960135245539673953857      
   6.1659500186148355        19952623.1496887960135245539673953857      
   8.3176377110267090        19952623.1496887960135245539673953857      
   11.220184543019652        19952623.1496887960135245539673953857      
   15.135612484362071        19952623.1496887960135245539673953857      
   20.417379446695318        19952623.1496887960135245539673953857      
   27.542287033381744        19952623.1496887960135245539673953857      
   37.153522909717275        19952623.1496887960135245539673953857      
   50.118723362727351        19952623.1496887960135245539673953857      
   67.608297539198190        19952623.1496887960135245539673953857      
   91.201083935591143        19952623.1496887960135245539673953857      
   123.02687708123811        19952623.1496887960135245539673953857      
   165.95869074375631        19952623.1496887960135245539673953857      
   223.87211385683378        19952623.1496887960135245539673953857      
   301.99517204020191        19952623.1496887960135245539673953857      
   407.38027780411386        19952623.1496887960135245539673953857      
   549.54087385762477        19952623.1496887960135245539673953857      
   741.31024130091919        19952623.1496887960135245539673953857      
   1000.0000000000000        19952623.1496887960135245539673953857      
   1.0000000000000000E-010   22387211.3856833961195495085246574469      
   1.3489628825916532E-010   22387211.3856833961195495085246574469      
   1.8197008586099827E-010   22387211.3856833961195495085246574469      
   2.4547089156850315E-010   22387211.3856833961195495085246574469      
   3.3113112148259112E-010   22387211.3856833961195495085246574469      
   4.4668359215096305E-010   22387211.3856833961195495085246574469      
   6.0255958607435815E-010   22387211.3856833961195495085246574469      
   8.1283051616409944E-010   22387211.3856833961195495085246574469      
   1.0964781961431852E-009   22387211.3856833961195495085246574469      
   1.4791083881682072E-009   22387211.3856833961195495085246574469      
   1.9952623149688791E-009   22387211.3856833961195495085246574469      
   2.6915348039269167E-009   22387211.3856833961195495085246574469      
   3.6307805477010139E-009   22387211.3856833961195495085246574469      
   4.8977881936844609E-009   22387211.3856833961195495085246574469      
   6.6069344800759643E-009   22387211.3856833961195495085246574469      
   8.9125093813374596E-009   22387211.3856833961195495085246574469      
   1.2022644346174132E-008   22387211.3856833961195495085246574469      
   1.6218100973589300E-008   22387211.3856833961195495085246574469      
   2.1877616239495521E-008   22387211.3856833961195495085246574469      
   2.9512092266663871E-008   22387211.3856833961195495085246574469      
   3.9810717055349736E-008   22387211.3856833961195495085246574469      
   5.3703179637025271E-008   22387211.3856833961195495085246574469      
   7.2443596007499061E-008   22387211.3856833961195495085246574469      
   9.7723722095581110E-008   22387211.3856833961195495085246574469      
   1.3182567385564072E-007   22387211.3856833961195495085246574469      
   1.7782794100389230E-007   22387211.3856833961195495085246574469      
   2.3988329190194898E-007   22387211.3856833961195495085246574469      
   3.2359365692962843E-007   22387211.3856833961195495085246574469      
   4.3651583224016610E-007   22387211.3856833961195495085246574469      
   5.8884365535558903E-007   22387211.3856833961195495085246574469      
   7.9432823472428220E-007   22387211.3856833961195495085246574469      
   1.0715193052376070E-006   22387211.3856833961195495085246574469      
   1.4454397707459279E-006   22387211.3856833961195495085246574469      
   1.9498445997580454E-006   22387211.3856833961195495085246574469      
   2.6302679918953812E-006   22387211.3856833961195495085246574469      
   3.5481338923357534E-006   22387211.3856833961195495085246574469      
   4.7863009232263809E-006   22387211.3856833961195495085246574469      
   6.4565422903465625E-006   22387211.3856833961195495085246574469      
   8.7096358995608141E-006   22387211.3856833961195495085246574469      
   1.1748975549395302E-005   22387211.3856833961195495085246574469      
   1.5848931924611141E-005   22387211.3856833961195495085246574469      
   2.1379620895022323E-005   22387211.3856833961195495085246574469      
   2.8840315031266060E-005   22387211.3856833961195495085246574469      
   3.8904514499428046E-005   22387211.3856833961195495085246574469      
   5.2480746024977334E-005   22387211.3856833961195495085246574469      
   7.0794578438413880E-005   22387211.3856833961195495085246574469      
   9.5499258602143688E-005   22387211.3856833961195495085246574469      
   1.2882495516931347E-004   22387211.3856833961195495085246574469      
   1.7378008287493763E-004   22387211.3856833961195495085246574469      
   2.3442288153199226E-004   22387211.3856833961195495085246574469      
   3.1622776601683794E-004   22387211.3856833961195495085246574469      
   4.2657951880159252E-004   22387211.3856833961195495085246574469      
   5.7543993733715664E-004   22387211.3856833961195495085246574469      
   7.7624711662869280E-004   22387211.3856833961195495085246574469      
   1.0471285480509007E-003   22387211.3856833961195495085246574469      
   1.4125375446227555E-003   22387211.3856833961195495085246574469      
   1.9054607179632482E-003   22387211.3856833961195495085246574469      
   2.5703957827688645E-003   22387211.3856833961195495085246574469      
   3.4673685045253171E-003   22387211.3856833961195495085246574469      
   4.6773514128719811E-003   22387211.3856833961195495085246574469      
   6.3095734448019433E-003   22387211.3856833961195495085246574469      
   8.5113803820237779E-003   22387211.3856833961195495085246574469      
   1.1481536214968840E-002   22387211.3856833961195495085246574469      
   1.5488166189124795E-002   22387211.3856833961195495085246574469      
   2.0892961308540410E-002   22387211.3856833961195495085246574469      
   2.8183829312644609E-002   22387211.3856833961195495085246574469      
   3.8018939632056131E-002   22387211.3856833961195495085246574469      
   5.1286138399136587E-002   22387211.3856833961195495085246574469      
   6.9183097091893617E-002   22387211.3856833961195495085246574469      
   9.3325430079699248E-002   22387211.3856833961195495085246574469      
  0.12589254117941662        22387211.3856833961195495085246574469      
  0.16982436524617459        22387211.3856833961195495085246574469      
  0.22908676527677702        22387211.3856833961195495085246574469      
  0.30902954325135917        22387211.3856833961195495085246574469      
  0.41686938347033636        22387211.3856833961195495085246574469      
  0.56234132519034918        22387211.3856833961195495085246574469      
  0.75857757502918510        22387211.3856833961195495085246574469      
   1.0232929922807537        22387211.3856833961195495085246574469      
   1.3803842646028868        22387211.3856833961195495085246574469      
   1.8620871366628655        22387211.3856833961195495085246574469      
   2.5118864315095824        22387211.3856833961195495085246574469      
   3.3884415613920345        22387211.3856833961195495085246574469      
   4.5708818961487516        22387211.3856833961195495085246574469      
   6.1659500186148355        22387211.3856833961195495085246574469      
   8.3176377110267090        22387211.3856833961195495085246574469      
   11.220184543019652        22387211.3856833961195495085246574469      
   15.135612484362071        22387211.3856833961195495085246574469      
   20.417379446695318        22387211.3856833961195495085246574469      
   27.542287033381744        22387211.3856833961195495085246574469      
   37.153522909717275        22387211.3856833961195495085246574469      
   50.118723362727351        22387211.3856833961195495085246574469      
   67.608297539198190        22387211.3856833961195495085246574469      
   91.201083935591143        22387211.3856833961195495085246574469      
   123.02687708123811        22387211.3856833961195495085246574469      
   165.95869074375631        22387211.3856833961195495085246574469      
   223.87211385683378        22387211.3856833961195495085246574469      
   301.99517204020191        22387211.3856833961195495085246574469      
   407.38027780411386        22387211.3856833961195495085246574469      
   549.54087385762477        22387211.3856833961195495085246574469      
   741.31024130091919        22387211.3856833961195495085246574469      
   1000.0000000000000        22387211.3856833961195495085246574469      
   1.0000000000000000E-010   25118864.3150958011108503206779932929      
   1.3489628825916532E-010   25118864.3150958011108503206779932929      
   1.8197008586099827E-010   25118864.3150958011108503206779932929      
   2.4547089156850315E-010   25118864.3150958011108503206779932929      
   3.3113112148259112E-010   25118864.3150958011108503206779932929      
   4.4668359215096305E-010   25118864.3150958011108503206779932929      
   6.0255958607435815E-010   25118864.3150958011108503206779932929      
   8.1283051616409944E-010   25118864.3150958011108503206779932929      
   1.0964781961431852E-009   25118864.3150958011108503206779932929      
   1.4791083881682072E-009   25118864.3150958011108503206779932929      
   1.9952623149688791E-009   25118864.3150958011108503206779932929      
   2.6915348039269167E-009   25118864.3150958011108503206779932929      
   3.6307805477010139E-009   25118864.3150958011108503206779932929      
   4.8977881936844609E-009   25118864.3150958011108503206779932929      
   6.6069344800759643E-009   25118864.3150958011108503206779932929      
   8.9125093813374596E-009   25118864.3150958011108503206779932929      
   1.2022644346174132E-008   25118864.3150958011108503206779932929      
   1.6218100973589300E-008   25118864.3150958011108503206779932929      
   2.1877616239495521E-008   25118864.3150958011108503206779932929      
   2.9512092266663871E-008   25118864.3150958011108503206779932929      
   3.9810717055349736E-008   25118864.3150958011108503206779932929      
   5.3703179637025271E-008   25118864.3150958011108503206779932929      
   7.2443596007499061E-008   25118864.3150958011108503206779932929      
   9.7723722095581110E-008   25118864.3150958011108503206779932929      
   1.3182567385564072E-007   25118864.3150958011108503206779932929      
   1.7782794100389230E-007   25118864.3150958011108503206779932929      
   2.3988329190194898E-007   25118864.3150958011108503206779932929      
   3.2359365692962843E-007   25118864.3150958011108503206779932929      
   4.3651583224016610E-007   25118864.3150958011108503206779932929      
   5.8884365535558903E-007   25118864.3150958011108503206779932929      
   7.9432823472428220E-007   25118864.3150958011108503206779932929      
   1.0715193052376070E-006   25118864.3150958011108503206779932929      
   1.4454397707459279E-006   25118864.3150958011108503206779932929      
   1.9498445997580454E-006   25118864.3150958011108503206779932929      
   2.6302679918953812E-006   25118864.3150958011108503206779932929      
   3.5481338923357534E-006   25118864.3150958011108503206779932929      
   4.7863009232263809E-006   25118864.3150958011108503206779932929      
   6.4565422903465625E-006   25118864.3150958011108503206779932929      
   8.7096358995608141E-006   25118864.3150958011108503206779932929      
   1.1748975549395302E-005   25118864.3150958011108503206779932929      
   1.5848931924611141E-005   25118864.3150958011108503206779932929      
   2.1379620895022323E-005   25118864.3150958011108503206779932929      
   2.8840315031266060E-005   25118864.3150958011108503206779932929      
   3.8904514499428046E-005   25118864.3150958011108503206779932929      
   5.2480746024977334E-005   25118864.3150958011108503206779932929      
   7.0794578438413880E-005   25118864.3150958011108503206779932929      
   9.5499258602143688E-005   25118864.3150958011108503206779932929      
   1.2882495516931347E-004   25118864.3150958011108503206779932929      
   1.7378008287493763E-004   25118864.3150958011108503206779932929      
   2.3442288153199226E-004   25118864.3150958011108503206779932929      
   3.1622776601683794E-004   25118864.3150958011108503206779932929      
   4.2657951880159252E-004   25118864.3150958011108503206779932929      
   5.7543993733715664E-004   25118864.3150958011108503206779932929      
   7.7624711662869280E-004   25118864.3150958011108503206779932929      
   1.0471285480509007E-003   25118864.3150958011108503206779932929      
   1.4125375446227555E-003   25118864.3150958011108503206779932929      
   1.9054607179632482E-003   25118864.3150958011108503206779932929      
   2.5703957827688645E-003   25118864.3150958011108503206779932929      
   3.4673685045253171E-003   25118864.3150958011108503206779932929      
   4.6773514128719811E-003   25118864.3150958011108503206779932929      
   6.3095734448019433E-003   25118864.3150958011108503206779932929      
   8.5113803820237779E-003   25118864.3150958011108503206779932929      
   1.1481536214968840E-002   25118864.3150958011108503206779932929      
   1.5488166189124795E-002   25118864.3150958011108503206779932929      
   2.0892961308540410E-002   25118864.3150958011108503206779932929      
   2.8183829312644609E-002   25118864.3150958011108503206779932929      
   3.8018939632056131E-002   25118864.3150958011108503206779932929      
   5.1286138399136587E-002   25118864.3150958011108503206779932929      
   6.9183097091893617E-002   25118864.3150958011108503206779932929      
   9.3325430079699248E-002   25118864.3150958011108503206779932929      
  0.12589254117941662        25118864.3150958011108503206779932929      
  0.16982436524617459        25118864.3150958011108503206779932929      
  0.22908676527677702        25118864.3150958011108503206779932929      
  0.30902954325135917        25118864.3150958011108503206779932929      
  0.41686938347033636        25118864.3150958011108503206779932929      
  0.56234132519034918        25118864.3150958011108503206779932929      
  0.75857757502918510        25118864.3150958011108503206779932929      
   1.0232929922807537        25118864.3150958011108503206779932929      
   1.3803842646028868        25118864.3150958011108503206779932929      
   1.8620871366628655        25118864.3150958011108503206779932929      
   2.5118864315095824        25118864.3150958011108503206779932929      
   3.3884415613920345        25118864.3150958011108503206779932929      
   4.5708818961487516        25118864.3150958011108503206779932929      
   6.1659500186148355        25118864.3150958011108503206779932929      
   8.3176377110267090        25118864.3150958011108503206779932929      
   11.220184543019652        25118864.3150958011108503206779932929      
   15.135612484362071        25118864.3150958011108503206779932929      
   20.417379446695318        25118864.3150958011108503206779932929      
   27.542287033381744        25118864.3150958011108503206779932929      
   37.153522909717275        25118864.3150958011108503206779932929      
   50.118723362727351        25118864.3150958011108503206779932929      
   67.608297539198190        25118864.3150958011108503206779932929      
   91.201083935591143        25118864.3150958011108503206779932929      
   123.02687708123811        25118864.3150958011108503206779932929      
   165.95869074375631        25118864.3150958011108503206779932929      
   223.87211385683378        25118864.3150958011108503206779932929      
   301.99517204020191        25118864.3150958011108503206779932929      
   407.38027780411386        25118864.3150958011108503206779932929      
   549.54087385762477        25118864.3150958011108503206779932929      
   741.31024130091919        25118864.3150958011108503206779932929      
   1000.0000000000000        25118864.3150958011108503206779932929      
   1.0000000000000000E-010   28183829.3126445381910192369915511167      
   1.3489628825916532E-010   28183829.3126445381910192369915511167      
   1.8197008586099827E-010   28183829.3126445381910192369915511167      
   2.4547089156850315E-010   28183829.3126445381910192369915511167      
   3.3113112148259112E-010   28183829.3126445381910192369915511167      
   4.4668359215096305E-010   28183829.3126445381910192369915511167      
   6.0255958607435815E-010   28183829.3126445381910192369915511167      
   8.1283051616409944E-010   28183829.3126445381910192369915511167      
   1.0964781961431852E-009   28183829.3126445381910192369915511167      
   1.4791083881682072E-009   28183829.3126445381910192369915511167      
   1.9952623149688791E-009   28183829.3126445381910192369915511167      
   2.6915348039269167E-009   28183829.3126445381910192369915511167      
   3.6307805477010139E-009   28183829.3126445381910192369915511167      
   4.8977881936844609E-009   28183829.3126445381910192369915511167      
   6.6069344800759643E-009   28183829.3126445381910192369915511167      
   8.9125093813374596E-009   28183829.3126445381910192369915511167      
   1.2022644346174132E-008   28183829.3126445381910192369915511167      
   1.6218100973589300E-008   28183829.3126445381910192369915511167      
   2.1877616239495521E-008   28183829.3126445381910192369915511167      
   2.9512092266663871E-008   28183829.3126445381910192369915511167      
   3.9810717055349736E-008   28183829.3126445381910192369915511167      
   5.3703179637025271E-008   28183829.3126445381910192369915511167      
   7.2443596007499061E-008   28183829.3126445381910192369915511167      
   9.7723722095581110E-008   28183829.3126445381910192369915511167      
   1.3182567385564072E-007   28183829.3126445381910192369915511167      
   1.7782794100389230E-007   28183829.3126445381910192369915511167      
   2.3988329190194898E-007   28183829.3126445381910192369915511167      
   3.2359365692962843E-007   28183829.3126445381910192369915511167      
   4.3651583224016610E-007   28183829.3126445381910192369915511167      
   5.8884365535558903E-007   28183829.3126445381910192369915511167      
   7.9432823472428220E-007   28183829.3126445381910192369915511167      
   1.0715193052376070E-006   28183829.3126445381910192369915511167      
   1.4454397707459279E-006   28183829.3126445381910192369915511167      
   1.9498445997580454E-006   28183829.3126445381910192369915511167      
   2.6302679918953812E-006   28183829.3126445381910192369915511167      
   3.5481338923357534E-006   28183829.3126445381910192369915511167      
   4.7863009232263809E-006   28183829.3126445381910192369915511167      
   6.4565422903465625E-006   28183829.3126445381910192369915511167      
   8.7096358995608141E-006   28183829.3126445381910192369915511167      
   1.1748975549395302E-005   28183829.3126445381910192369915511167      
   1.5848931924611141E-005   28183829.3126445381910192369915511167      
   2.1379620895022323E-005   28183829.3126445381910192369915511167      
   2.8840315031266060E-005   28183829.3126445381910192369915511167      
   3.8904514499428046E-005   28183829.3126445381910192369915511167      
   5.2480746024977334E-005   28183829.3126445381910192369915511167      
   7.0794578438413880E-005   28183829.3126445381910192369915511167      
   9.5499258602143688E-005   28183829.3126445381910192369915511167      
   1.2882495516931347E-004   28183829.3126445381910192369915511167      
   1.7378008287493763E-004   28183829.3126445381910192369915511167      
   2.3442288153199226E-004   28183829.3126445381910192369915511167      
   3.1622776601683794E-004   28183829.3126445381910192369915511167      
   4.2657951880159252E-004   28183829.3126445381910192369915511167      
   5.7543993733715664E-004   28183829.3126445381910192369915511167      
   7.7624711662869280E-004   28183829.3126445381910192369915511167      
   1.0471285480509007E-003   28183829.3126445381910192369915511167      
   1.4125375446227555E-003   28183829.3126445381910192369915511167      
   1.9054607179632482E-003   28183829.3126445381910192369915511167      
   2.5703957827688645E-003   28183829.3126445381910192369915511167      
   3.4673685045253171E-003   28183829.3126445381910192369915511167      
   4.6773514128719811E-003   28183829.3126445381910192369915511167      
   6.3095734448019433E-003   28183829.3126445381910192369915511167      
   8.5113803820237779E-003   28183829.3126445381910192369915511167      
   1.1481536214968840E-002   28183829.3126445381910192369915511167      
   1.5488166189124795E-002   28183829.3126445381910192369915511167      
   2.0892961308540410E-002   28183829.3126445381910192369915511167      
   2.8183829312644609E-002   28183829.3126445381910192369915511167      
   3.8018939632056131E-002   28183829.3126445381910192369915511167      
   5.1286138399136587E-002   28183829.3126445381910192369915511167      
   6.9183097091893617E-002   28183829.3126445381910192369915511167      
   9.3325430079699248E-002   28183829.3126445381910192369915511167      
  0.12589254117941662        28183829.3126445381910192369915511167      
  0.16982436524617459        28183829.3126445381910192369915511167      
  0.22908676527677702        28183829.3126445381910192369915511167      
  0.30902954325135917        28183829.3126445381910192369915511167      
  0.41686938347033636        28183829.3126445381910192369915511167      
  0.56234132519034918        28183829.3126445381910192369915511167      
  0.75857757502918510        28183829.3126445381910192369915511167      
   1.0232929922807537        28183829.3126445381910192369915511167      
   1.3803842646028868        28183829.3126445381910192369915511167      
   1.8620871366628655        28183829.3126445381910192369915511167      
   2.5118864315095824        28183829.3126445381910192369915511167      
   3.3884415613920345        28183829.3126445381910192369915511167      
   4.5708818961487516        28183829.3126445381910192369915511167      
   6.1659500186148355        28183829.3126445381910192369915511167      
   8.3176377110267090        28183829.3126445381910192369915511167      
   11.220184543019652        28183829.3126445381910192369915511167      
   15.135612484362071        28183829.3126445381910192369915511167      
   20.417379446695318        28183829.3126445381910192369915511167      
   27.542287033381744        28183829.3126445381910192369915511167      
   37.153522909717275        28183829.3126445381910192369915511167      
   50.118723362727351        28183829.3126445381910192369915511167      
   67.608297539198190        28183829.3126445381910192369915511167      
   91.201083935591143        28183829.3126445381910192369915511167      
   123.02687708123811        28183829.3126445381910192369915511167      
   165.95869074375631        28183829.3126445381910192369915511167      
   223.87211385683378        28183829.3126445381910192369915511167      
   301.99517204020191        28183829.3126445381910192369915511167      
   407.38027780411386        28183829.3126445381910192369915511167      
   549.54087385762477        28183829.3126445381910192369915511167      
   741.31024130091919        28183829.3126445381910192369915511167      
   1000.0000000000000        28183829.3126445381910192369915511167      
   1.0000000000000000E-010   31622776.6016837933199889354443271854      
   1.3489628825916532E-010   31622776.6016837933199889354443271854      
   1.8197008586099827E-010   31622776.6016837933199889354443271854      
   2.4547089156850315E-010   31622776.6016837933199889354443271854      
   3.3113112148259112E-010   31622776.6016837933199889354443271854      
   4.4668359215096305E-010   31622776.6016837933199889354443271854      
   6.0255958607435815E-010   31622776.6016837933199889354443271854      
   8.1283051616409944E-010   31622776.6016837933199889354443271854      
   1.0964781961431852E-009   31622776.6016837933199889354443271854      
   1.4791083881682072E-009   31622776.6016837933199889354443271854      
   1.9952623149688791E-009   31622776.6016837933199889354443271854      
   2.6915348039269167E-009   31622776.6016837933199889354443271854      
   3.6307805477010139E-009   31622776.6016837933199889354443271854      
   4.8977881936844609E-009   31622776.6016837933199889354443271854      
   6.6069344800759643E-009   31622776.6016837933199889354443271854      
   8.9125093813374596E-009   31622776.6016837933199889354443271854      
   1.2022644346174132E-008   31622776.6016837933199889354443271854      
   1.6218100973589300E-008   31622776.6016837933199889354443271854      
   2.1877616239495521E-008   31622776.6016837933199889354443271854      
   2.9512092266663871E-008   31622776.6016837933199889354443271854      
   3.9810717055349736E-008   31622776.6016837933199889354443271854      
   5.3703179637025271E-008   31622776.6016837933199889354443271854      
   7.2443596007499061E-008   31622776.6016837933199889354443271854      
   9.7723722095581110E-008   31622776.6016837933199889354443271854      
   1.3182567385564072E-007   31622776.6016837933199889354443271854      
   1.7782794100389230E-007   31622776.6016837933199889354443271854      
   2.3988329190194898E-007   31622776.6016837933199889354443271854      
   3.2359365692962843E-007   31622776.6016837933199889354443271854      
   4.3651583224016610E-007   31622776.6016837933199889354443271854      
   5.8884365535558903E-007   31622776.6016837933199889354443271854      
   7.9432823472428220E-007   31622776.6016837933199889354443271854      
   1.0715193052376070E-006   31622776.6016837933199889354443271854      
   1.4454397707459279E-006   31622776.6016837933199889354443271854      
   1.9498445997580454E-006   31622776.6016837933199889354443271854      
   2.6302679918953812E-006   31622776.6016837933199889354443271854      
   3.5481338923357534E-006   31622776.6016837933199889354443271854      
   4.7863009232263809E-006   31622776.6016837933199889354443271854      
   6.4565422903465625E-006   31622776.6016837933199889354443271854      
   8.7096358995608141E-006   31622776.6016837933199889354443271854      
   1.1748975549395302E-005   31622776.6016837933199889354443271854      
   1.5848931924611141E-005   31622776.6016837933199889354443271854      
   2.1379620895022323E-005   31622776.6016837933199889354443271854      
   2.8840315031266060E-005   31622776.6016837933199889354443271854      
   3.8904514499428046E-005   31622776.6016837933199889354443271854      
   5.2480746024977334E-005   31622776.6016837933199889354443271854      
   7.0794578438413880E-005   31622776.6016837933199889354443271854      
   9.5499258602143688E-005   31622776.6016837933199889354443271854      
   1.2882495516931347E-004   31622776.6016837933199889354443271854      
   1.7378008287493763E-004   31622776.6016837933199889354443271854      
   2.3442288153199226E-004   31622776.6016837933199889354443271854      
   3.1622776601683794E-004   31622776.6016837933199889354443271854      
   4.2657951880159252E-004   31622776.6016837933199889354443271854      
   5.7543993733715664E-004   31622776.6016837933199889354443271854      
   7.7624711662869280E-004   31622776.6016837933199889354443271854      
   1.0471285480509007E-003   31622776.6016837933199889354443271854      
   1.4125375446227555E-003   31622776.6016837933199889354443271854      
   1.9054607179632482E-003   31622776.6016837933199889354443271854      
   2.5703957827688645E-003   31622776.6016837933199889354443271854      
   3.4673685045253171E-003   31622776.6016837933199889354443271854      
   4.6773514128719811E-003   31622776.6016837933199889354443271854      
   6.3095734448019433E-003   31622776.6016837933199889354443271854      
   8.5113803820237779E-003   31622776.6016837933199889354443271854      
   1.1481536214968840E-002   31622776.6016837933199889354443271854      
   1.5488166189124795E-002   31622776.6016837933199889354443271854      
   2.0892961308540410E-002   31622776.6016837933199889354443271854      
   2.8183829312644609E-002   31622776.6016837933199889354443271854      
   3.8018939632056131E-002   31622776.6016837933199889354443271854      
   5.1286138399136587E-002   31622776.6016837933199889354443271854      
   6.9183097091893617E-002   31622776.6016837933199889354443271854      
   9.3325430079699248E-002   31622776.6016837933199889354443271854      
  0.12589254117941662        31622776.6016837933199889354443271854      
  0.16982436524617459        31622776.6016837933199889354443271854      
  0.22908676527677702        31622776.6016837933199889354443271854      
  0.30902954325135917        31622776.6016837933199889354443271854      
  0.41686938347033636        31622776.6016837933199889354443271854      
  0.56234132519034918        31622776.6016837933199889354443271854      
  0.75857757502918510        31622776.6016837933199889354443271854      
   1.0232929922807537        31622776.6016837933199889354443271854      
   1.3803842646028868        31622776.6016837933199889354443271854      
   1.8620871366628655        31622776.6016837933199889354443271854      
   2.5118864315095824        31622776.6016837933199889354443271854      
   3.3884415613920345        31622776.6016837933199889354443271854      
   4.5708818961487516        31622776.6016837933199889354443271854      
   6.1659500186148355        31622776.6016837933199889354443271854      
   8.3176377110267090        31622776.6016837933199889354443271854      
   11.220184543019652        31622776.6016837933199889354443271854      
   15.135612484362071        31622776.6016837933199889354443271854      
   20.417379446695318        31622776.6016837933199889354443271854      
   27.542287033381744        31622776.6016837933199889354443271854      
   37.153522909717275        31622776.6016837933199889354443271854      
   50.118723362727351        31622776.6016837933199889354443271854      
   67.608297539198190        31622776.6016837933199889354443271854      
   91.201083935591143        31622776.6016837933199889354443271854      
   123.02687708123811        31622776.6016837933199889354443271854      
   165.95869074375631        31622776.6016837933199889354443271854      
   223.87211385683378        31622776.6016837933199889354443271854      
   301.99517204020191        31622776.6016837933199889354443271854      
   407.38027780411386        31622776.6016837933199889354443271854      
   549.54087385762477        31622776.6016837933199889354443271854      
   741.31024130091919        31622776.6016837933199889354443271854      
   1000.0000000000000        31622776.6016837933199889354443271854      
